Published DateTime,Notes,Auction ID,Auction Lot ID,Buy Sell,Volume Required,Qualified IC,Start Time,End Time,Bid Deadline,Default Price,Clearing Price,Best Price,VWA Price,Cleared Volume,Total Bid Volume,IFA1 Volume,BN Volume,NEMO Volume,IFA2 Volume,EL Volume,VKL Volume
2023-01-01T03:51:21,,2023_01_01-03_06,2023_01_01-03_06-1,Sell,3700,BN/NEMO,2023-01-01T07:00:00,2023-01-01T08:00:00,2023-01-01T03:35:00,8.53,-95.35,-26.61,-56.61,3247,4450,,1811,1436,,,
2023-01-01T03:51:21,,2023_01_01-03_06,2023_01_01-03_06-2,Sell,2900,BN/NEMO,2023-01-01T08:00:00,2023-01-01T09:00:00,2023-01-01T03:35:00,36.79,-84,-21.73,-48.12,2900,4168,,1464,1436,,,
2023-01-01T03:51:21,,2023_01_01-03_06,2023_01_01-03_06-3,Sell,1800,BN/NEMO,2023-01-01T09:00:00,2023-01-01T10:00:00,2023-01-01T03:35:00,97.06,-34.33,-13.3,-27.7,1800,5648,,862,938,,,
2023-01-02T21:45:13,,2023_01_02-21_06,2023_01_02-21_06-1,Sell,1200,BN/NEMO/IFA1/IFA2,2023-01-02T23:00:00,2023-01-03T00:00:00,2023-01-02T21:35:00,185,84,92.75,87.88,1200,4398,417,405,180,198,,
2023-01-02T21:45:13,,2023_01_02-21_06,2023_01_02-21_06-2,Sell,1200,BN/NEMO/IFA1/IFA2,2023-01-03T00:00:00,2023-01-03T01:00:00,2023-01-02T21:35:00,170,84,92.75,88.54,1200,4015,350,366,251,233,,
2023-01-02T21:45:13,,2023_01_02-21_06,2023_01_02-21_06-3,Sell,1500,BN/NEMO/IFA1/IFA2,2023-01-03T01:00:00,2023-01-03T02:00:00,2023-01-02T21:35:00,165,82.51,90.93,87.36,1500,4011,441,431,281,347,,
2023-01-02T21:45:13,,2023_01_02-21_06,2023_01_02-21_06-4,Sell,1800,BN/NEMO/IFA1/IFA2,2023-01-03T02:00:00,2023-01-03T03:00:00,2023-01-02T21:35:00,115,82.53,91.89,87.21,1800,4391,558,481,361,400,,
2023-01-02T21:45:13,,2023_01_02-21_06,2023_01_02-21_06-5,Sell,1300,BN/NEMO/IFA1/IFA2,2023-01-03T03:00:00,2023-01-03T04:00:00,2023-01-02T21:35:00,100,81.36,90.03,85.85,1300,3931,408,331,361,200,,
2023-01-02T21:45:13,,2023_01_02-21_06,2023_01_02-21_06-6,Sell,1200,BN/NEMO/IFA1/IFA2,2023-01-03T04:00:00,2023-01-03T05:00:00,2023-01-02T21:35:00,110,90.29,96.57,93.21,1200,3150,200,464,281,255,,
2023-01-02T21:45:13,,2023_01_02-21_06,2023_01_02-21_06-7,Sell,200,BN/NEMO/IFA1/IFA2/EL,2023-01-03T05:00:00,2023-01-03T06:00:00,2023-01-02T21:35:00,130,109.24,113.26,111.33,200,1862,,,100,100,,
2023-01-03T17:35:15,,2023_01_03-16_12,2023_01_03-16_12-1,Sell,400,IFA1/IFA2/BN/NEMO,2023-01-03T20:00:00,2023-01-03T21:00:00,2023-01-03T17:15:00,119.67,105.56,108.13,106.86,400,4005,,298,102,,,
2023-01-03T17:35:15,,2023_01_03-16_12,2023_01_03-16_12-2,Sell,1950,IFA1/IFA2/BN/NEMO,2023-01-03T21:00:00,2023-01-03T22:00:00,2023-01-03T17:15:00,93.79,79,91.82,84.29,1950,5040,426,433,693,398,,
2023-01-03T17:35:15,,2023_01_03-16_12,2023_01_03-16_12-3,Sell,2650,IFA1/IFA2/BN/NEMO,2023-01-03T22:00:00,2023-01-03T23:00:00,2023-01-03T17:15:00,70.9,-58,67,-18.67,2650,3515,229,661,975,785,,
2023-01-03T21:04:06,"Due to French electricity system conditions, NGESO is unable to trade on the interconnectors joining GB and France. For more information, see this link to French margin graph: https://www.services-rte.com/en/view-data-published-by-rte/balancing-capacities.html#:~:text=RTE%20proposes%20on%20this%20web,best%20hypothesis%20at%20our%20disposal",2023_01_03-20_04,2023_01_03-20_04-1,Sell,4000,IFA1/BN/NEMO/IFA2,2023-01-03T23:00:00,2023-01-04T00:00:00,2023-01-03T20:40:00,80,-64,23.72,-23.22,4000,7189,1064,1168,1332,436,,
2023-01-03T21:04:06,"Due to French electricity system conditions, NGESO is unable to trade on the interconnectors joining GB and France. For more information, see this link to French margin graph: https://www.services-rte.com/en/view-data-published-by-rte/balancing-capacities.html#:~:text=RTE%20proposes%20on%20this%20web,best%20hypothesis%20at%20our%20disposal",2023_01_03-20_04,2023_01_03-20_04-2,Sell,4000,IFA1/BN/NEMO/IFA2,2023-01-04T00:00:00,2023-01-04T01:00:00,2023-01-03T20:40:00,70,-66.24,21,-30.97,4000,7197,1064,1299,1201,436,,
2023-01-03T21:04:06,"Due to French electricity system conditions, NGESO is unable to trade on the interconnectors joining GB and France. For more information, see this link to French margin graph: https://www.services-rte.com/en/view-data-published-by-rte/balancing-capacities.html#:~:text=RTE%20proposes%20on%20this%20web,best%20hypothesis%20at%20our%20disposal",2023_01_03-20_04,2023_01_03-20_04-3,Sell,4000,IFA1/BN/NEMO/IFA2,2023-01-04T01:00:00,2023-01-04T02:00:00,2023-01-03T20:40:00,50,-78.94,12,-43.4,3999,7395,887,1309,1190,613,,
2023-01-03T21:04:06,"Due to French electricity system conditions, NGESO is unable to trade on the interconnectors joining GB and France. For more information, see this link to French margin graph: https://www.services-rte.com/en/view-data-published-by-rte/balancing-capacities.html#:~:text=RTE%20proposes%20on%20this%20web,best%20hypothesis%20at%20our%20disposal",2023_01_03-20_04,2023_01_03-20_04-4,Sell,4000,IFA1/BN/NEMO/IFA2,2023-01-04T02:00:00,2023-01-04T03:00:00,2023-01-03T20:40:00,30,-95.95,-25.93,-57.1,4000,6579,1048,1429,1071,452,,
2023-01-03T21:04:06,"Due to French electricity system conditions, NGESO is unable to trade on the interconnectors joining GB and France. For more information, see this link to French margin graph: https://www.services-rte.com/en/view-data-published-by-rte/balancing-capacities.html#:~:text=RTE%20proposes%20on%20this%20web,best%20hypothesis%20at%20our%20disposal",2023_01_03-20_04,2023_01_03-20_04-5,Sell,4000,IFA1/BN/NEMO/IFA2,2023-01-04T03:00:00,2023-01-04T04:00:00,2023-01-03T20:40:00,25,-98,-25.93,-58.07,3999,6371,1052,1379,1120,448,,
2023-01-03T21:04:06,,2023_01_03-20_04,2023_01_03-20_04-6,Sell,4000,IFA1/BN/NEMO/IFA2,2023-01-04T04:00:00,2023-01-04T05:00:00,2023-01-03T20:40:00,30,-95.49,-25.76,-57.56,4000,5961,886,1166,1345,603,,
2023-01-03T21:04:06,,2023_01_03-20_04,2023_01_03-20_04-7,Sell,3100,IFA1/BN/NEMO/IFA2/EL,2023-01-04T05:00:00,2023-01-04T06:00:00,2023-01-03T20:40:00,55,-43.45,37.54,-11.52,3100,6132,550,740,1065,411,334,
2023-01-03T21:04:06,,2023_01_03-20_04,2023_01_03-20_04-8,Sell,2500,IFA1/BN/NEMO/IFA2/EL,2023-01-04T06:00:00,2023-01-04T07:00:00,2023-01-03T20:40:00,105,5.12,66.74,25.11,2500,7615,766,515,350,458,411,
2023-01-03T21:04:06,"Due to French electricity system conditions, NGESO is unable to trade on the interconnectors joining GB and France. For more information, see this link to French margin graph: https://www.services-rte.com/en/view-data-published-by-rte/balancing-capacities.html#:~:text=RTE%20proposes%20on%20this%20web,best%20hypothesis%20at%20our%20disposal",2023_01_03-20_04,2023_01_03-20_04-9,Sell,2700,IFA1/BN/NEMO/IFA2/EL,2023-01-04T07:00:00,2023-01-04T08:00:00,2023-01-03T20:40:00,140,40,93.16,71.74,2700,11365,110,520,280,573,1217,
2023-01-04T20:32:14,,2023_01_04-19_21,2023_01_04-19_21-1,Sell,1850,IFA1/BN/NEMO/IFA2,2023-01-04T23:00:00,2023-01-05T00:00:00,2023-01-04T20:15:00,82.15,-2.33,37.7,13.51,1850,8303,,91,667,1092,,
2023-01-04T20:32:14,,2023_01_04-19_21,2023_01_04-19_21-2,Sell,2150,IFA1/BN/NEMO/IFA2,2023-01-05T00:00:00,2023-01-05T01:00:00,2023-01-04T20:15:00,94.27,-6.55,32.32,7.11,2150,8588,,127,907,1116,,
2023-01-04T20:32:14,,2023_01_04-19_21,2023_01_04-19_21-3,Sell,1600,IFA1/BN/NEMO/IFA2,2023-01-05T01:00:00,2023-01-05T02:00:00,2023-01-04T20:15:00,91.01,-5.08,40.4,13.53,1600,8170,,88,395,1117,,
2023-01-04T20:32:14,,2023_01_04-19_21,2023_01_04-19_21-4,Sell,1550,IFA1/BN/NEMO/IFA2,2023-01-05T02:00:00,2023-01-05T03:00:00,2023-01-04T20:15:00,84.1,-6.6,14.62,0.91,1550,8624,,100,667,783,,
2023-01-04T20:32:14,,2023_01_04-19_21,2023_01_04-19_21-5,Sell,2000,IFA1/BN/NEMO/IFA2,2023-01-05T03:00:00,2023-01-05T04:00:00,2023-01-04T20:15:00,92.84,-7.1,14.24,0.68,2000,8541,,100,939,961,,
2023-01-04T20:32:14,,2023_01_04-19_21,2023_01_04-19_21-6,Sell,2550,IFA1/BN/NEMO/IFA2,2023-01-05T04:00:00,2023-01-05T05:00:00,2023-01-04T20:15:00,104.5,-9.51,37.88,7.95,2550,8516,,453,1000,1097,,
2023-01-04T20:32:14,,2023_01_04-19_21,2023_01_04-19_21-7,Sell,2600,IFA1/BN/NEMO/IFA2/EL,2023-01-05T05:00:00,2023-01-05T06:00:00,2023-01-04T20:15:00,121.55,26.48,70.13,43.64,2600,9244,,233,270,1053,1044,
2023-01-04T20:32:14,,2023_01_04-19_21,2023_01_04-19_21-8,Sell,800,IFA1/BN/NEMO/IFA2/EL,2023-01-05T06:00:00,2023-01-05T07:00:00,2023-01-04T20:15:00,170.3,102.2,118.9,107.75,800,8063,,50,,221,529,
2023-01-04T23:56:37,,2023_01_04-23_21,2023_01_04-23_21-1,Buy,450,BN,2023-01-05T07:00:00,2023-01-05T08:00:00,2023-01-04T23:45:00,110.91,284.82,167.81,235.09,450,2965,,450,,,,
2023-01-05T14:00:14,,2023_01_05-13_20,2023_01_05-13_20-1,Buy,500,IFA2/NEMO/BN,2023-01-05T16:00:00,2023-01-05T17:00:00,2023-01-05T13:50:00,125,165.11,121.02,145.81,500,2719,,,352,148,,
2023-01-05T14:00:14,,2023_01_05-13_20,2023_01_05-13_20-2,Buy,500,IFA2/NEMO/BN,2023-01-05T17:00:00,2023-01-05T18:00:00,2023-01-05T13:50:00,125,168.23,161.62,165.23,500,4211,,50,215,235,,
2023-01-05T17:53:31,,2023_01_05-17_14,2023_01_05-17_14-1,Sell,500,IFA2/BN/NEMO,2023-01-05T21:00:00,2023-01-05T22:00:00,2023-01-05T17:40:00,150,100.26,104,102.29,500,3068,,303,197,,,
2023-01-05T17:53:31,,2023_01_05-17_14,2023_01_05-17_14-2,Sell,800,IFA2/BN/NEMO,2023-01-05T22:00:00,2023-01-05T23:00:00,2023-01-05T17:40:00,120,78.24,86,81.74,800,2370,,271,379,150,,
2023-01-05T22:32:44,,2023_01_05-21_18,2023_01_05-21_18-1,Sell,400,BN/NEMO,2023-01-06T00:00:00,2023-01-06T01:00:00,2023-01-05T22:15:00,100,87.75,91.87,90.7,400,2058,,298,102,,,
2023-01-05T22:32:44,,2023_01_05-21_18,2023_01_05-21_18-2,Sell,400,BN/NEMO,2023-01-06T01:00:00,2023-01-06T02:00:00,2023-01-05T22:15:00,75,84.22,86.72,85.93,400,1852,,283,117,,,
2023-01-05T22:32:44,,2023_01_05-21_18,2023_01_05-21_18-3,Sell,1200,BN/NEMO,2023-01-06T03:00:00,2023-01-06T04:00:00,2023-01-05T22:15:00,75,38.18,63.27,51.41,1200,2189,,799,401,,,
2023-01-05T22:32:44,,2023_01_05-21_18,2023_01_05-21_18-4,Sell,950,BN/NEMO,2023-01-06T04:00:00,2023-01-06T05:00:00,2023-01-05T22:15:00,75,31,70.82,51.44,950,1952,,774,176,,,
2023-01-06T00:12:02,,2023_01_05-23_25,2023_01_05-23_25-1,Sell,700,BN/NEMO/IFA2/EL,2023-01-06T05:00:00,2023-01-06T06:00:00,2023-01-06T00:00:00,100,79.75,83.1,81.12,700,3371,,161,239,53,247,
2023-01-06T00:12:02,,2023_01_05-23_25,2023_01_05-23_25-2,Sell,400,BN/NEMO/IFA2/EL,2023-01-06T06:00:00,2023-01-06T07:00:00,2023-01-06T00:00:00,125,97.34,98.6,98.09,400,4267,,200,2,,198,
2023-01-06T18:23:02,,2023_01_06-17_33,2023_01_06-17_33-1,Sell,400,BN/NEMO/IFA2,2023-01-06T21:00:00,2023-01-06T22:00:00,2023-01-06T18:05:00,150,94.39,97.89,96.17,400,4174,,70,255,75,,
2023-01-06T18:23:02,,2023_01_06-17_33,2023_01_06-17_33-2,Sell,1800,BN/NEMO/IFA2,2023-01-06T22:00:00,2023-01-06T23:00:00,2023-01-06T18:05:00,120,72.87,87.67,78.06,1800,4259,,621,505,674,,
2023-01-06T21:16:56,,2023_01_06-20_02,2023_01_06-20_02-1,Sell,2900,IFA2/BN/NEMO,2023-01-06T23:00:00,2023-01-07T00:00:00,2023-01-06T20:45:00,100,-17.52,64.6,9.49,2900,6383,,774,1198,928,,
2023-01-06T21:16:56,,2023_01_06-20_02,2023_01_06-20_02-2,Sell,3350,IFA2/BN/NEMO,2023-01-07T00:00:00,2023-01-07T01:00:00,2023-01-06T20:45:00,95,-64.49,32.37,-30.75,3350,5348,,1247,1151,952,,
2023-01-06T21:16:56,,2023_01_06-20_02,2023_01_06-20_02-3,Sell,3100,IFA2/BN/NEMO,2023-01-07T01:00:00,2023-01-07T02:00:00,2023-01-06T20:45:00,85,-64.49,34.07,-31.95,3100,5961,,986,1108,1006,,
2023-01-06T21:16:56,,2023_01_06-20_02,2023_01_06-20_02-4,Sell,2900,IFA2/BN/NEMO,2023-01-07T02:00:00,2023-01-07T03:00:00,2023-01-06T20:45:00,75,-72,36.3,-39.06,2708,5706,,799,874,1035,,
2023-01-06T21:16:56,,2023_01_06-20_02,2023_01_06-20_02-5,Sell,2900,IFA2/BN/NEMO,2023-01-07T03:00:00,2023-01-07T04:00:00,2023-01-06T20:45:00,70,-74,3.22,-46.52,2718,5092,,678,1014,1026,,
2023-01-06T21:16:56,,2023_01_06-20_02,2023_01_06-20_02-6,Sell,3100,IFA2/BN/NEMO,2023-01-07T04:00:00,2023-01-07T05:00:00,2023-01-06T20:45:00,70,-74,0,-45.41,2891,5594,,931,1055,905,,
2023-01-06T21:16:56,,2023_01_06-20_02,2023_01_06-20_02-7,Sell,3300,IFA2/BN/NEMO/EL,2023-01-07T05:00:00,2023-01-07T06:00:00,2023-01-06T20:45:00,75,-52.02,52.3,-24.57,3300,5460,,827,637,919,917,
2023-01-06T21:16:56,,2023_01_06-20_02,2023_01_06-20_02-8,Sell,3850,IFA2/BN/NEMO/EL,2023-01-07T06:00:00,2023-01-07T07:00:00,2023-01-06T20:45:00,90,-49.9,64.2,-10.65,3850,5950,,970,885,1019,976,
2023-01-06T21:16:56,,2023_01_06-20_02,2023_01_06-20_02-9,Sell,2800,IFA2/BN/NEMO/EL,2023-01-07T07:00:00,2023-01-07T08:00:00,2023-01-06T20:45:00,90,4,68.9,40.4,2800,6984,,835,230,1071,564,
2023-01-06T21:16:56,,2023_01_06-20_02,2023_01_06-20_02-10,Sell,900,IFA2/BN/NEMO/EL,2023-01-07T08:00:00,2023-01-07T09:00:00,2023-01-06T20:45:00,150,70.62,84.6,77.1,900,6033,,405,,95,400,
2023-01-06T22:49:01,,2023_01_06-22_08,2023_01_06-22_08-1,Sell,900,IFA2/BN/NEMO/EL,2023-01-07T08:00:00,2023-01-07T09:00:00,2022-01-06T22:35:00,150,49.19,69,58.6,900,4786,,300,,400,200,
2023-01-07T00:24:57,,2023_01_06-23_55,2023_01_06-23_55-1,Sell,500,IFA2/BN/NEMO/EL,2023-01-07T07:00:00,2023-01-07T08:00:00,2023-01-07T00:20:00,90,24.06,40.14,32.89,500,3851,,,6,344,150,
2023-01-07T18:03:35,,2023_01_07-17_11,2023_01_07-17_11-1,Sell,1000,IFA1/IFA2/BN/NEMO,2023-01-07T20:00:00,2023-01-07T21:00:00,2023-01-07T17:45:00,90,31.33,41.56,36.64,1000,7174,300,348,152,200,,
2023-01-07T18:03:35,,2023_01_07-17_11,2023_01_07-17_11-2,Sell,1500,IFA1/IFA2/BN/NEMO,2023-01-07T21:00:00,2023-01-07T22:00:00,2023-01-07T17:45:00,80,9.46,27,14.96,1500,5866,302,906,292,,,
2023-01-07T18:03:35,,2023_01_07-17_11,2023_01_07-17_11-3,Sell,2000,IFA1/IFA2/BN/NEMO,2023-01-07T22:00:00,2023-01-07T23:00:00,2023-01-07T17:45:00,70,-5,11,0.94,2000,4716,302,1192,406,100,,
2023-01-07T21:07:12,,2023_01_07-20_10,2023_01_07-20_10-1,Sell,2000,IFA1/IFA2/BN/NEMO,2023-01-07T23:00:00,2023-01-08T00:00:00,2023-01-07T20:50:00,40,-36.97,-10.88,-25.63,2000,5749,307,553,887,253,,
2023-01-07T21:07:12,,2023_01_07-20_10,2023_01_07-20_10-2,Sell,1900,IFA1/IFA2/BN/NEMO,2023-01-08T00:00:00,2023-01-08T01:00:00,2023-01-07T20:50:00,40,-38.84,-16.41,-27.57,1900,5497,353,598,747,202,,
2023-01-07T21:07:12,,2023_01_07-20_10,2023_01_07-20_10-3,Sell,2000,IFA1/IFA2/BN/NEMO,2023-01-08T01:00:00,2023-01-08T02:00:00,2023-01-07T20:50:00,40,-44,-18.02,-29.01,2000,5335,351,631,741,277,,
2023-01-07T21:07:12,,2023_01_07-20_10,2023_01_07-20_10-4,Sell,2000,IFA1/IFA2/BN/NEMO,2023-01-08T02:00:00,2023-01-08T03:00:00,2023-01-07T20:50:00,30,-51.75,-14.25,-37.95,2000,4423,346,555,847,252,,
2023-01-07T21:07:12,,2023_01_07-20_10,2023_01_07-20_10-5,Sell,2400,IFA1/IFA2/BN/NEMO,2023-01-08T03:00:00,2023-01-08T04:00:00,2023-01-07T20:50:00,30,-87.96,-22.11,-61.33,2116,3968,132,828,900,256,,
2023-01-07T21:07:12,,2023_01_07-20_10,2023_01_07-20_10-6,Sell,2250,IFA1/IFA2/BN/NEMO,2023-01-08T04:00:00,2023-01-08T05:00:00,2023-01-07T20:50:00,20,-88.11,-34.71,-62.08,1875,3952,42,746,850,237,,
2023-01-07T21:07:12,,2023_01_07-20_10,2023_01_07-20_10-7,Sell,2000,IFA1/IFA2/BN/NEMO/EL,2023-01-08T05:00:00,2023-01-08T06:00:00,2023-01-07T20:50:00,20,-56.03,-15.46,-38.28,2000,3855,294,455,355,438,458,
2023-01-07T21:07:12,,2023_01_07-20_10,2023_01_07-20_10-8,Sell,3000,IFA1/IFA2/BN/NEMO/EL,2023-01-08T06:00:00,2023-01-08T07:00:00,2023-01-07T20:50:00,40,-67,-14.6,-38.38,3000,4792,648,695,495,469,693,
2023-01-07T21:07:12,,2023_01_07-20_10,2023_01_07-20_10-9,Sell,1000,IFA1/IFA2/BN/NEMO/EL,2023-01-08T07:00:00,2023-01-08T08:00:00,2023-01-07T20:50:00,40,24.52,33.16,28.58,1000,5762,291,528,,181,,
2023-01-08T09:34:28,,2023_01_08-08_57,2023_01_08-08_57-1,Sell,500,IFA1/IFA2/BN/NEMO,2023-01-08T11:00:00,2023-01-08T12:00:00,2023-01-08T09:25:00,100,79.34,82.87,81.78,500,5331,300,,200,,,
2023-01-08T09:34:28,,2023_01_08-08_57,2023_01_08-08_57-2,Sell,500,IFA1/IFA2/BN/NEMO,2023-01-08T12:00:00,2023-01-08T13:00:00,2023-01-08T09:25:00,120,80.52,82.87,81.96,500,5567,224,,276,,,
2023-01-08T18:04:55,,2023_01_08-17_24,2023_01_08-17_24-1,Sell,300,IFA1/IFA2/BN/NEMO,2023-01-08T22:00:00,2023-01-08T23:00:00,2023-01-08T18:00:00,90,84.65,85.17,84.82,300,2503,300,,,,,
2023-01-08T20:43:54,,2023_01_08-19_38,2023_01_08-19_38-1,Sell,1600,IFA1/IFA2/BN/NEMO,2023-01-08T23:00:00,2023-01-09T00:00:00,2023-01-08T20:30:00,90,50.9,70.13,57.58,1600,8203,455,202,565,378,,
2023-01-08T20:43:54,,2023_01_08-19_38,2023_01_08-19_38-2,Sell,1300,IFA1/IFA2/BN/NEMO,2023-01-09T00:00:00,2023-01-09T01:00:00,2023-01-08T20:30:00,85,44.39,60.72,49.24,1300,7862,448,150,452,250,,
2023-01-08T20:43:54,,2023_01_08-19_38,2023_01_08-19_38-3,Sell,900,IFA1/IFA2/BN/NEMO,2023-01-09T01:00:00,2023-01-09T02:00:00,2023-01-08T20:30:00,80,43.79,57.13,47.29,900,7943,300,75,249,276,,
2023-01-08T20:43:54,,2023_01_08-19_38,2023_01_08-19_38-4,Sell,1300,IFA1/IFA2/BN/NEMO,2023-01-09T02:00:00,2023-01-09T03:00:00,2023-01-08T20:30:00,65,23.18,38.87,27.45,1300,8088,351,125,599,225,,
2023-01-08T20:43:54,,2023_01_08-19_38,2023_01_08-19_38-5,Sell,2200,IFA1/IFA2/BN/NEMO,2023-01-09T03:00:00,2023-01-09T04:00:00,2023-01-08T20:30:00,65,11.8,35.83,19.69,2200,8365,731,763,251,455,,
2023-01-08T20:43:54,,2023_01_08-19_38,2023_01_08-19_38-6,Sell,2500,IFA1/IFA2/BN/NEMO,2023-01-09T04:00:00,2023-01-09T05:00:00,2023-01-08T20:30:00,75,16.78,43.21,27.82,2500,7615,925,934,428,213,,
2023-01-08T20:43:54,,2023_01_08-19_38,2023_01_08-19_38-7,Sell,2600,IFA1/IFA2/BN/NEMO/EL,2023-01-09T05:00:00,2023-01-09T06:00:00,2023-01-08T20:30:00,110,47.12,78.99,60.65,2600,7726,785,792,720,202,101,
2023-01-08T20:43:54,,2023_01_08-19_38,2023_01_08-19_38-8,Sell,800,IFA1/IFA2/BN/NEMO/EL,2023-01-09T06:00:00,2023-01-09T07:00:00,2023-01-08T20:30:00,140,130.1,144.68,136.15,800,7602,150,151,50,348,101,
2023-01-09T00:57:59,,2023_01_09-00_20,2023_01_09-00_20-1,Sell,500,IFA1/IFA2/BN/NEMO/EL,2023-01-09T05:00:00,2023-01-09T06:00:00,2023-01-09T00:45:00,110,42,47.62,45.3,500,5006,200,150,,150,,
2023-01-09T00:57:59,,2023_01_09-00_20,2023_01_09-00_20-2,Sell,500,IFA1/IFA2/BN/NEMO/EL,2023-01-09T07:00:00,2023-01-09T08:00:00,2023-01-09T00:45:00,160,121.87,128,124.26,500,6279,,375,,,125,
2023-01-09T20:19:22,,2023_01_09-19_15,2023_01_09-19_15-1,Sell,600,IFA1/BN/NEMO/IFA2,2023-01-09T22:00:00,2023-01-09T23:00:00,2023-01-09T20:05:00,115,92.05,97.25,94.54,600,3619,100,400,,100,,
2023-01-09T20:19:22,,2023_01_09-19_15,2023_01_09-19_15-2,Sell,200,IFA1/BN/NEMO/IFA2,2023-01-09T23:00:00,2023-01-10T00:00:00,2023-01-09T20:05:00,110,94.79,95.53,95.16,200,5110,,100,100,,,
2023-01-09T20:19:22,,2023_01_09-19_15,2023_01_09-19_15-3,Sell,1000,IFA1/BN/NEMO/IFA2,2023-01-10T00:00:00,2023-01-10T01:00:00,2023-01-09T20:05:00,105,79.18,87.77,82.13,1000,8630,100,504,171,225,,
2023-01-09T20:19:22,,2023_01_09-19_15,2023_01_09-19_15-4,Sell,1500,IFA1/BN/NEMO/IFA2,2023-01-10T01:00:00,2023-01-10T02:00:00,2023-01-09T20:05:00,105,77.13,90.24,80.11,1500,9256,200,653,322,325,,
2023-01-09T20:19:22,,2023_01_09-19_15,2023_01_09-19_15-5,Sell,1600,IFA1/BN/NEMO/IFA2,2023-01-10T02:00:00,2023-01-10T03:00:00,2023-01-09T20:05:00,100,73.85,84.04,76.75,1600,9313,300,416,321,563,,
2023-01-09T20:19:22,,2023_01_09-19_15,2023_01_09-19_15-6,Sell,2200,IFA1/BN/NEMO/IFA2,2023-01-10T03:00:00,2023-01-10T04:00:00,2023-01-09T20:05:00,105,73.61,84.19,77.81,2200,9238,600,724,322,554,,
2023-01-09T20:19:22,,2023_01_09-19_15,2023_01_09-19_15-7,Sell,2300,IFA1/BN/NEMO/IFA2,2023-01-10T04:00:00,2023-01-10T05:00:00,2023-01-09T20:05:00,110,77.95,95.27,83.77,2300,9362,698,716,372,514,,
2023-01-09T20:19:22,,2023_01_09-19_15,2023_01_09-19_15-8,Sell,700,IFA1/BN/NEMO/IFA2,2023-01-10T05:00:00,2023-01-10T06:00:00,2023-01-09T20:05:00,140,112.1,117.82,113.96,700,6540,200,380,45,75,,
2023-01-09T23:58:58,,2023_01_09-23_27,2023_01_09-23_27-1,Sell,500,IFA1/BN/NEMO/IFA2/EL,2023-01-10T05:00:00,2023-01-10T06:00:00,2023-01-09T23:50:00,140,121.5,123.85,122.53,500,4087,103,,45,151,201,
2023-01-10T09:48:23,,2023_01_10-08_56,2023_01_10-08_56-1,Buy,300,NEMO/IFA2/EL,2023-01-10T15:00:00,2023-01-10T16:00:00,2023-01-10T09:30:00,105,151,133.26,143.16,300,1742,,,49,127,124,
2023-01-10T19:27:32,,2023_01_10-18_59,2023_01_10-18_59-1,Sell,1000,IFA1/IFA2/BN/NEMO,2023-01-10T21:00:00,2023-01-10T22:00:00,2023-01-10T19:20:00,100,52.17,62.38,56.24,1000,4741,443,405,51,101,,
2023-01-10T19:27:32,,2023_01_10-18_59,2023_01_10-18_59-2,Sell,2000,IFA1/IFA2/BN/NEMO,2023-01-10T22:00:00,2023-01-10T23:00:00,2023-01-10T19:20:00,80,-8.74,25,7.1,2000,4178,506,763,326,405,,
2023-01-10T20:39:23,,2023_01_10-19_39,2023_01_10-19_39-1,Sell,3200,IFA1/IFA2/BN/NEMO,2023-01-10T23:00:00,2023-01-11T00:00:00,2023-01-10T20:20:00,50,-36.22,-18.52,-29.43,3200,7927,1025,624,1061,490,,
2023-01-10T20:39:23,,2023_01_10-19_39,2023_01_10-19_39-2,Sell,2300,IFA1/IFA2/BN/NEMO,2023-01-11T00:00:00,2023-01-11T01:00:00,2023-01-10T20:20:00,50,-29.15,-18,-23.95,2300,8016,820,644,513,323,,
2023-01-10T20:39:23,,2023_01_10-19_39,2023_01_10-19_39-3,Sell,2000,IFA1/IFA2/BN/NEMO,2023-01-11T01:00:00,2023-01-11T02:00:00,2023-01-10T20:20:00,50,-25.7,-10.98,-20.89,2000,8273,693,559,447,301,,
2023-01-10T20:39:23,,2023_01_10-19_39,2023_01_10-19_39-4,Sell,1700,IFA1/IFA2/BN/NEMO,2023-01-11T02:00:00,2023-01-11T03:00:00,2023-01-10T20:20:00,40,-27,-15.74,-21.31,1700,7479,538,555,502,105,,
2023-01-10T20:39:23,,2023_01_10-19_39,2023_01_10-19_39-5,Sell,1700,IFA1/IFA2/BN/NEMO,2023-01-11T03:00:00,2023-01-11T04:00:00,2023-01-10T20:20:00,40,-31.24,-16.28,-24.42,1700,5871,350,681,669,,,
2023-01-10T20:39:23,,2023_01_10-19_39,2023_01_10-19_39-6,Sell,1300,IFA1/IFA2/BN/NEMO,2023-01-11T04:00:00,2023-01-11T05:00:00,2023-01-10T20:20:00,50,-25,-9.42,-16.97,1300,5821,220,347,733,,,
2023-01-11T20:10:31,,2023_01_11-19_14,2023_01_11-19_14-1,Sell,1100,BN/IFA1/IFA2/NEMO,2023-01-11T22:00:00,2023-01-11T23:00:00,2023-01-11T20:00:00,100,34,40.15,36.45,1100,6064,761,52,25,262,,
2023-01-11T21:38:47,,2023_01_11-20_39,2023_01_11-20_39-1,Sell,2700,BN/IFA1/IFA2/NEMO,2023-01-11T23:00:00,2023-01-12T00:00:00,2023-01-11T21:20:00,50,4.33,17.72,9.52,2700,7894,920,701,391,688,,
2023-01-11T21:38:47,,2023_01_11-20_39,2023_01_11-20_39-2,Sell,2800,BN/IFA1/IFA2/NEMO,2023-01-12T00:00:00,2023-01-12T01:00:00,2023-01-11T21:20:00,50,-8.11,4.31,-3.09,2800,8563,850,740,685,525,,
2023-01-11T23:23:52,,2023_01_11-22_13,2023_01_11-22_13-1,Sell,1900,BN/IFA1/IFA2/NEMO,2023-01-12T01:00:00,2023-01-12T02:00:00,2023-01-11T23:00:00,50,0.83,7.71,2.45,1900,8701,530,175,680,515,,
2023-01-11T23:23:52,,2023_01_11-22_13,2023_01_11-22_13-2,Sell,2500,BN/IFA1/IFA2/NEMO,2023-01-12T02:00:00,2023-01-12T03:00:00,2023-01-11T23:00:00,50,-8.68,6.9,-1.5,2500,8999,500,609,1091,300,,
2023-01-11T23:23:52,"Due to French electricity system conditions, NGESO is unable to trade on the interconnectors joining GB and France. For more information, see this link to French margin graph: https://www.services-rte.com/en/view-data-published-by-rte/balancing-capacities.html#:~:text=RTE%20proposes%20on%20this%20web,best%20hypothesis%20at%20our%20disposal",2023_01_11-22_13,2023_01_11-22_13-3,Sell,2800,BN/IFA1/IFA2/NEMO,2023-01-12T03:00:00,2023-01-12T04:00:00,2023-01-11T23:00:00,50,-5,5.17,-0.46,2800,8938,1316,175,415,894,,
2023-01-11T23:23:52,,2023_01_11-22_13,2023_01_11-22_13-4,Sell,1800,BN/IFA1/IFA2/NEMO,2023-01-12T04:00:00,2023-01-12T05:00:00,2023-01-11T23:00:00,50,9,21.56,12.06,1800,7825,600,127,330,743,,
2023-01-12T14:17:23,,2023_01_12-13_29,2023_01_12-13_29-1,Sell,1000,IFA1/BN/NEMO/IFA2/EL,2023-01-12T21:00:00,2023-01-12T22:00:00,2023-01-12T14:00:00,90,51.61,58,53.21,1000,9013,400,,100,,500,
2023-01-12T14:17:23,,2023_01_12-13_29,2023_01_12-13_29-2,Sell,1000,IFA1/BN/NEMO/IFA2/EL,2023-01-12T22:00:00,2023-01-12T23:00:00,2023-01-12T14:00:00,45,25.94,39.88,28.77,1000,9640,292,206,300,,202,
2023-01-12T20:55:30,,2023_01_12-20_02,2023_01_12-20_02-1,Sell,500,IFA1/IFA2/BN/NEMO,2023-01-12T23:00:00,2023-01-13T00:00:00,2023-01-12T20:40:00,25,34.47,37.48,36.32,500,6207,100,303,97,,,
2023-01-12T20:55:30,,2023_01_12-20_02,2023_01_12-20_02-2,Sell,500,IFA1/IFA2/BN/NEMO,2023-01-13T00:00:00,2023-01-13T01:00:00,2023-01-12T20:40:00,15,21.84,24.98,23.37,500,6367,50,275,175,,,
2023-01-12T20:55:30,,2023_01_12-20_02,2023_01_12-20_02-3,Sell,800,IFA1/IFA2/BN/NEMO,2023-01-13T01:00:00,2023-01-13T02:00:00,2023-01-12T20:40:00,15,9.61,13.15,11.14,800,6904,227,221,175,177,,
2023-01-12T20:55:30,,2023_01_12-20_02,2023_01_12-20_02-4,Sell,1500,IFA1/IFA2/BN/NEMO,2023-01-13T02:00:00,2023-01-13T03:00:00,2023-01-12T20:40:00,5,-3.02,2.2,-0.84,1500,6590,335,539,250,376,,
2023-01-12T20:55:30,,2023_01_12-20_02,2023_01_12-20_02-5,Sell,2400,IFA1/IFA2/BN/NEMO,2023-01-13T03:00:00,2023-01-13T04:00:00,2023-01-12T20:40:00,5,-11.88,-0.02,-6.43,2400,6394,283,1053,787,277,,
2023-01-12T20:55:30,,2023_01_12-20_02,2023_01_12-20_02-6,Sell,950,IFA1/IFA2/BN/NEMO,2023-01-13T04:00:00,2023-01-13T05:00:00,2023-01-12T20:40:00,10,15.75,21.4,18.51,950,4648,,275,575,100,,
2023-01-12T20:55:30,,2023_01_12-20_02,2023_01_12-20_02-7,Sell,1200,IFA1/IFA2/BN/NEMO/EL,2023-01-13T05:00:00,2023-01-13T06:00:00,2023-01-12T20:40:00,55,41,46.62,43.89,1200,5385,164,402,407,227,,
2023-01-12T23:03:19,,2023_01_12-23_02,2023_01_12-23_02-1,Sell,500,IFA1/IFA2/BN/NEMO,2023-01-13T01:00:00,2023-01-13T02:00:00,2023-01-12T23:30:00,15,,,,,,,,,,,
2023-01-12T23:03:19,,2023_01_12-23_02,2023_01_12-23_02-2,Sell,500,IFA1/IFA2/BN/NEMO,2023-01-13T02:00:00,2023-01-13T03:00:00,2023-01-12T23:30:00,5,,,,,,,,,,,
2023-01-12T23:03:19,,2023_01_12-23_02,2023_01_12-23_02-3,Sell,900,IFA1/IFA2/BN/NEMO,2023-01-13T03:00:00,2023-01-13T04:00:00,2023-01-12T23:30:00,5,,,,,,,,,,,
2023-01-12T23:03:19,,2023_01_12-23_02,2023_01_12-23_02-4,Sell,900,IFA1/IFA2/BN/NEMO,2023-01-13T04:00:00,2023-01-13T05:00:00,2023-01-12T23:30:00,10,,,,,,,,,,,
2023-01-12T23:03:19,,2023_01_12-23_02,2023_01_12-23_02-5,Sell,500,IFA1/IFA2/BN/NEMO/EL,2023-01-13T05:00:00,2023-01-13T06:00:00,2023-01-12T23:30:00,55,,,,,,,,,,,
2023-01-13T00:58:18,,2023_01_13-00_15,2023_01_13-00_15-1,Sell,4100,IFA1/IFA2/BN/NEMO/EL,2023-01-13T06:00:00,2023-01-13T07:00:00,2023-01-13T00:40:00,100,44.91,64.59,53.13,4100,9803,975,1104,1169,450,402,
2023-01-13T00:58:18,,2023_01_13-00_15,2023_01_13-00_15-2,Sell,2900,IFA1/IFA2/BN/NEMO/EL,2023-01-13T07:00:00,2023-01-13T08:00:00,2023-01-13T00:40:00,135,65.09,88.1,72.55,2900,12923,224,651,669,553,803,
2023-01-13T00:58:18,,2023_01_13-00_15,2023_01_13-00_15-3,Sell,700,IFA1/IFA2/BN/NEMO/EL,2023-01-13T08:00:00,2023-01-13T09:00:00,2023-01-13T00:40:00,165,84.7,93.33,87.5,700,8909,,156,190,354,,
2023-01-14T14:10:16,,2023_01_14-13_21,2023_01_14-13_21-1,Sell,300,IFA1/IFA2/EL/BN/NEMO,2023-01-14T19:00:00,2023-01-14T20:00:00,2023-01-14T13:55:00,150,46.92,55.14,49.65,300,4050,100,200,,,,
2023-01-14T14:10:16,,2023_01_14-13_21,2023_01_14-13_21-2,Sell,300,IFA1/IFA2/EL/BN/NEMO,2023-01-14T20:00:00,2023-01-14T21:00:00,2023-01-14T13:55:00,75,36.4,39.11,37.21,300,4003,200,100,,,,
2023-01-14T14:10:16,,2023_01_14-13_21,2023_01_14-13_21-3,Sell,500,IFA1/IFA2/EL/BN/NEMO,2023-01-14T21:00:00,2023-01-14T22:00:00,2023-01-14T13:55:00,60,36.26,39.1,38.23,500,4763,200,75,200,25,,
2023-01-14T14:10:16,,2023_01_14-13_21,2023_01_14-13_21-4,Sell,600,IFA1/IFA2/EL/BN/NEMO,2023-01-14T22:00:00,2023-01-14T23:00:00,2023-01-14T13:55:00,50,26.06,30,27.36,600,4905,122,278,200,,,
2023-01-14T18:08:26,,2023_01_14-17_19,2023_01_14-17_19-1,Sell,600,IFA1/IFA2/BN/NEMO,2023-01-14T20:00:00,2023-01-14T21:00:00,2023-01-14T17:50:00,75,25.93,32.57,29.02,600,4252,46,404,,150,,
2023-01-14T18:08:26,,2023_01_14-17_19,2023_01_14-17_19-2,Sell,500,IFA1/IFA2/BN/NEMO,2023-01-14T21:00:00,2023-01-14T22:00:00,2023-01-14T17:50:00,60,31.71,35.48,33.31,500,4811,250,148,102,,,
2023-01-14T18:08:26,,2023_01_14-17_19,2023_01_14-17_19-3,Sell,1800,IFA1/IFA2/BN/NEMO,2023-01-14T22:00:00,2023-01-14T23:00:00,2023-01-14T17:50:00,50,11.74,25,16.21,1800,4496,477,475,409,439,,
2023-01-14T20:31:01,,2023_01_14-19_07,2023_01_14-19_07-1,Sell,1300,IFA1/BN/NEMO/IFA2,2023-01-14T23:00:00,2023-01-15T00:00:00,2023-01-14T20:00:00,40,-1.13,21,6.59,1300,7870,175,354,525,246,,
2023-01-14T20:31:01,"Due to French electricity system conditions, NGESO is unable to trade on the interconnectors joining GB and France. For more information, see this link to French margin graph: https://www.services-rte.com/en/view-data-published-by-rte/balancing-capacities.html#:~:text=RTE%20proposes%20on%20this%20web,best%20hypothesis%20at%20our%20disposal",2023_01_14-19_07,2023_01_14-19_07-2,Sell,2300,IFA1/BN/NEMO/IFA2,2023-01-15T00:00:00,2023-01-15T01:00:00,2023-01-14T20:00:00,35,-14.35,8.62,-4.62,2300,8629,155,829,1171,145,,
2023-01-14T20:31:01,"Due to French electricity system conditions, NGESO is unable to trade on the interconnectors joining GB and France. For more information, see this link to French margin graph: https://www.services-rte.com/en/view-data-published-by-rte/balancing-capacities.html#:~:text=RTE%20proposes%20on%20this%20web,best%20hypothesis%20at%20our%20disposal",2023_01_14-19_07,2023_01_14-19_07-3,Sell,2100,IFA1/BN/NEMO/IFA2,2023-01-15T01:00:00,2023-01-15T02:00:00,2023-01-14T20:00:00,30,-13.83,1.68,-7.1,2100,7857,100,829,1071,100,,
2023-01-14T20:31:01,"Due to French electricity system conditions, NGESO is unable to trade on the interconnectors joining GB and France. For more information, see this link to French margin graph: https://www.services-rte.com/en/view-data-published-by-rte/balancing-capacities.html#:~:text=RTE%20proposes%20on%20this%20web,best%20hypothesis%20at%20our%20disposal",2023_01_14-19_07,2023_01_14-19_07-4,Sell,3000,IFA1/BN/NEMO/IFA2,2023-01-15T02:00:00,2023-01-15T03:00:00,2023-01-14T20:00:00,25,-58,0,-27.35,2903,8495,100,1427,1376,,,
2023-01-14T20:31:01,"Due to French electricity system conditions, NGESO is unable to trade on the interconnectors joining GB and France. For more information, see this link to French margin graph: https://www.services-rte.com/en/view-data-published-by-rte/balancing-capacities.html#:~:text=RTE%20proposes%20on%20this%20web,best%20hypothesis%20at%20our%20disposal",2023_01_14-19_07,2023_01_14-19_07-5,Sell,3500,IFA1/BN/NEMO/IFA2,2023-01-15T03:00:00,2023-01-15T04:00:00,2023-01-14T20:00:00,20,-59,-5.88,-29.73,3497,7996,356,1421,1376,344,,
2023-01-14T20:31:01,"Due to French electricity system conditions, NGESO is unable to trade on the interconnectors joining GB and France. For more information, see this link to French margin graph: https://www.services-rte.com/en/view-data-published-by-rte/balancing-capacities.html#:~:text=RTE%20proposes%20on%20this%20web,best%20hypothesis%20at%20our%20disposal",2023_01_14-19_07,2023_01_14-19_07-6,Sell,4100,IFA1/BN/NEMO/IFA2,2023-01-15T04:00:00,2023-01-15T05:00:00,2023-01-14T20:00:00,20,-62,-6,-35.26,3379,6780,300,1334,1445,300,,
2023-01-14T20:31:01,"Due to French electricity system conditions, NGESO is unable to trade on the interconnectors joining GB and France. For more information, see this link to French margin graph: https://www.services-rte.com/en/view-data-published-by-rte/balancing-capacities.html#:~:text=RTE%20proposes%20on%20this%20web,best%20hypothesis%20at%20our%20disposal",2023_01_14-19_07,2023_01_14-19_07-7,Sell,3850,IFA1/BN/NEMO/IFA2/EL,2023-01-15T05:00:00,2023-01-15T06:00:00,2023-01-14T20:00:00,20,-58,0,-27.08,3563,7783,354,1104,1459,276,370,
2023-01-14T20:31:01,,2023_01_14-19_07,2023_01_14-19_07-8,Sell,3400,IFA1/BN/NEMO/IFA2/EL,2023-01-15T06:00:00,2023-01-15T07:00:00,2023-01-14T20:00:00,30,-48,0,-20.04,3400,8091,594,451,1548,402,405,
2023-01-14T20:31:01,"Due to French electricity system conditions, NGESO is unable to trade on the interconnectors joining GB and France. For more information, see this link to French margin graph: https://www.services-rte.com/en/view-data-published-by-rte/balancing-capacities.html#:~:text=RTE%20proposes%20on%20this%20web,best%20hypothesis%20at%20our%20disposal",2023_01_14-19_07,2023_01_14-19_07-9,Sell,4200,IFA1/BN/NEMO/IFA2/EL,2023-01-15T07:00:00,2023-01-15T08:00:00,2023-01-14T20:00:00,40,-28.88,4.33,-11.54,4200,12971,805,1011,1489,795,100,
2023-01-14T22:32:27,"Due to French electricity system conditions, NGESO is unable to trade on the interconnectors joining GB and France. For more information, see this link to French margin graph: https://www.services-rte.com/en/view-data-published-by-rte/balancing-capacities.html#:~:text=RTE%20proposes%20on%20this%20web,best%20hypothesis%20at%20our%20disposal",2023_01_14-21_29,2023_01_14-21_29-1,Sell,4000,IFA1/BN/NEMO/IFA2/EL,2023-01-15T08:00:00,2023-01-15T09:00:00,2023-01-14T22:15:00,60,-13,19,-1.78,4000,16545,76,1329,1671,371,553,
2023-01-14T22:32:27,"Due to French electricity system conditions, NGESO is unable to trade on the interconnectors joining GB and France. For more information, see this link to French margin graph: https://www.services-rte.com/en/view-data-published-by-rte/balancing-capacities.html#:~:text=RTE%20proposes%20on%20this%20web,best%20hypothesis%20at%20our%20disposal",2023_01_14-21_29,2023_01_14-21_29-2,Sell,2900,IFA1/BN/NEMO/IFA2/EL,2023-01-15T09:00:00,2023-01-15T10:00:00,2023-01-14T22:15:00,125,-4.32,23,5.04,2900,16045,,1079,1421,49,351,
2023-01-14T22:32:27,,2023_01_14-21_29,2023_01_14-21_29-3,Sell,1000,IFA1/BN/NEMO/IFA2/EL,2023-01-15T10:00:00,2023-01-15T11:00:00,2023-01-14T22:15:00,165,17.73,30,21.72,1000,12135,72,252,,325,351,
2023-01-15T08:47:16,"Due to French electricity system conditions, NGESO is unable to trade on the interconnectors joining GB and France. For more information, see this link to French margin graph: https://www.services-rte.com/en/view-data-published-by-rte/balancing-capacities.html#:~:text=RTE%20proposes%20on%20this%20web,best%20hypothesis%20at%20our%20disposal",2023_01_15-08_13,2023_01_15-08_13-1,Sell,500,IFA1/IFA2/BN/NEMO,2023-01-15T11:00:00,2023-01-15T12:00:00,2023-01-15T08:40:00,150,17.18,19.53,17.95,500,5322,400,100,,,,
2023-01-15T08:47:16,,2023_01_15-08_13,2023_01_15-08_13-2,Sell,200,IFA1/IFA2/BN/NEMO,2023-01-15T12:00:00,2023-01-15T13:00:00,2023-01-15T08:40:00,150,14.42,14.92,14.69,200,3117,200,,,,,
2023-01-15T22:11:37,,2023_01_15-21_16,2023_01_15-21_16-1,Buy,500,IFA1/IFA2/EL/BN/NEMO,2023-01-16T05:00:00,2023-01-16T06:00:00,2023-01-15T22:00:00,120,165,149.52,157.28,500,2136,,110,265,,125,
2023-01-15T22:11:37,,2023_01_15-21_16,2023_01_15-21_16-2,Buy,750,IFA1/IFA2/EL/BN/NEMO,2023-01-16T06:00:00,2023-01-16T07:00:00,2023-01-15T22:00:00,140,186.86,169.08,178.72,750,2158,362,98,,149,141,
2023-01-15T22:11:37,,2023_01_15-21_16,2023_01_15-21_16-3,Buy,1050,IFA1/IFA2/EL/BN/NEMO,2023-01-16T07:00:00,2023-01-16T08:00:00,2023-01-15T22:00:00,140,204.29,185,195.35,1050,3257,329,103,105,289,224,
2023-01-15T22:11:37,,2023_01_15-21_16,2023_01_15-21_16-4,Buy,200,IFA1/IFA2/EL/BN/NEMO,2023-01-16T09:00:00,2023-01-16T10:00:00,2023-01-15T22:00:00,140,215.79,201.55,209.76,200,1390,90,50,60,,,
2023-01-16T21:49:45,,2023_01_16-20_47,2023_01_16-20_47-1,Buy,1000,IFA1/IFA2/BN/NEMO/EL,2023-01-17T07:00:00,2023-01-17T08:00:00,2023-01-16T21:20:00,160,249.83,205,236.47,1000,6943,179,175,147,301,198,
2023-01-16T21:49:45,,2023_01_16-20_47,2023_01_16-20_47-2,Buy,1000,IFA1/IFA2/BN/NEMO/EL,2023-01-17T08:00:00,2023-01-17T09:00:00,2023-01-16T21:20:00,160,272.03,206,223.71,1000,6128,255,315,190,175,65,
2023-01-17T15:44:30,,2023_01_17-14_55,2023_01_17-14_55-1,Buy,320,IFA1/IFA2/NEMO/EL,2023-01-17T19:00:00,2023-01-17T20:00:00,2023-01-17T15:30:00,140,180.12,176.69,178.42,320,5560,220,,,,100,
2023-01-17T15:44:30,,2023_01_17-14_55,2023_01_17-14_55-2,Buy,320,IFA1/IFA2/NEMO/EL,2023-01-17T20:00:00,2023-01-17T21:00:00,2023-01-17T15:30:00,120,164,162.05,163.2,320,8082,172,,,,148,
2023-01-17T21:05:07,,2023_01_17-20_12,2023_01_17-20_12-1,Buy,627,IFA1/BN/NEMO/IFA2,2023-01-18T04:00:00,2023-01-18T05:00:00,2023-01-17T20:50:00,100,134,127.88,130.48,627,5254,369,133,75,50,,
2023-01-17T21:05:07,,2023_01_17-20_12,2023_01_17-20_12-2,Buy,1627,IFA1/BN/NEMO/IFA2/EL,2023-01-18T05:00:00,2023-01-18T06:00:00,2023-01-17T20:50:00,115,158.43,142,153.35,1627,9131,586,517,,225,299,
2023-01-17T21:05:07,,2023_01_17-20_12,2023_01_17-20_12-3,Buy,1627,IFA1/BN/NEMO/IFA2/EL,2023-01-18T06:00:00,2023-01-18T07:00:00,2023-01-17T20:50:00,130,171.26,160.9,166,1627,9548,269,789,225,200,144,
2023-01-17T21:05:07,,2023_01_17-20_12,2023_01_17-20_12-4,Buy,1000,IFA1/BN/NEMO/EL,2023-01-18T07:00:00,2023-01-18T08:00:00,2023-01-17T20:50:00,135,179.99,169.69,174.08,1000,9061,,1000,,,,
2023-01-18T00:08:34,,2023_01_17-23_07,2023_01_17-23_07-1,Buy,600,IFA1/BN/NEMO/EL,2023-01-18T07:00:00,2023-01-18T08:00:00,2023-01-17T23:35:00,135,188.21,179.86,182.98,600,5447,,600,,,,
2023-01-18T11:58:19,,2023_01_18-10_54,2023_01_18-10_54-1,Buy,750,IFA1/BN/NEMO/IFA2,2023-01-18T15:00:00,2023-01-18T16:00:00,2023-01-18T11:30:00,120,164.7,134.89,157.15,750,6268,340,300,100,10,,
2023-01-18T11:58:19,,2023_01_18-10_54,2023_01_18-10_54-2,Buy,750,IFA1/BN/NEMO/IFA2/EL,2023-01-18T16:00:00,2023-01-18T17:00:00,2023-01-18T11:30:00,120,174,150.35,164.73,750,6809,275,350,,100,25,
2023-01-18T11:58:19,,2023_01_18-10_54,2023_01_18-10_54-3,Buy,750,IFA1/NEMO/IFA2/EL,2023-01-18T17:00:00,2023-01-18T18:00:00,2023-01-18T11:30:00,120,185,174,180.59,750,6360,500,,,100,150,
2023-01-18T11:58:19,,2023_01_18-10_54,2023_01_18-10_54-4,Buy,750,IFA1/NEMO/IFA2/EL,2023-01-18T18:00:00,2023-01-18T19:00:00,2023-01-18T11:30:00,120,185.86,175.43,182.02,750,6340,250,,175,125,200,
2023-01-18T11:58:19,,2023_01_18-10_54,2023_01_18-10_54-5,Buy,750,IFA1/NEMO/IFA2/EL,2023-01-18T19:00:00,2023-01-18T20:00:00,2023-01-18T11:30:00,120,167.99,157.71,164.88,750,6640,200,,125,123,302,
2023-01-18T13:23:05,,2023_01_18-12_24,2023_01_18-12_24-1,Buy,660,IFA1/BN/NEMO/IFA2,2023-01-18T15:00:00,2023-01-18T16:00:00,2023-01-18T13:00:00,120,170,154,166.86,660,3673,610,,,50,,
2023-01-18T13:23:05,,2023_01_18-12_24,2023_01_18-12_24-2,Buy,660,IFA1/BN/NEMO/IFA2,2023-01-18T16:00:00,2023-01-18T17:00:00,2023-01-18T13:00:00,120,179.1,160.1,176.43,660,4200,412,,150,98,,
2023-01-18T13:23:05,,2023_01_18-12_24,2023_01_18-12_24-3,Buy,660,IFA1/NEMO/IFA2,2023-01-18T17:00:00,2023-01-18T18:00:00,2023-01-18T13:00:00,120,200.43,185,192.06,660,4387,437,,,223,,
2023-01-18T13:23:05,,2023_01_18-12_24,2023_01_18-12_24-4,Buy,660,IFA1/NEMO/IFA2,2023-01-18T18:00:00,2023-01-18T19:00:00,2023-01-18T13:00:00,120,204.12,185,195.34,660,4353,437,,,223,,
2023-01-18T13:23:05,,2023_01_18-12_24,2023_01_18-12_24-5,Buy,660,IFA1/NEMO/IFA2/EL,2023-01-18T19:00:00,2023-01-18T20:00:00,2023-01-18T13:00:00,120,174.82,164.9,172.36,660,7189,511,,,,149,
2023-01-18T22:09:40,,2023_01_18-21_02,2023_01_18-21_02-1,Buy,400,IFA1/IFA2/NEMO/EL,2023-01-19T05:00:00,2023-01-19T06:00:00,2023-01-18T21:45:00,130,0,0,0,0,4451,,,,,,
2023-01-18T22:09:40,,2023_01_18-21_02,2023_01_18-21_02-2,Buy,550,IFA1/IFA2/NEMO/EL,2023-01-19T06:00:00,2023-01-19T07:00:00,2023-01-18T21:45:00,145,0,0,0,0,4914,,,,,,
2023-01-18T22:09:40,,2023_01_18-21_02,2023_01_18-21_02-3,Buy,950,IFA1/IFA2/NEMO/EL,2023-01-19T07:00:00,2023-01-19T08:00:00,2023-01-18T21:45:00,150,203.07,192.31,198.31,200,5891,,,100,,100,
2023-01-18T22:09:40,,2023_01_18-21_02,2023_01_18-21_02-4,Buy,850,IFA1/IFA2/NEMO/EL,2023-01-19T08:00:00,2023-01-19T09:00:00,2023-01-18T21:45:00,155,207.66,200.4,202.22,100,5315,,,75,,25,
2023-01-18T22:09:40,,2023_01_18-21_02,2023_01_18-21_02-5,Buy,600,IFA1/IFA2/NEMO/EL,2023-01-19T09:00:00,2023-01-19T10:00:00,2023-01-18T21:45:00,155,0,0,0,0,4897,,,,,,
2023-01-18T22:09:40,,2023_01_18-21_02,2023_01_18-21_02-6,Buy,700,IFA1/IFA2/NEMO/EL,2023-01-19T10:00:00,2023-01-19T11:00:00,2023-01-18T21:45:00,150,0,0,0,0,4774,,,,,,
2023-01-18T22:09:40,,2023_01_18-21_02,2023_01_18-21_02-7,Buy,500,IFA1/IFA2/NEMO/EL,2023-01-19T11:00:00,2023-01-19T12:00:00,2023-01-18T21:45:00,140,0,0,0,0,5035,,,,,,
2023-01-18T22:09:40,,2023_01_18-21_02,2023_01_18-21_02-8,Buy,550,IFA1/IFA2/NEMO/EL,2023-01-19T12:00:00,2023-01-19T13:00:00,2023-01-18T21:45:00,125,0,0,0,0,4916,,,,,,
2023-01-19T10:51:25,,2023_01_19-09_52,2023_01_19-09_52-1,Buy,150,NEMO,2023-01-19T13:00:00,2023-01-19T14:00:00,2023-01-19T10:20:00,120,313.2,220.78,277.32,150,171,,,150,,,
2023-01-19T10:51:25,,2023_01_19-09_52,2023_01_19-09_52-2,Buy,250,NEMO,2023-01-19T14:00:00,2023-01-19T15:00:00,2023-01-19T10:20:00,125,313.2,190,266.8,233,233,,,233,,,
2023-01-19T10:51:25,,2023_01_19-09_52,2023_01_19-09_52-3,Buy,300,NEMO,2023-01-19T15:00:00,2023-01-19T16:00:00,2023-01-19T10:20:00,140,255.85,195,231.75,300,797,,,300,,,
2023-01-19T10:51:25,,2023_01_19-09_52,2023_01_19-09_52-4,Buy,300,BN/NEMO,2023-01-19T16:00:00,2023-01-19T17:00:00,2023-01-19T10:20:00,160,248.51,221.45,241.09,300,2056,,225,75,,,
2023-01-19T21:21:42,,2023_01_19-21_20,2023_01_19-21_20-1,Buy,700,IFA1/IFA2/EL/BN,2023-01-20T07:00:00,2023-01-20T08:00:00,2023-01-19T21:50:00,170,,,,,,,,,,,
2023-01-19T21:21:42,,2023_01_19-21_20,2023_01_19-21_20-2,Buy,400,IFA1/IFA2/EL/BN,2023-01-20T08:00:00,2023-01-20T09:00:00,2023-01-19T21:50:00,170,,,,,,,,,,,
2023-01-19T21:21:42,,2023_01_19-21_20,2023_01_19-21_20-3,Buy,400,IFA1/IFA2/EL,2023-01-20T09:00:00,2023-01-20T10:00:00,2023-01-19T21:50:00,170,,,,,,,,,,,
2023-01-19T21:21:42,,2023_01_19-21_20,2023_01_19-21_20-4,Buy,1000,IFA1/IFA2/EL,2023-01-20T10:00:00,2023-01-20T11:00:00,2023-01-19T21:50:00,150,,,,,,,,,,,
2023-01-19T21:21:42,,2023_01_19-21_20,2023_01_19-21_20-5,Buy,1000,IFA1/IFA2/EL,2023-01-20T11:00:00,2023-01-20T12:00:00,2023-01-19T21:50:00,140,,,,,,,,,,,
2023-01-19T22:03:47,,2023_01_19-21_26,2023_01_19-21_26-1,Buy,400,IFA1/IFA2/EL/BN,2023-01-20T07:00:00,2023-01-20T08:00:00,2023-01-19T21:50:00,170,220.12,212.49,216.88,400,7401,100,300,,,,
2023-01-19T22:03:47,,2023_01_19-21_26,2023_01_19-21_26-2,Buy,100,IFA1/IFA2/EL/BN,2023-01-20T08:00:00,2023-01-20T09:00:00,2023-01-19T21:50:00,170,210.88,210.69,210.79,100,5733,,50,,,50,
2023-01-19T22:03:47,,2023_01_19-21_26,2023_01_19-21_26-3,Buy,100,IFA1/IFA2/EL,2023-01-20T09:00:00,2023-01-20T10:00:00,2023-01-19T21:50:00,170,194.05,194.05,194.05,100,4405,,,,,100,
2023-01-19T22:03:47,,2023_01_19-21_26,2023_01_19-21_26-4,Buy,700,IFA1/IFA2/EL,2023-01-20T10:00:00,2023-01-20T11:00:00,2023-01-19T21:50:00,150,194.05,188.79,191.12,700,5374,200,,,7,493,
2023-01-19T22:03:47,,2023_01_19-21_26,2023_01_19-21_26-5,Buy,700,IFA1/IFA2/EL,2023-01-20T11:00:00,2023-01-20T12:00:00,2023-01-19T21:50:00,140,190.59,183.62,186.87,700,6063,138,,,,562,
2023-01-20T11:30:19,,2023_01_20-10_24,2023_01_20-10_24-1,Buy,500,IFA1/BN/NEMO/IFA2,2023-01-20T13:00:00,2023-01-20T14:00:00,2023-01-20T11:00:00,130,189.71,185.24,187.78,380,2185,33,5,183,159,,
2023-01-20T11:30:19,,2023_01_20-10_24,2023_01_20-10_24-2,Buy,1500,IFA1/BN/NEMO/IFA2,2023-01-20T14:00:00,2023-01-20T15:00:00,2023-01-20T11:00:00,135,202.76,193.29,198.14,950,2420,149,154,310,337,,
2023-01-20T11:30:19,,2023_01_20-10_24,2023_01_20-10_24-3,Buy,1900,IFA1/BN/NEMO/IFA2,2023-01-20T15:00:00,2023-01-20T16:00:00,2023-01-20T11:00:00,140,207.33,198.96,203.42,1350,7465,839,149,162,200,,
2023-01-20T11:30:19,,2023_01_20-10_24,2023_01_20-10_24-4,Buy,900,IFA1/BN/NEMO/IFA2/EL,2023-01-20T16:00:00,2023-01-20T17:00:00,2023-01-20T11:00:00,155,216.56,214.09,215.66,350,6196,78,50,68,55,99,
2023-01-20T15:44:44,"Due to French electricity system conditions, NGESO is unable to trade on the interconnectors joining GB and France. For more information, see this link to French margin graph: https://www.services-rte.com/en/view-data-published-by-rte/balancing-capacities.html#:~:text=RTE%20proposes%20on%20this%20web,best%20hypothesis%20at%20our%20disposal",2023_01_20-15_06,2023_01_20-15_06-1,Buy,500,IFA1/IFA2/EL,2023-01-20T18:00:00,2023-01-20T19:00:00,2023-01-20T15:30:00,155,197.4,189.83,194.02,500,955,248,,,252,,
2023-01-20T15:44:44,"Due to French electricity system conditions, NGESO is unable to trade on the interconnectors joining GB and France. For more information, see this link to French margin graph: https://www.services-rte.com/en/view-data-published-by-rte/balancing-capacities.html#:~:text=RTE%20proposes%20on%20this%20web,best%20hypothesis%20at%20our%20disposal",2023_01_20-15_06,2023_01_20-15_06-2,Buy,500,IFA1/IFA2/EL,2023-01-20T19:00:00,2023-01-20T20:00:00,2023-01-20T15:30:00,145,174.14,168.6,172.09,500,4792,278,,,,222,
2023-01-20T15:44:44,,2023_01_20-15_06,2023_01_20-15_06-3,Buy,200,IFA1/NEMO/IFA2/EL,2023-01-20T20:00:00,2023-01-20T21:00:00,2023-01-20T15:30:00,125,157.33,156.42,156.8,200,3131,50,,51,,99,
2023-01-21T22:10:19,,2023_01_21-21_18,2023_01_21-21_18-1,Buy,300,IFA1/IFA2/EL/NEMO,2023-01-22T09:00:00,2023-01-22T10:00:00,2023-01-21T22:00:00,140,173.8,160.66,167.45,300,1591,127,,100,73,,
2023-01-22T22:52:23,,2023_01_22-22_11,2023_01_22-22_11-1,Buy,400,BN/NEMO,2023-01-23T07:00:00,2023-01-23T08:00:00,2023-01-22T22:40:00,174.54,258.47,246.02,251.44,400,3320,,350,50,,,
2023-01-22T22:52:23,,2023_01_22-22_11,2023_01_22-22_11-2,Buy,350,BN,2023-01-23T08:00:00,2023-01-23T09:00:00,2023-01-22T22:40:00,179.41,262.46,257.5,260.39,350,2245,,350,,,,
2023-01-23T09:52:39,"Due to French electricity system conditions, NGESO is unable to trade on the interconnectors joining GB and France. For more information, see this link to French margin graph: https://www.services-rte.com/en/view-data-published-by-rte/balancing-capacities.html#:~:text=RTE%20proposes%20on%20this%20web,best%20hypothesis%20at%20our%20disposal",2023_01_23-09_11,2023_01_23-09_11-1,Buy,800,IFA1/NEMO/IFA2/EL,2023-01-23T15:00:00,2023-01-23T16:00:00,2023-01-23T09:40:00,170,265.46,214.5,227.23,800,5327,174,,300,178,148,
2023-01-23T12:28:15,,2023_01_23-11_59,2023_01_23-11_59-1,Buy,300,NEMO,2023-01-23T14:00:00,2023-01-23T15:00:00,2023-01-23T12:20:00,170,322.63,225.78,282.73,300,445,,,300,,,
2023-01-23T22:44:59,,2023_01_23-21_31,2023_01_23-21_31-1,Buy,1300,BN/NEMO,2023-01-24T05:00:00,2023-01-24T06:00:00,2023-01-23T22:20:00,120,290,175.6,201.37,1300,3694,,950,350,,,
2023-01-23T22:44:59,"Due to French electricity system conditions, NGESO is unable to trade on the interconnectors joining GB and France. For more information, see this link to French margin graph: https://www.services-rte.com/en/view-data-published-by-rte/balancing-capacities.html#:~:text=RTE%20proposes%20on%20this%20web,best%20hypothesis%20at%20our%20disposal",2023_01_23-21_31,2023_01_23-21_31-2,Buy,1200,BN/NEMO/IFA2/EL,2023-01-24T06:00:00,2023-01-24T07:00:00,2023-01-23T22:20:00,150,213.2,178,199.03,1200,6167,,400,400,200,200,
2023-01-23T22:44:59,"Due to French electricity system conditions, NGESO is unable to trade on the interconnectors joining GB and France. For more information, see this link to French margin graph: https://www.services-rte.com/en/view-data-published-by-rte/balancing-capacities.html#:~:text=RTE%20proposes%20on%20this%20web,best%20hypothesis%20at%20our%20disposal",2023_01_23-21_31,2023_01_23-21_31-3,Buy,1150,IFA1/BN/NEMO/IFA2/EL,2023-01-24T07:00:00,2023-01-24T08:00:00,2023-01-23T22:20:00,170,247.06,214,233.63,1150,7780,20,350,300,282,198,
2023-01-23T22:44:59,,2023_01_23-21_31,2023_01_23-21_31-4,Buy,800,IFA1/BN/IFA2/EL,2023-01-24T08:00:00,2023-01-24T09:00:00,2023-01-23T22:20:00,180,234.38,214,229.81,800,5476,,,,379,421,
2023-01-23T22:44:59,,2023_01_23-21_31,2023_01_23-21_31-5,Buy,300,IFA1/IFA2/EL,2023-01-24T09:00:00,2023-01-24T10:00:00,2023-01-23T22:20:00,170,218.27,202,212.11,300,2688,,,,150,150,
2023-01-23T22:44:59,,2023_01_23-21_31,2023_01_23-21_31-6,Buy,1100,IFA1/IFA2/EL,2023-01-24T10:00:00,2023-01-24T11:00:00,2023-01-23T22:20:00,165,290,199,231.54,1100,3671,100,,,481,519,
2023-01-23T22:44:59,"Due to French electricity system conditions, NGESO is unable to trade on the interconnectors joining GB and France. For more information, see this link to French margin graph: https://www.services-rte.com/en/view-data-published-by-rte/balancing-capacities.html#:~:text=RTE%20proposes%20on%20this%20web,best%20hypothesis%20at%20our%20disposal",2023_01_23-21_31,2023_01_23-21_31-7,Buy,1050,IFA1/BN/IFA2/EL,2023-01-24T11:00:00,2023-01-24T12:00:00,2023-01-23T22:20:00,155,208.43,185,200.97,1050,5648,57,50,,720,223,
2023-01-23T22:44:59,"Due to French electricity system conditions, NGESO is unable to trade on the interconnectors joining GB and France. For more information, see this link to French margin graph: https://www.services-rte.com/en/view-data-published-by-rte/balancing-capacities.html#:~:text=RTE%20proposes%20on%20this%20web,best%20hypothesis%20at%20our%20disposal",2023_01_23-21_31,2023_01_23-21_31-8,Buy,1000,IFA1/IFA2/EL,2023-01-24T12:00:00,2023-01-24T13:00:00,2023-01-23T22:20:00,150,200.37,174,190.26,1000,5134,95,,,657,248,
2023-01-24T11:21:02,,2023_01_24-10_16,2023_01_24-10_16-1,Buy,1250,IFA1/BN/NEMO/IFA2,2023-01-24T13:00:00,2023-01-24T14:00:00,2023-01-24T11:00:00,170,204.08,188.63,196.4,1250,1815,391,69,436,354,,
2023-01-24T11:21:02,,2023_01_24-10_16,2023_01_24-10_16-2,Buy,750,IFA1/BN/NEMO/IFA2,2023-01-24T14:00:00,2023-01-24T15:00:00,2023-01-24T11:00:00,170,204.22,189.32,197.52,750,1861,364,123,148,115,,
2023-01-24T11:21:02,,2023_01_24-10_16,2023_01_24-10_16-3,Buy,600,IFA1/BN/NEMO/IFA2,2023-01-24T15:00:00,2023-01-24T16:00:00,2023-01-24T11:00:00,170,203.33,194.55,200.31,600,7043,310,20,120,150,,
2023-01-24T11:21:02,,2023_01_24-10_16,2023_01_24-10_16-4,Buy,600,NEMO,2023-01-24T16:00:00,2023-01-24T17:00:00,2023-01-24T11:00:00,200,294.44,211.46,241.5,590,590,,,590,,,
2023-01-24T17:21:13,,2023_01_24-16_45,2023_01_24-16_45-1,Buy,500,IFA1/IFA2,2023-01-24T19:00:00,2023-01-24T20:00:00,2023-01-24T17:15:00,170,207,197.19,200.67,500,807,197,,,303,,
2023-01-25T00:27:36,"Due to French electricity system conditions, NGESO is unable to trade on the interconnectors joining GB and France.",2023_01_24-23_15,2023_01_24-23_15-1,Buy,500,IFA1/IFA2/BN/NEMO/EL,2023-01-25T05:00:00,2023-01-25T06:00:00,2023-01-25T00:00:00,110,171.83,164.72,167.82,500,5259,,500,,,,
2023-01-25T00:27:36,"Due to French electricity system conditions, NGESO is unable to trade on the interconnectors joining GB and France.",2023_01_24-23_15,2023_01_24-23_15-2,Buy,200,IFA1/IFA2/BN/NEMO/EL,2023-01-25T06:00:00,2023-01-25T07:00:00,2023-01-25T00:00:00,120,197.25,195.51,196.81,200,3723,,185,15,,,
2023-01-25T00:27:36,"Due to French electricity system conditions, NGESO is unable to trade on the interconnectors joining GB and France.",2023_01_24-23_15,2023_01_24-23_15-3,Buy,2400,BN/NEMO/EL,2023-01-25T07:00:00,2023-01-25T08:00:00,2023-01-25T00:00:00,150,253.44,216.94,233.92,2400,9295,,1800,600,,,
2023-01-25T00:27:36,"Due to French electricity system conditions, NGESO is unable to trade on the interconnectors joining GB and France.",2023_01_24-23_15,2023_01_24-23_15-4,Buy,3050,BN/NEMO/EL,2023-01-25T08:00:00,2023-01-25T09:00:00,2023-01-25T00:00:00,170,419.1,223.98,268.26,3050,6466,,1400,650,,1000,
2023-01-25T00:27:36,"Due to French electricity system conditions, NGESO is unable to trade on the interconnectors joining GB and France.",2023_01_24-23_15,2023_01_24-23_15-5,Buy,1950,BN/NEMO/EL,2023-01-25T09:00:00,2023-01-25T10:00:00,2023-01-25T00:00:00,160,382.97,222.1,253.7,1950,4592,,650,300,,1000,
2023-01-25T00:27:36,,2023_01_24-23_15,2023_01_24-23_15-6,Buy,1500,BN/NEMO/EL,2023-01-25T10:00:00,2023-01-25T11:00:00,2023-01-25T00:00:00,150,231.82,209.4,220.27,1500,4684,,650,,,850,
2023-01-25T00:27:36,,2023_01_24-23_15,2023_01_24-23_15-7,Buy,1700,BN/NEMO/EL,2023-01-25T11:00:00,2023-01-25T12:00:00,2023-01-25T00:00:00,140,232.01,203.95,218.96,1699,3949,,500,210,,989,
2023-01-25T00:27:36,,2023_01_24-23_15,2023_01_24-23_15-8,Buy,900,BN/NEMO/EL,2023-01-25T12:00:00,2023-01-25T13:00:00,2023-01-25T00:00:00,140,206,199,203.07,900,3944,,210,,,690,
2023-01-25T11:22:09,Auction Cancelled,2023_01_25-11_02,2023_01_25-11_02-1,Buy,1400,IFA2/BN/NEMO,2023-01-25T13:00:00,2023-01-25T14:00:00,2023-01-25T11:25:00,130,,,,0,,,,,,,
2023-01-25T11:22:09,Auction Cancelled,2023_01_25-11_02,2023_01_25-11_02-2,Buy,1400,IFA2/BN/NEMO,2023-01-25T14:00:00,2023-01-25T15:00:00,2023-01-25T11:25:00,130,,,,0,,,,,,,
2023-01-25T11:22:09,Auction Cancelled,2023_01_25-11_02,2023_01_25-11_02-3,Buy,1500,IFA1/IFA2/BN/NEMO,2023-01-25T15:00:00,2023-01-25T16:00:00,2023-01-25T11:25:00,135,,,,0,,,,,,,
2023-01-25T11:22:09,Auction Cancelled,2023_01_25-11_02,2023_01_25-11_02-4,Buy,3100,IFA1/IFA2/BN/NEMO/EL,2023-01-25T16:00:00,2023-01-25T17:00:00,2023-01-25T11:25:00,145,,,,0,,,,,,,
2023-01-25T13:41:33,,2023_01_25-12_55,2023_01_25-12_55-1,Buy,1000,IFA1/IFA2/BN/NEMO,2023-01-25T15:00:00,2023-01-25T16:00:00,2023-01-25T13:25:00,135,258.66,232.9,246.57,1000,5404,386,399,108,107,,
2023-01-25T13:41:33,"Due to French electricity system conditions, NGESO is unable to trade on the interconnectors joining GB and France. For more information, see this link to French margin graph: https://www.services-rte.com/en/view-data-published-by-rte/balancing-capacities.html#:~:text=RTE%20proposes%20on%20this%20web,best%20hypothesis%20at%20our%20disposal",2023_01_25-12_55,2023_01_25-12_55-2,Buy,2000,IFA1/IFA2/BN/NEMO,2023-01-25T16:00:00,2023-01-25T17:00:00,2023-01-25T13:25:00,145,335.35,244.9,288.73,2000,5573,730,604,396,270,,
2023-01-25T15:40:58,"Due to French electricity system conditions, NGESO is unable to trade on the interconnectors joining GB and France.",2023_01_25-14_59,2023_01_25-14_59-1,Buy,1800,IFA1/IFA2/BN/NEMO,2023-01-25T17:00:00,2023-01-25T18:00:00,2023-01-25T15:20:00,150,3444,317.24,873.92,1800,5214,350,221,1079,150,,
2023-01-25T15:40:58,"Due to French electricity system conditions, NGESO is unable to trade on the interconnectors joining GB and France.",2023_01_25-14_59,2023_01_25-14_59-2,Buy,1800,IFA1/IFA2/NEMO,2023-01-25T18:00:00,2023-01-25T19:00:00,2023-01-25T15:20:00,140,2444,308.41,639.33,1800,4780,705,,800,295,,
2023-01-25T15:40:58,"Due to French electricity system conditions, NGESO is unable to trade on the interconnectors joining GB and France.",2023_01_25-14_59,2023_01_25-14_59-3,Buy,1800,IFA1/IFA2/NEMO/EL,2023-01-25T19:00:00,2023-01-25T20:00:00,2023-01-25T15:20:00,130,2444,258.52,666.04,1800,9215,355,,800,50,595,
2023-01-25T15:40:58,,2023_01_25-14_59,2023_01_25-14_59-4,Buy,500,IFA1/IFA2/NEMO/EL,2023-01-25T20:00:00,2023-01-25T21:00:00,2023-01-25T15:20:00,125,222.16,204.7,216.51,500,5905,168,,,40,292,
2023-01-27T11:58:42,,2023_01_27-11_23,2023_01_27-11_23-1,Buy,350,BN/NEMO/IFA2,2023-01-27T15:00:00,2023-01-27T16:00:00,2023-01-27T11:45:00,140,161.82,157.42,159.78,350,3611,,150,,200,,
2023-01-27T11:58:42,,2023_01_27-11_23,2023_01_27-11_23-2,Buy,500,NEMO/IFA2/EL,2023-01-27T16:00:00,2023-01-27T17:00:00,2023-01-27T11:45:00,150,175.67,169.73,173.44,500,4481,,,,400,100,
2023-01-27T11:58:42,,2023_01_27-11_23,2023_01_27-11_23-3,Buy,300,NEMO/IFA2/EL,2023-01-27T17:00:00,2023-01-27T18:00:00,2023-01-27T11:45:00,160,175.89,166.22,169.2,300,2984,,,30,270,,
2023-01-28T19:45:57,,2023_01_28-19_08,2023_01_28-19_08-1,Sell,1000,IFA1/BN/NEMO/IFA2/EL,2023-01-28T23:00:00,2023-01-29T00:00:00,2023-01-28T19:35:00,185,135.21,139.7,137.79,1000,7372,530,,,133,337,
2023-01-28T21:36:34,,2023_01_28-21_05,2023_01_28-21_05-1,Sell,500,IFA1/BN/NEMO/IFA2,2023-01-28T23:00:00,2023-01-29T00:00:00,2023-01-28T21:30:00,185,142.63,146.24,144.26,500,3539,225,,100,175,,
2023-01-29T23:51:47,,2023_01_29-22_35,2023_01_29-22_35-1,Sell,500,BN/NEMO,2023-01-30T04:00:00,2023-01-30T05:00:00,2023-01-29T23:30:00,75,55.77,71.21,61.53,500,1483,,204,296,,,
2023-01-29T23:51:47,,2023_01_29-22_35,2023_01_29-22_35-2,Sell,500,BN/NEMO/IFA1,2023-01-30T05:00:00,2023-01-30T06:00:00,2023-01-29T23:30:00,125,90.16,106.87,95.61,500,3811,101,225,174,,,
2023-01-29T23:51:47,,2023_01_29-22_35,2023_01_29-22_35-3,Buy,700,BN/NEMO/IFA1/IFA2/EL,2023-01-30T07:00:00,2023-01-30T08:00:00,2023-01-29T23:30:00,100,183,174.72,179.54,700,5377,,50,500,50,100,
2023-01-29T23:51:47,,2023_01_29-22_35,2023_01_29-22_35-4,Buy,500,IFA1/IFA2/EL,2023-01-30T08:00:00,2023-01-30T09:00:00,2023-01-29T23:30:00,125,190.85,184.77,188.56,500,3605,338,,,125,37,
2023-01-30T12:03:04,,2023_01_30-11_24,2023_01_30-11_24-1,Buy,300,NEMO,2023-01-30T16:00:00,2023-01-30T17:00:00,2023-01-30T11:50:00,130,0,0,0,0,369,,,,,,
2023-01-31T01:03:16,,2023_01_31-00_08,2023_01_31-00_08-1,Buy,800,NEMO,2023-01-31T05:00:00,2023-01-31T06:00:00,2023-01-31T01:00:00,83.61,0,0,0,0,5097,,,,,,
2023-01-31T01:03:16,,2023_01_31-00_08,2023_01_31-00_08-2,Buy,800,NEMO,2023-01-31T06:00:00,2023-01-31T07:00:00,2023-01-31T01:00:00,109.68,0,0,0,0,5117,,,,,,
2023-01-31T01:03:16,,2023_01_31-00_08,2023_01_31-00_08-3,Buy,800,NEMO,2023-01-31T07:00:00,2023-01-31T08:00:00,2023-01-31T01:00:00,121,0,0,0,0,5102,,,,,,
2023-01-31T01:03:16,,2023_01_31-00_08,2023_01_31-00_08-4,Buy,700,NEMO,2023-01-31T08:00:00,2023-01-31T09:00:00,2023-01-31T01:00:00,126.5,0,0,0,0,3741,,,,,,
2023-01-31T15:39:51,,2023_01_31-14_55,2023_01_31-14_55-1,Buy,800,BN/NEMO,2023-01-31T17:00:00,2023-01-31T18:00:00,2023-01-31T15:20:00,130,228.57,180.13,197.58,791,912,,25,766,,,
2023-01-31T15:39:51,,2023_01_31-14_55,2023_01_31-14_55-2,Buy,200,NEMO,2023-01-31T18:00:00,2023-01-31T19:00:00,2023-01-31T15:20:00,130,188.2,179.23,185.94,200,782,,,200,,,
2023-01-31T22:02:25,,2023_01_31-21_11,2023_01_31-21_11-1,Sell,500,BN/NEMO,2023-02-01T03:00:00,2023-02-01T04:00:00,2023-01-31T21:40:00,80,51.97,62.94,56.09,500,2301,,200,300,,,
2023-01-31T22:02:25,,2023_01_31-21_11,2023_01_31-21_11-2,Sell,300,BN/NEMO,2023-02-01T04:00:00,2023-02-01T05:00:00,2023-01-31T21:40:00,85,63.94,66.51,65.62,300,2011,,200,100,,,
2023-01-31T22:02:25,,2023_01_31-21_11,2023_01_31-21_11-3,Buy,1000,IFA1/NEMO/IFA2/EL,2023-02-01T07:00:00,2023-02-01T08:00:00,2023-01-31T21:40:00,120,177.46,165,172.18,1000,6540,264,,,297,439,
2023-01-31T22:02:25,,2023_01_31-21_11,2023_01_31-21_11-4,Buy,500,IFA1/NEMO/IFA2/EL,2023-02-01T08:00:00,2023-02-01T09:00:00,2023-01-31T21:40:00,125,172,157.13,168.97,500,4808,114,,,135,251,
2023-02-01T20:57:57,,2023_02_01-19_28,2023_02_01-19_28-1,Sell,1000,IFA1/IFA2/BN/NEMO,2023-02-01T23:00:00,2023-02-02T00:00:00,2023-02-01T20:30:00,125,98.67,115.7,107.06,1000,7030,801,,,199,,
2023-02-01T20:57:57,,2023_02_01-19_28,2023_02_01-19_28-2,Sell,700,IFA1/IFA2/BN/NEMO,2023-02-02T00:00:00,2023-02-02T01:00:00,2023-02-01T20:30:00,124,99.16,107.25,103.17,700,6602,550,,,150,,
2023-02-01T20:57:57,,2023_02_01-19_28,2023_02_01-19_28-3,Sell,800,IFA1/IFA2/BN/NEMO,2023-02-02T01:00:00,2023-02-02T02:00:00,2023-02-01T20:30:00,125,97.52,110.71,104.38,800,6947,602,,,198,,
2023-02-01T20:57:57,,2023_02_01-19_28,2023_02_01-19_28-4,Sell,1300,IFA1/IFA2/BN/NEMO,2023-02-02T02:00:00,2023-02-02T03:00:00,2023-02-01T20:30:00,115,76.27,96.71,86.63,1300,6850,625,,,675,,
2023-02-01T20:57:57,,2023_02_01-19_28,2023_02_01-19_28-5,Sell,1300,IFA1/IFA2/BN/NEMO,2023-02-02T03:00:00,2023-02-02T04:00:00,2023-02-01T20:30:00,110,74.29,93.29,82.29,1300,6308,565,60,250,425,,
2023-02-01T20:57:57,,2023_02_01-19_28,2023_02_01-19_28-6,Sell,1300,IFA1/IFA2/BN/NEMO,2023-02-02T04:00:00,2023-02-02T05:00:00,2023-02-01T20:30:00,120,74.91,90.51,83.97,1300,5815,264,150,315,571,,
2023-02-01T20:57:57,,2023_02_01-19_28,2023_02_01-19_28-7,Sell,1300,IFA1/IFA2/EL/BN/NEMO,2023-02-02T05:00:00,2023-02-02T06:00:00,2023-02-01T20:30:00,135,94.86,111.49,103.38,1300,5676,370,,100,429,401,
2023-02-02T11:43:51,,2023_02_02-10_00,2023_02_02-10_00-1,Buy,900,IFA1/IFA2/BN/NEMO,2023-02-02T14:00:00,2023-02-02T15:00:00,2023-02-02T10:45:00,150,141.25,137.43,139.4,900,3871,125,172,324,279,,
2023-02-02T11:43:51,,2023_02_02-10_00,2023_02_02-10_00-2,Buy,600,IFA1/IFA2/BN/NEMO,2023-02-02T15:00:00,2023-02-02T16:00:00,2023-02-02T10:45:00,150,143.55,140.24,141.97,600,7866,100,224,176,100,,
2023-02-02T11:43:51,,2023_02_02-10_00,2023_02_02-10_00-3,Buy,1200,IFA1/IFA2/EL/BN/NEMO,2023-02-02T16:00:00,2023-02-02T17:00:00,2023-02-02T10:45:00,175,162.59,157.54,160.74,1200,10478,250,50,375,250,275,
2023-02-02T11:43:51,,2023_02_02-10_00,2023_02_02-10_00-4,Buy,1750,IFA1/IFA2/EL/BN/NEMO,2023-02-02T17:00:00,2023-02-02T18:00:00,2023-02-02T10:45:00,185,177,165,173.83,1750,12350,673,195,199,112,571,
2023-02-02T11:43:51,,2023_02_02-10_00,2023_02_02-10_00-5,Buy,1300,IFA1/IFA2/EL/BN/NEMO,2023-02-02T18:00:00,2023-02-02T19:00:00,2023-02-02T10:45:00,175,171.34,158,169.04,1300,11638,474,,150,74,602,
2023-02-02T11:43:51,,2023_02_02-10_00,2023_02_02-10_00-6,Buy,1200,IFA1/IFA2/EL/BN/NEMO,2023-02-02T19:00:00,2023-02-02T20:00:00,2023-02-02T10:45:00,175,164.68,146.84,162.4,1200,11292,299,,150,49,702,
2023-02-02T11:43:51,,2023_02_02-10_00,2023_02_02-10_00-7,Buy,400,IFA1/IFA2/EL/BN/NEMO,2023-02-02T20:00:00,2023-02-02T21:00:00,2023-02-02T10:45:00,150,142.15,136.64,141.23,400,8348,25,,74,,301,
2023-02-03T19:50:40,,2023_02_03-19_00,2023_02_03-19_00-1,Sell,900,IFA1/IFA2/BN/NEMO/EL,2023-02-03T23:00:00,2023-02-04T00:00:00,2023-02-03T19:40:00,160,107.89,122.2,115.26,900,9062,140,175,30,525,30,
2023-02-03T19:50:40,,2023_02_03-19_00,2023_02_03-19_00-2,Sell,1200,IFA1/IFA2/BN/NEMO/EL,2023-02-04T00:00:00,2023-02-04T01:00:00,2023-02-03T19:40:00,160,100.52,120.6,110.19,1200,9743,295,300,60,500,45,
2023-02-03T19:50:40,,2023_02_03-19_00,2023_02_03-19_00-3,Sell,1700,IFA1/IFA2/BN/NEMO/EL,2023-02-04T01:00:00,2023-02-04T02:00:00,2023-02-03T19:40:00,160,93.1,112.57,101.03,1700,9812,190,450,425,500,135,
2023-02-03T19:50:40,,2023_02_03-19_00,2023_02_03-19_00-4,Sell,1800,IFA1/IFA2/BN/NEMO/EL,2023-02-04T02:00:00,2023-02-04T03:00:00,2023-02-03T19:40:00,150,84.3,97.41,87.93,1800,9662,340,325,705,400,30,
2023-02-03T19:50:40,,2023_02_03-19_00,2023_02_03-19_00-5,Sell,2000,IFA1/IFA2/BN/NEMO/EL,2023-02-04T03:00:00,2023-02-04T04:00:00,2023-02-03T19:40:00,150,84.07,99.21,88.51,2000,9652,245,655,780,290,30,
2023-02-03T19:50:40,,2023_02_03-19_00,2023_02_03-19_00-6,Sell,1600,IFA1/IFA2/BN/NEMO/EL,2023-02-04T04:00:00,2023-02-04T05:00:00,2023-02-03T19:40:00,150,87.96,103.89,92.57,1600,9485,215,490,540,325,30,
2023-02-03T19:50:40,,2023_02_03-19_00,2023_02_03-19_00-7,Sell,1500,IFA1/IFA2/BN/NEMO/EL,2023-02-04T05:00:00,2023-02-04T06:00:00,2023-02-03T19:40:00,150,100.14,113.9,105.08,1500,8905,150,670,25,625,30,
2023-02-03T19:50:40,,2023_02_03-19_00,2023_02_03-19_00-8,Sell,900,IFA1/IFA2/BN/NEMO/EL,2023-02-04T06:00:00,2023-02-04T07:00:00,2023-02-03T19:40:00,160,112.59,124.18,115.87,900,8276,320,75,50,425,30,
2023-02-04T14:14:49,,2023_02_04-13_26,2023_02_04-13_26-1,Buy,1500,IFA1/IFA2/BN/NEMO,2023-02-04T16:00:00,2023-02-04T17:00:00,2023-02-04T14:00:00,130,172.78,157.92,167.31,1500,2302,545,400,224,331,,
2023-02-04T14:14:49,,2023_02_04-13_26,2023_02_04-13_26-2,Buy,500,IFA1/IFA2/BN,2023-02-04T17:00:00,2023-02-04T18:00:00,2023-02-04T14:00:00,150,187,168.92,176.69,500,658,197,191,,112,,
2023-02-04T14:14:49,,2023_02_04-13_26,2023_02_04-13_26-3,Buy,500,IFA1/IFA2/BN,2023-02-04T18:00:00,2023-02-04T19:00:00,2023-02-04T14:00:00,140,184.1,169.83,175.6,500,767,325,130,,45,,
2023-02-04T21:06:39,,2023_02_04-20_21,2023_02_04-20_21-1,Sell,500,IFA1/IFA2/BN/NEMO,2023-02-04T23:00:00,2023-02-05T00:00:00,2023-02-04T20:55:00,165,117.37,127.29,121.78,500,6753,226,,150,124,,
2023-02-04T21:06:39,,2023_02_04-20_21,2023_02_04-20_21-2,Sell,900,IFA1/IFA2/BN/NEMO,2023-02-05T00:00:00,2023-02-05T01:00:00,2023-02-04T20:55:00,165,113.44,121.95,117.87,900,7686,423,125,150,202,,
2023-02-04T21:06:39,,2023_02_04-20_21,2023_02_04-20_21-3,Sell,800,IFA1/IFA2/BN/NEMO,2023-02-05T01:00:00,2023-02-05T02:00:00,2023-02-04T20:55:00,155,110.64,121.23,113.82,800,7621,325,125,150,200,,
2023-02-04T21:06:39,,2023_02_04-20_21,2023_02_04-20_21-4,Sell,1100,IFA1/IFA2/BN/NEMO,2023-02-05T02:00:00,2023-02-05T03:00:00,2023-02-04T20:55:00,145,103.76,110.63,106.3,1100,7771,625,176,190,109,,
2023-02-04T21:06:39,,2023_02_04-20_21,2023_02_04-20_21-5,Sell,800,IFA1/IFA2/BN/NEMO,2023-02-05T03:00:00,2023-02-05T04:00:00,2023-02-04T20:55:00,135,95.09,104,98.27,800,7315,450,307,15,28,,
2023-02-04T21:06:39,,2023_02_04-20_21,2023_02_04-20_21-6,Sell,500,IFA1/IFA2/BN/NEMO,2023-02-05T04:00:00,2023-02-05T05:00:00,2023-02-04T20:55:00,135,90.7,93.28,92.04,500,6382,260,125,,115,,
2023-02-04T21:06:39,,2023_02_04-20_21,2023_02_04-20_21-7,Sell,700,IFA1/IFA2/BN/NEMO/EL,2023-02-05T05:00:00,2023-02-05T06:00:00,2023-02-04T20:55:00,135,89.95,93.93,91.95,700,6921,560,,,140,,
2023-02-04T21:06:39,,2023_02_04-20_21,2023_02_04-20_21-8,Sell,800,IFA1/IFA2/BN/NEMO/EL,2023-02-05T06:00:00,2023-02-05T07:00:00,2023-02-04T20:55:00,145,92.27,97.19,94.1,800,7359,660,,,140,,
2023-02-04T21:06:39,,2023_02_04-20_21,2023_02_04-20_21-9,Sell,400,IFA1/IFA2/BN/NEMO/EL,2023-02-05T07:00:00,2023-02-05T08:00:00,2023-02-04T20:55:00,150,99.16,102.31,100.76,400,5482,225,,15,160,,
2023-02-05T00:37:50,,2023_02_04-23_52,2023_02_04-23_52-1,Sell,500,IFA1/IFA2/BN/NEMO,2023-02-05T02:00:00,2023-02-05T03:00:00,2023-02-05T00:25:00,145,85.94,88.75,87.45,500,4870,380,100,,20,,
2023-02-05T00:37:50,,2023_02_04-23_52,2023_02_04-23_52-2,Sell,500,IFA1/IFA2/BN/NEMO,2023-02-05T03:00:00,2023-02-05T04:00:00,2023-02-05T00:25:00,135,83,87,85.07,500,5544,294,186,,20,,
2023-02-05T00:37:50,,2023_02_04-23_52,2023_02_04-23_52-3,Sell,500,IFA1/IFA2/BN/NEMO,2023-02-05T04:00:00,2023-02-05T05:00:00,2023-02-05T00:25:00,135,85.11,87.68,85.9,500,5687,380,100,,20,,
2023-02-05T00:37:50,,2023_02_04-23_52,2023_02_04-23_52-4,Sell,800,IFA1/IFA2/BN/NEMO/EL,2023-02-05T05:00:00,2023-02-05T06:00:00,2023-02-05T00:25:00,135,83,87.16,85.16,800,6711,421,115,60,204,,
2023-02-05T00:37:50,,2023_02_04-23_52,2023_02_04-23_52-5,Sell,700,IFA1/IFA2/BN/NEMO/EL,2023-02-05T06:00:00,2023-02-05T07:00:00,2023-02-05T00:25:00,145,86.61,91.98,88.65,700,6866,315,120,60,205,,
2023-02-05T00:37:50,,2023_02_04-23_52,2023_02_04-23_52-6,Sell,400,IFA1/IFA2/BN/NEMO/EL,2023-02-05T07:00:00,2023-02-05T08:00:00,2023-02-05T00:25:00,150,94.37,97.31,96.22,400,5760,310,,45,45,,
2023-02-05T22:51:12,,2023_02_05-21_10,2023_02_05-21_10-1,Buy,400,IFA1/IFA2/BN/NEMO,2023-02-06T02:00:00,2023-02-06T03:00:00,2023-02-05T22:00:00,110,146,129.68,139.34,400,694,181,,189,30,,
2023-02-05T22:51:12,"Due to French electricity system conditions, NGESO is unable to trade on the interconnectors joining GB and France.",2023_02_05-21_10,2023_02_05-21_10-2,Buy,400,IFA1/IFA2/BN/NEMO,2023-02-06T03:00:00,2023-02-06T04:00:00,2023-02-05T22:00:00,110,166.5,132,146.15,310,1044,,62,248,,,
2023-02-05T22:51:12,,2023_02_05-21_10,2023_02_05-21_10-3,Buy,1000,IFA1/IFA2/BN/NEMO,2023-02-06T04:00:00,2023-02-06T05:00:00,2023-02-05T22:00:00,110,146.73,134.32,142.39,1000,2219,505,50,396,49,,
2023-02-05T22:51:12,,2023_02_05-21_10,2023_02_05-21_10-4,Buy,1500,IFA1/IFA2/BN/NEMO/EL,2023-02-06T05:00:00,2023-02-06T06:00:00,2023-02-05T22:00:00,130,178.53,165.17,174.35,1500,5537,783,175,310,133,99,
2023-02-05T22:51:12,,2023_02_05-21_10,2023_02_05-21_10-5,Buy,785,IFA1/IFA2/BN/NEMO/EL,2023-02-06T06:00:00,2023-02-06T07:00:00,2023-02-05T22:00:00,150,195,184.48,191.56,785,6032,463,,23,200,99,
2023-02-05T22:51:12,,2023_02_05-21_10,2023_02_05-21_10-6,Buy,1985,IFA1/IFA2/BN/NEMO/EL,2023-02-06T07:00:00,2023-02-06T08:00:00,2023-02-05T22:00:00,160,217.78,202,211.4,1985,8173,803,80,304,568,230,
2023-02-05T22:51:12,,2023_02_05-21_10,2023_02_05-21_10-7,Buy,1085,IFA1/IFA2/BN/NEMO/EL,2023-02-06T08:00:00,2023-02-06T09:00:00,2023-02-05T22:00:00,160,198,187.46,194.23,1085,6551,449,50,93,194,299,
2023-02-05T22:51:12,,2023_02_05-21_10,2023_02_05-21_10-8,Buy,485,IFA1/IFA2/BN/NEMO/EL,2023-02-06T09:00:00,2023-02-06T10:00:00,2023-02-05T22:00:00,150,182.87,177.68,180.15,485,6156,208,,30,148,99,
2023-02-05T23:51:37,"Due to French electricity system conditions, NGESO is unable to trade on the interconnectors joining GB and France. For more information, see this link to French margin graph: https://www.services-rte.com/en/view-data-published-by-rte/balancing-capacities.html#:~:text=RTE%20proposes%20on%20this%20web,best%20hypothesis%20at%20our%20disposal",2023_02_05-23_06,2023_02_05-23_06-1,Buy,715,IFA1/IFA2/BN/NEMO/EL,2023-02-06T06:00:00,2023-02-06T07:00:00,2023-02-05T23:40:00,150,195,191.07,192.92,715,6147,125,270,195,,125,
2023-02-05T23:51:37,,2023_02_05-23_06,2023_02_05-23_06-2,Buy,715,IFA1/IFA2/BN/NEMO/EL,2023-02-06T07:00:00,2023-02-06T08:00:00,2023-02-05T23:40:00,160,211.43,207.72,209.59,715,7319,330,50,130,56,149,
2023-02-05T23:51:37,,2023_02_05-23_06,2023_02_05-23_06-3,Buy,715,IFA1/IFA2/BN/NEMO/EL,2023-02-06T08:00:00,2023-02-06T09:00:00,2023-02-05T23:40:00,160,198.79,191.66,195.4,715,7296,120,188,160,198,49,
2023-02-05T23:51:37,,2023_02_05-23_06,2023_02_05-23_06-4,Buy,715,IFA1/IFA2/BN/NEMO/EL,2023-02-06T09:00:00,2023-02-06T10:00:00,2023-02-05T23:40:00,150,185,181,183.17,715,6595,50,,248,248,169,
2023-02-06T05:59:56,,2023_02_06-05_04,2023_02_06-05_04-1,Buy,1600,IFA1/IFA2/BN/NEMO/EL,2023-02-06T10:00:00,2023-02-06T11:00:00,2023-02-06T05:40:00,130,181,159,175.55,1600,2595,398,50,427,399,326,
2023-02-06T05:59:56,,2023_02_06-05_04,2023_02_06-05_04-2,Buy,700,IFA1/IFA2/BN/NEMO/EL,2023-02-06T11:00:00,2023-02-06T12:00:00,2023-02-06T05:40:00,120,164.48,155.11,159.85,700,4469,350,,250,50,50,
2023-02-06T21:41:06,,2023_02_06-20_19,2023_02_06-20_19-1,Buy,200,BN/NEMO,2023-02-06T23:00:00,2023-02-07T00:00:00,2023-02-06T21:20:00,100,141,136.1,138.17,200,1546,,125,75,,,
2023-02-06T21:41:06,,2023_02_06-20_19,2023_02_06-20_19-2,Buy,500,BN/NEMO,2023-02-07T00:00:00,2023-02-07T01:00:00,2023-02-06T21:20:00,100,198,133.76,175.3,500,1566,,500,,,,
2023-02-06T21:41:06,,2023_02_06-20_19,2023_02_06-20_19-3,Buy,600,BN/NEMO,2023-02-07T01:00:00,2023-02-07T02:00:00,2023-02-06T21:20:00,100,165.23,133.2,151.51,600,1560,,546,54,,,
2023-02-06T21:41:06,,2023_02_06-20_19,2023_02_06-20_19-4,Buy,0,BN/NEMO,2023-02-07T02:00:00,2023-02-07T03:00:00,2023-02-06T21:20:00,100,0,0,0,0,1332,,,,,,
2023-02-06T21:41:06,,2023_02_06-20_19,2023_02_06-20_19-5,Buy,0,BN/NEMO,2023-02-07T03:00:00,2023-02-07T04:00:00,2023-02-06T21:20:00,100,0,0,0,0,1442,,,,,,
2023-02-06T21:41:06,,2023_02_06-20_19,2023_02_06-20_19-6,Buy,100,BN/NEMO,2023-02-07T04:00:00,2023-02-07T05:00:00,2023-02-06T21:20:00,100,140.1,136.53,137.83,100,1719,,100,,,,
2023-02-06T21:41:06,,2023_02_06-20_19,2023_02_06-20_19-7,Buy,500,BN/NEMO,2023-02-07T05:00:00,2023-02-07T06:00:00,2023-02-06T21:20:00,125,174.57,164.28,170.58,500,3408,,500,,,,
2023-02-06T23:53:29,,2023_02_06-22_28,2023_02_06-22_28-1,Buy,1850,BN/NEMO,2023-02-07T06:00:00,2023-02-07T07:00:00,2023-02-06T23:30:00,150,243.91,196.63,212.55,1806,6072,,806,1000,,,
2023-02-06T23:53:29,,2023_02_06-22_28,2023_02_06-22_28-2,Buy,300,BN/NEMO,2023-02-07T07:00:00,2023-02-07T08:00:00,2023-02-06T23:30:00,175,237.48,225.94,231.25,300,1290,,,300,,,
2023-02-07T17:33:56,,2023_02_07-16_45,2023_02_07-16_45-1,Buy,800,IFA1/IFA2/BN/NEMO,2023-02-07T20:00:00,2023-02-07T21:00:00,2023-02-07T17:15:00,140,207,184.04,196.26,800,1148,453,2,150,195,,
2023-02-07T17:33:56,,2023_02_07-16_45,2023_02_07-16_45-2,Buy,800,IFA1/IFA2/BN/NEMO,2023-02-07T21:00:00,2023-02-07T22:00:00,2023-02-07T17:15:00,130,182,169.51,177.08,800,2270,544,8,49,199,,
2023-02-07T17:33:56,,2023_02_07-16_45,2023_02_07-16_45-3,Buy,700,IFA1/IFA2/BN/NEMO,2023-02-07T22:00:00,2023-02-07T23:00:00,2023-02-07T17:15:00,110,154.52,149,151.49,700,3908,374,326,,,,
2023-02-07T21:40:21,,2023_02_07-20_45,2023_02_07-20_45-1,Buy,500,IFA1/BN/NEMO/IFA2,2023-02-08T00:00:00,2023-02-08T01:00:00,2023-02-07T21:30:00,111.8326234,146.31,143.4,145.72,500,2800,174,228,98,,,
2023-02-07T21:40:21,,2023_02_07-20_45,2023_02_07-20_45-2,Buy,300,IFA1/BN/NEMO/IFA2,2023-02-08T01:00:00,2023-02-08T02:00:00,2023-02-07T21:30:00,109.5020724,141.71,140.72,141.6,300,2693,,300,,,,
2023-02-07T21:40:21,,2023_02_07-20_45,2023_02_07-20_45-3,Buy,300,IFA1/BN/NEMO/IFA2,2023-02-08T02:00:00,2023-02-08T03:00:00,2023-02-07T21:30:00,103.6650742,139.15,136.69,138.14,300,3195,223,27,50,,,
2023-02-07T21:40:21,"Due to French electricity system conditions, NGESO is unable to trade on the interconnectors joining GB and France. For more information, see this link to French margin graph: https://www.services-rte.com/en/view-data-published-by-rte/balancing-capacities.html#:~:text=RTE%20proposes%20on%20this%20web,best%20hypothesis%20at%20our%20disposal",2023_02_07-20_45,2023_02_07-20_45-4,Buy,300,IFA1/BN/NEMO/IFA2,2023-02-08T03:00:00,2023-02-08T04:00:00,2023-02-07T21:30:00,102.9375109,138.98,135.8,138.26,300,3480,,118,182,,,
2023-02-07T21:40:21,"Due to French electricity system conditions, NGESO is unable to trade on the interconnectors joining GB and France. For more information, see this link to French margin graph: https://www.services-rte.com/en/view-data-published-by-rte/balancing-capacities.html#:~:text=RTE%20proposes%20on%20this%20web,best%20hypothesis%20at%20our%20disposal",2023_02_07-20_45,2023_02_07-20_45-5,Buy,1000,IFA1/BN/NEMO/IFA2,2023-02-08T04:00:00,2023-02-08T05:00:00,2023-02-07T21:30:00,103.3878638,157.15,142.81,151.29,1000,5215,,248,752,,,
2023-02-07T23:50:06,,2023_02_07-22_41,2023_02_07-22_41-1,Buy,800,BN/NEMO,2023-02-08T05:00:00,2023-02-08T06:00:00,2023-02-07T23:25:00,120.27,178.59,169.3,175.8,800,6297,,223,577,,,
2023-02-07T23:50:06,"Due to French electricity system conditions, NGESO is unable to trade on the interconnectors joining GB and France.",2023_02_07-22_41,2023_02_07-22_41-2,Buy,3000,IFA1/BN/NEMO/EL,2023-02-08T06:00:00,2023-02-08T07:00:00,2023-02-07T23:25:00,140.46,234.07,198,216.45,3000,10237,1389,340,960,,311,
2023-02-07T23:50:06,,2023_02_07-22_41,2023_02_07-22_41-3,Buy,550,IFA1/BN/EL,2023-02-08T07:00:00,2023-02-08T08:00:00,2023-02-07T23:25:00,162.95,210.39,202.35,206.47,550,5901,233,75,,,242,
2023-02-07T23:50:06,,2023_02_07-22_41,2023_02_07-22_41-4,Buy,900,BN/NEMO,2023-02-08T05:00:00,2023-02-08T06:00:00,2023-02-07T23:25:00,120.27,182.65,178.59,179.92,450,6297,,3,447,,,
2023-02-07T23:50:06,"Due to French electricity system conditions, NGESO is unable to trade on the interconnectors joining GB and France.",2023_02_07-22_41,2023_02_07-22_41-5,Buy,800,IFA1/BN/NEMO/IFA2/EL,2023-02-08T06:00:00,2023-02-08T07:00:00,2023-02-07T23:25:00,140.46,325.93,198.42,264.29,350,11780,0,297,53,,0,
2023-02-07T23:50:06,,2023_02_07-22_41,2023_02_07-22_41-6,Buy,900,IFA1/BN/IFA2/EL,2023-02-08T07:00:00,2023-02-08T08:00:00,2023-02-07T23:25:00,162.95,211.1,199,206.53,450,7011,150,0,,300,0,
2023-02-08T23:26:51,,2023_02_08-22_35,2023_02_08-22_35-1,Buy,1500,IFA1/IFA2/EL,2023-02-09T07:00:00,2023-02-09T08:00:00,2023-02-08T23:15:00,165,238.35,223.92,230.82,1500,8496,170,,,648,682,
2023-02-08T23:26:51,,2023_02_08-22_35,2023_02_08-22_35-2,Buy,1500,IFA1/IFA2/EL,2023-02-09T08:00:00,2023-02-09T09:00:00,2023-02-08T23:15:00,155,259.63,239.23,250.66,1500,8194,337,,,768,395,
2023-02-08T23:26:51,,2023_02_08-22_35,2023_02_08-22_35-3,Buy,1500,IFA1/IFA2/EL,2023-02-09T09:00:00,2023-02-09T10:00:00,2023-02-08T23:15:00,140,213.61,196.07,205.48,1500,7569,620,,,415,465,
2023-02-08T23:26:51,,2023_02_08-22_35,2023_02_08-22_35-4,Buy,1300,IFA1/IFA2/EL,2023-02-09T10:00:00,2023-02-09T11:00:00,2023-02-08T23:15:00,125,191.51,179,184.72,1300,7715,650,,,255,395,
2023-02-09T11:51:35,,2023_02_09-10_44,2023_02_09-10_44-1,Buy,300,IFA1/BN/IFA2,2023-02-09T14:00:00,2023-02-09T15:00:00,2023-02-09T11:30:00,100,142.95,128,140.78,300,2298,74,67,,159,,
2023-02-09T11:51:35,"Due to French electricity system conditions, NGESO is unable to trade on the interconnectors joining GB and France.",2023_02_09-10_44,2023_02_09-10_44-2,Buy,1900,IFA1/BN/IFA2,2023-02-09T15:00:00,2023-02-09T16:00:00,2023-02-09T11:30:00,110,177.66,152,160.67,1900,11147,1251,400,,249,,
2023-02-09T11:51:35,"Due to French electricity system conditions, NGESO is unable to trade on the interconnectors joining GB and France.",2023_02_09-10_44,2023_02_09-10_44-3,Buy,1800,IFA1/BN/IFA2/EL,2023-02-09T16:00:00,2023-02-09T17:00:00,2023-02-09T11:30:00,130,189.19,172.68,183.19,1800,11764,942,300,,188,370,
2023-02-09T11:51:35,,2023_02_09-10_44,2023_02_09-10_44-4,Buy,800,IFA1/IFA2/EL,2023-02-09T17:00:00,2023-02-09T18:00:00,2023-02-09T11:30:00,150,228.42,222,225.42,800,8113,550,,,,250,
2023-02-09T11:51:35,"Due to French electricity system conditions, NGESO is unable to trade on the interconnectors joining GB and France.",2023_02_09-10_44,2023_02_09-10_44-5,Buy,1500,IFA1/IFA2/EL,2023-02-09T18:00:00,2023-02-09T19:00:00,2023-02-09T11:30:00,155,254.54,242.05,248.76,1500,9228,1075,,,325,100,
2023-02-09T11:51:35,"Due to French electricity system conditions, NGESO is unable to trade on the interconnectors joining GB and France.",2023_02_09-10_44,2023_02_09-10_44-6,Buy,1500,IFA1/IFA2/EL,2023-02-09T19:00:00,2023-02-09T20:00:00,2023-02-09T11:30:00,140,219.38,198,210.3,1500,8630,729,,,349,422,
2023-02-09T15:50:56,,2023_02_09-15_07,2023_02_09-15_07-1,Buy,300,IFA2/EL,2023-02-09T19:00:00,2023-02-09T20:00:00,2023-02-09T15:30:00,140,201,189.78,196.19,300,2544,,,,120,180,
2023-02-09T15:50:56,,2023_02_09-15_07,2023_02_09-15_07-2,Buy,1500,IFA1/IFA2/EL,2023-02-09T20:00:00,2023-02-09T21:00:00,2023-02-09T15:30:00,130,185.25,174.67,180.77,1500,7012,160,,,947,393,
2023-02-09T18:30:11,,2023_02_09-17_38,2023_02_09-17_38-1,Buy,960,IFA1/IFA2,2023-02-09T21:00:00,2023-02-09T22:00:00,2023-02-09T18:10:00,120,177.78,170.06,174.78,960,2294,774,,,186,,
2023-02-09T22:01:56,,2023_02_09-21_10,2023_02_09-21_10-1,Buy,300,IFA1/IFA2/EL/BN,2023-02-10T06:00:00,2023-02-10T07:00:00,2023-02-09T21:45:00,130,176.76,171.11,174.09,300,3004,72,30,,,198,
2023-02-09T22:01:56,,2023_02_09-21_10,2023_02_09-21_10-2,Buy,500,IFA1/IFA2/EL,2023-02-10T07:00:00,2023-02-10T08:00:00,2023-02-09T21:45:00,160,193.85,188.72,191.53,500,3806,202,,,100,198,
2023-02-09T22:01:56,,2023_02_09-21_10,2023_02_09-21_10-3,Buy,400,IFA1/IFA2/EL,2023-02-10T08:00:00,2023-02-10T09:00:00,2023-02-09T21:45:00,160,178.16,173.81,176.36,400,3291,127,,,75,198,
2023-02-09T22:01:56,,2023_02_09-21_10,2023_02_09-21_10-4,Buy,400,IFA1/IFA2/EL,2023-02-10T09:00:00,2023-02-10T10:00:00,2023-02-09T21:45:00,130,161.98,153.88,157.58,399,3176,250,,,50,99,
2023-02-10T20:48:56,,2023_02_10-19_47,2023_02_10-19_47-1,Sell,300,IFA1/BN/IFA2,2023-02-10T23:00:00,2023-02-11T00:00:00,2023-02-10T20:30:00,160,116.08,123.67,120.18,300,2493,225,,,75,,
2023-02-10T20:48:56,,2023_02_10-19_47,2023_02_10-19_47-2,Sell,450,IFA1/BN/IFA2,2023-02-11T00:00:00,2023-02-11T01:00:00,2023-02-10T20:30:00,155,115,122.01,117.75,450,2667,375,,,75,,
2023-02-10T20:48:56,,2023_02_10-19_47,2023_02_10-19_47-3,Sell,500,IFA1/BN/IFA2,2023-02-11T01:00:00,2023-02-11T02:00:00,2023-02-10T20:30:00,150,115.19,121.5,117.93,500,2895,397,,,103,,
2023-02-10T20:48:56,"Due to French electricity system conditions, NGESO is unable to trade on the interconnectors joining GB and France.",2023_02_10-19_47,2023_02_10-19_47-4,Sell,600,IFA1/BN/IFA2,2023-02-11T02:00:00,2023-02-11T03:00:00,2023-02-10T20:30:00,145,82.84,105.32,97.72,600,3202,397,100,,103,,
2023-02-10T20:48:56,"Due to French electricity system conditions, NGESO is unable to trade on the interconnectors joining GB and France.",2023_02_10-19_47,2023_02_10-19_47-5,Sell,1300,IFA1/BN/IFA2,2023-02-11T03:00:00,2023-02-11T04:00:00,2023-02-10T20:30:00,140,50.46,103.96,76.58,1300,3283,425,800,,75,,
2023-02-10T20:48:56,"Due to French electricity system conditions, NGESO is unable to trade on the interconnectors joining GB and France.",2023_02_10-19_47,2023_02_10-19_47-6,Sell,1100,IFA1/BN/IFA2,2023-02-11T04:00:00,2023-02-11T05:00:00,2023-02-10T20:30:00,145,55,118.92,87.89,1100,2951,420,600,,80,,
2023-02-10T20:48:56,"Due to French electricity system conditions, NGESO is unable to trade on the interconnectors joining GB and France.",2023_02_10-19_47,2023_02_10-19_47-7,Sell,850,IFA1/BN/IFA2,2023-02-11T05:00:00,2023-02-11T06:00:00,2023-02-10T20:30:00,150,73.53,125.97,105.01,850,2776,370,350,,130,,
2023-02-10T20:48:56,,2023_02_10-19_47,2023_02_10-19_47-8,Sell,100,IFA1/BN/IFA2/EL,2023-02-11T06:00:00,2023-02-11T07:00:00,2023-02-10T20:30:00,160,128.19,128.19,128.19,100,1816,,,,,100,
2023-02-12T20:47:21,,2023_02_12-19_52,2023_02_12-19_52-1,Buy,850,BN/NEMO,2023-02-13T05:00:00,2023-02-13T06:00:00,2023-02-12T20:25:00,110,171.33,151.57,165.56,850,4758,,373,477,,,
2023-02-12T20:47:21,,2023_02_12-19_52,2023_02_12-19_52-2,Buy,1250,BN/NEMO,2023-02-13T06:00:00,2023-02-13T07:00:00,2023-02-12T20:25:00,130,200.39,180.36,194.47,1250,5342,,577,673,,,
2023-02-12T20:47:21,,2023_02_12-19_52,2023_02_12-19_52-3,Buy,1400,IFA1/BN/NEMO/IFA2/EL,2023-02-13T07:00:00,2023-02-13T08:00:00,2023-02-12T20:25:00,145,220.24,199,215.23,1400,8722,320,300,210,199,371,
2023-02-13T11:16:36,,2023_02_13-10_26,2023_02_13-10_26-1,Buy,600,IFA1/IFA2/NEMO,2023-02-13T14:00:00,2023-02-13T15:00:00,2023-02-13T11:00:00,115,135.96,127.26,131.31,600,1631,147,,355,98,,
2023-02-13T11:16:36,,2023_02_13-10_26,2023_02_13-10_26-2,Buy,1000,IFA1/IFA2/BN/NEMO,2023-02-13T15:00:00,2023-02-13T16:00:00,2023-02-13T11:00:00,130,154.95,132.59,150.77,1000,7846,448,99,453,,,
2023-02-13T11:16:36,,2023_02_13-10_26,2023_02_13-10_26-3,Buy,900,IFA1/IFA2/BN/NEMO/EL,2023-02-13T16:00:00,2023-02-13T17:00:00,2023-02-13T11:00:00,150,175.04,167,173.05,900,8823,430,49,421,,,
2023-02-13T17:34:51,,2023_02_13-16_45,2023_02_13-16_45-1,Buy,300,IFA1/IFA2/BN/NEMO,2023-02-13T19:00:00,2023-02-13T20:00:00,2023-02-13T17:15:00,145,163.85,154,158.93,300,1718,,198,102,,,
2023-02-13T17:34:51,,2023_02_13-16_45,2023_02_13-16_45-2,Buy,300,IFA1/IFA2/BN/NEMO,2023-02-13T20:00:00,2023-02-13T21:00:00,2023-02-13T17:15:00,125,146.63,141,143.21,298,2498,,298,,,,
2023-02-13T17:34:51,,2023_02_13-16_45,2023_02_13-16_45-3,Buy,300,IFA1/IFA2/BN/NEMO,2023-02-13T21:00:00,2023-02-13T22:00:00,2023-02-13T17:15:00,120,142.31,138,139.18,300,2586,27,273,,,,
2023-02-14T01:03:21,"Due to French electricity system conditions, NGESO is unable to trade on the interconnectors joining GB and France. For more information, see this link to French margin graph: https://www.services-rte.com/en/view-data-published-by-rte/balancing-capacities.html#:~:text=RTE%20proposes%20on%20this%20web,best%20hypothesis%20at%20our%20disposal",2023_02_14-00_19,2023_02_14-00_19-1,Buy,700,IFA1/IFA2/BN/NEMO/EL,2023-02-14T06:00:00,2023-02-14T07:00:00,2023-02-14T00:50:00,150,192.45,182.92,189.09,700,6966,,426,274,,,
2023-02-14T01:03:21,"Due to French electricity system conditions, NGESO is unable to trade on the interconnectors joining GB and France. For more information, see this link to French margin graph: https://www.services-rte.com/en/view-data-published-by-rte/balancing-capacities.html#:~:text=RTE%20proposes%20on%20this%20web,best%20hypothesis%20at%20our%20disposal",2023_02_14-00_19,2023_02_14-00_19-2,Buy,700,IFA1/IFA2/BN/NEMO/EL,2023-02-14T07:00:00,2023-02-14T08:00:00,2023-02-14T00:50:00,160,195.54,187.88,192.72,700,8529,269,25,375,14,17,
2023-02-14T11:52:10,,2023_02_14-10_43,2023_02_14-10_43-1,Buy,900,IFA1/IFA2/BN/NEMO/EL,2023-02-14T16:00:00,2023-02-14T17:00:00,2023-02-14T11:30:00,125,158.91,153,156.63,900,8966,175,425,200,100,,
2023-02-14T11:52:10,,2023_02_14-10_43,2023_02_14-10_43-2,Buy,600,IFA1/IFA2/BN/NEMO/EL,2023-02-14T17:00:00,2023-02-14T18:00:00,2023-02-14T11:30:00,150,171,166.91,168.8,600,8784,50,400,50,100,,
2023-02-14T11:52:10,,2023_02_14-10_43,2023_02_14-10_43-3,Buy,900,IFA1/IFA2/BN/NEMO/EL,2023-02-14T18:00:00,2023-02-14T19:00:00,2023-02-14T11:30:00,150,170.82,165.23,168.29,900,9545,76,324,400,100,,
2023-02-14T11:52:10,,2023_02_14-10_43,2023_02_14-10_43-4,Buy,900,IFA1/IFA2/BN/NEMO/EL,2023-02-14T19:00:00,2023-02-14T20:00:00,2023-02-14T11:30:00,130,155.2,149,152.27,900,9425,277,373,150,100,,
2023-02-14T11:52:10,,2023_02_14-10_43,2023_02_14-10_43-5,Buy,1000,IFA1/IFA2/BN/NEMO/EL,2023-02-14T20:00:00,2023-02-14T21:00:00,2023-02-14T11:30:00,125,143.37,136.31,140.48,1000,10078,99,324,477,100,,
2023-02-15T02:32:38,,2023_02_15-01_40,2023_02_15-01_40-1,Buy,500,IFA1/BN/NEMO/IFA2,2023-02-15T07:00:00,2023-02-15T08:00:00,2023-02-15T02:15:00,150,172.32,170.8,171.56,500,6985,175,175,25,125,,
2023-02-15T02:32:38,,2023_02_15-01_40,2023_02_15-01_40-2,Buy,250,IFA1/IFA2,2023-02-15T08:00:00,2023-02-15T09:00:00,2023-02-15T02:15:00,125,157,156.36,156.74,249,2902,150,,,99,,
2023-02-15T02:32:38,,2023_02_15-01_40,2023_02_15-01_40-3,Buy,600,IFA1/IFA2,2023-02-15T09:00:00,2023-02-15T10:00:00,2023-02-15T02:15:00,125,140,136.31,138.36,599,4950,350,,,249,,
2023-02-15T12:39:24,,2023_02_15-11_49,2023_02_15-11_49-1,Buy,1000,IFA1/IFA2/BN/NEMO,2023-02-15T15:00:00,2023-02-15T16:00:00,2023-02-15T12:25:00,100,148.81,143,147.34,999,9209,655,40,139,165,,
2023-02-15T12:39:24,,2023_02_15-11_49,2023_02_15-11_49-2,Buy,1200,IFA1/IFA2/BN/NEMO/EL,2023-02-15T16:00:00,2023-02-15T17:00:00,2023-02-15T12:25:00,120,163.72,153,160.74,1200,10111,519,115,281,85,200,
2023-02-15T12:39:24,,2023_02_15-11_49,2023_02_15-11_49-3,Buy,500,IFA1/IFA2/BN/NEMO/EL,2023-02-15T17:00:00,2023-02-15T18:00:00,2023-02-15T12:25:00,140,170.45,164.26,167.55,500,8146,275,150,,25,50,
2023-02-15T12:39:24,,2023_02_15-11_49,2023_02_15-11_49-4,Buy,500,IFA1/IFA2/NEMO/EL,2023-02-15T18:00:00,2023-02-15T19:00:00,2023-02-15T12:25:00,140,169.48,163.47,167.3,500,7258,340,,,10,150,
2023-02-15T16:12:38,,2023_02_15-15_32,2023_02_15-15_32-1,Buy,1200,IFA1/IFA2/NEMO,2023-02-15T19:00:00,2023-02-15T20:00:00,2023-02-15T16:00:00,130,189.95,167,179.03,1200,6886,650,,,550,,
2023-02-15T16:12:38,,2023_02_15-15_32,2023_02_15-15_32-2,Buy,1200,IFA1/IFA2/NEMO,2023-02-15T20:00:00,2023-02-15T21:00:00,2023-02-15T16:00:00,110,179,166,174.45,1200,7407,928,,,272,,
2023-02-15T19:23:41,,2023_02_15-18_48,2023_02_15-18_48-1,Buy,500,IFA1/IFA2,2023-02-15T21:00:00,2023-02-15T22:00:00,2023-02-15T19:15:00,100,160.06,154.95,158.16,500,2225,352,,,148,,
2023-02-15T19:23:41,,2023_02_15-18_48,2023_02_15-18_48-2,Buy,1000,IFA1/IFA2/NEMO,2023-02-15T22:00:00,2023-02-15T23:00:00,2023-02-15T19:15:00,100,150.9,144.08,148.26,1000,3014,684,,267,49,,
2023-02-16T13:18:01,,2023_02_16-12_28,2023_02_16-12_28-1,Buy,400,NEMO,2023-02-16T15:00:00,2023-02-16T16:00:00,2023-02-16T13:00:00,100.22,221.17,115.09,155.66,398,423,,,398,,,
2023-02-16T13:18:01,,2023_02_16-12_28,2023_02_16-12_28-2,Buy,200,NEMO,2023-02-16T16:00:00,2023-02-16T17:00:00,2023-02-16T13:00:00,117.56,157.43,126.82,140.24,200,361,,,200,,,
2023-02-17T20:57:33,,2023_02_17-19_41,2023_02_17-19_41-1,Sell,1100,IFA1/IFA2/BN/NEMO,2023-02-17T23:00:00,2023-02-18T00:00:00,2023-02-17T20:30:00,180,103.47,126.88,112.34,1100,7621,665,,,435,,
2023-02-17T20:57:33,,2023_02_17-19_41,2023_02_17-19_41-2,Sell,2000,IFA1/IFA2/BN/NEMO,2023-02-18T00:00:00,2023-02-18T01:00:00,2023-02-17T20:30:00,150,81.23,105.2,92.53,2000,8055,1247,,150,603,,
2023-02-17T20:57:33,,2023_02_17-19_41,2023_02_17-19_41-3,Sell,2100,IFA1/IFA2/BN/NEMO,2023-02-18T01:00:00,2023-02-18T02:00:00,2023-02-17T20:30:00,130,75.63,100.7,85.17,2100,6946,1350,,269,481,,
2023-02-17T20:57:33,,2023_02_17-19_41,2023_02_17-19_41-4,Sell,2000,IFA1/IFA2/BN/NEMO,2023-02-18T02:00:00,2023-02-18T03:00:00,2023-02-17T20:30:00,100,34.32,70.6,52.15,2000,6384,1218,134,256,392,,
2023-02-17T20:57:33,,2023_02_17-19_41,2023_02_17-19_41-5,Sell,2300,IFA1/IFA2/BN/NEMO,2023-02-18T03:00:00,2023-02-18T04:00:00,2023-02-17T20:30:00,80,29.67,61.07,42.71,2300,6029,1103,306,536,355,,
2023-02-17T20:57:33,,2023_02_17-19_41,2023_02_17-19_41-6,Sell,2200,IFA1/IFA2/BN/NEMO,2023-02-18T04:00:00,2023-02-18T05:00:00,2023-02-17T20:30:00,80,27.28,58.92,42.35,2200,5466,993,235,675,297,,
2023-02-17T20:57:33,,2023_02_17-19_41,2023_02_17-19_41-7,Sell,1000,IFA1/IFA2/BN/NEMO/EL,2023-02-18T05:00:00,2023-02-18T06:00:00,2023-02-17T20:30:00,80,50.86,73.12,57.9,1000,4641,250,151,325,274,,
2023-02-18T20:27:43,,2023_02_18-19_37,2023_02_18-19_37-1,Sell,1200,IFA1/BN/NEMO/IFA2,2023-02-18T23:00:00,2023-02-19T00:00:00,2023-02-18T20:15:00,139.59,81.66,95.11,87.4,1200,9777,892,,,308,,
2023-02-18T20:27:43,,2023_02_18-19_37,2023_02_18-19_37-2,Sell,1400,IFA1/BN/NEMO/IFA2,2023-02-19T00:00:00,2023-02-19T01:00:00,2023-02-18T20:15:00,133.62,72.35,87.11,78,1400,10192,930,,,470,,
2023-02-18T20:27:43,,2023_02_18-19_37,2023_02_18-19_37-3,Sell,1400,IFA1/BN/NEMO/IFA2,2023-02-19T01:00:00,2023-02-19T02:00:00,2023-02-18T20:15:00,133.7,69.35,81.78,73.75,1400,10172,1075,,,325,,
2023-02-18T20:27:43,,2023_02_18-19_37,2023_02_18-19_37-4,Sell,1700,IFA1/BN/NEMO/IFA2,2023-02-19T02:00:00,2023-02-19T03:00:00,2023-02-18T20:15:00,116.48,61.33,73.78,66.67,1700,10378,1147,202,100,251,,
2023-02-18T20:27:43,,2023_02_18-19_37,2023_02_18-19_37-5,Sell,1900,IFA1/BN/NEMO/IFA2,2023-02-19T03:00:00,2023-02-19T04:00:00,2023-02-18T20:15:00,118.47,59.91,72.89,64.96,1900,10272,1208,217,50,425,,
2023-02-18T20:27:43,,2023_02_18-19_37,2023_02_18-19_37-6,Sell,1800,IFA1/BN/NEMO/IFA2,2023-02-19T04:00:00,2023-02-19T05:00:00,2023-02-18T20:15:00,128.86,63.14,75.55,68.95,1800,10310,1233,217,50,300,,
2023-02-18T20:27:43,,2023_02_18-19_37,2023_02_18-19_37-7,Sell,1800,IFA1/BN/NEMO/IFA2/EL,2023-02-19T05:00:00,2023-02-19T06:00:00,2023-02-18T20:15:00,130.61,69,86.3,76.87,1800,10431,707,,119,475,499,
2023-02-18T20:27:43,,2023_02_18-19_37,2023_02_18-19_37-8,Sell,1700,IFA1/BN/NEMO/IFA2/EL,2023-02-19T06:00:00,2023-02-19T07:00:00,2023-02-18T20:15:00,128.19,74,92.27,81.85,1700,10174,891,15,100,345,349,
2023-02-19T11:15:03,,2023_02_19-10_28,2023_02_19-10_28-1,Buy,600,IFA1/BN/NEMO/IFA2/EL,2023-02-19T16:00:00,2023-02-19T17:00:00,2023-02-19T11:10:00,110,128.18,120.8,125.3,600,2374,176,35,,315,74,
2023-02-20T21:12:43,,2023_02_20-20_23,2023_02_20-20_23-1,Buy,500,IFA1/NEMO/IFA2/EL,2023-02-21T06:00:00,2023-02-21T07:00:00,2023-02-20T20:55:00,120,157.63,151.1,154.72,500,5056,100,,150,50,200,
2023-02-20T21:12:43,,2023_02_20-20_23,2023_02_20-20_23-2,Buy,500,IFA1/NEMO/IFA2/EL,2023-02-21T07:00:00,2023-02-21T08:00:00,2023-02-20T20:55:00,140,168.64,164.08,167.15,500,4875,165,,125,19,191,
2023-02-20T21:12:43,,2023_02_20-20_23,2023_02_20-20_23-3,Buy,500,IFA1/NEMO/IFA2/EL,2023-02-21T08:00:00,2023-02-21T09:00:00,2023-02-20T20:55:00,140,170.31,165.87,168.61,500,3843,90,,75,69,266,
2023-02-20T21:12:43,,2023_02_20-20_23,2023_02_20-20_23-4,Buy,500,IFA1/NEMO/IFA2/EL,2023-02-21T09:00:00,2023-02-21T10:00:00,2023-02-20T20:55:00,130,160.37,151.49,156.37,500,2927,334,,29,25,112,
2023-02-20T21:12:43,,2023_02_20-20_23,2023_02_20-20_23-5,Buy,700,IFA1/NEMO/IFA2/EL,2023-02-21T10:00:00,2023-02-21T11:00:00,2023-02-20T20:55:00,120,155.45,148.45,152.66,700,4096,371,,50,69,210,
2023-02-21T09:46:57,,2023_02_21-09_04,2023_02_21-09_04-1,Buy,1200,IFA1/NEMO/IFA2/EL,2023-02-21T13:00:00,2023-02-21T14:00:00,2023-02-21T09:35:00,100,142.5,131.42,137.96,1200,3444,614,,251,178,157,
2023-02-21T09:46:57,,2023_02_21-09_04,2023_02_21-09_04-2,Buy,1200,IFA1/BN/NEMO/IFA2/EL,2023-02-21T14:00:00,2023-02-21T15:00:00,2023-02-21T09:35:00,100,138.92,129.61,135.63,1200,3569,776,174,138,112,,
2023-02-21T09:46:57,,2023_02_21-09_04,2023_02_21-09_04-3,Buy,1800,IFA1/BN/NEMO/IFA2/EL,2023-02-21T15:00:00,2023-02-21T16:00:00,2023-02-21T09:35:00,100,149.15,132.19,144.96,1800,10863,1256,148,93,303,,
2023-02-21T12:38:36,,2023_02_21-11_35,2023_02_21-11_35-1,Buy,1850,IFA1/BN/NEMO/IFA2/EL,2023-02-21T16:00:00,2023-02-21T17:00:00,2023-02-21T12:15:00,130,173.44,163.14,168.72,1850,12264,1232,30,25,30,533,
2023-02-21T12:38:36,,2023_02_21-11_35,2023_02_21-11_35-2,Buy,1550,IFA1/BN/NEMO/IFA2/EL,2023-02-21T17:00:00,2023-02-21T18:00:00,2023-02-21T12:15:00,130,185.46,176.74,181.38,1550,12541,780,,,475,295,
2023-02-21T12:38:36,,2023_02_21-11_35,2023_02_21-11_35-3,Buy,1600,IFA1/NEMO/IFA2/EL,2023-02-21T18:00:00,2023-02-21T19:00:00,2023-02-21T12:15:00,140,192.12,179.45,185.45,1600,10975,905,,,400,295,
2023-02-21T12:38:36,,2023_02_21-11_35,2023_02_21-11_35-4,Buy,2050,IFA1/BN/NEMO/IFA2/EL,2023-02-21T19:00:00,2023-02-21T20:00:00,2023-02-21T12:15:00,130,177.85,165.86,172.57,2050,11746,974,75,,439,562,
2023-02-21T12:38:36,,2023_02_21-11_35,2023_02_21-11_35-5,Buy,1750,IFA1/BN/NEMO/IFA2/EL,2023-02-21T20:00:00,2023-02-21T21:00:00,2023-02-21T12:15:00,110,163.58,153.17,159.5,1750,13557,1241,168,,130,211,
2023-02-21T12:38:36,,2023_02_21-11_35,2023_02_21-11_35-6,Buy,1350,IFA1/BN/NEMO/IFA2/EL,2023-02-21T21:00:00,2023-02-21T22:00:00,2023-02-21T12:15:00,110,152,145.89,149.3,1350,13258,870,145,45,130,160,
2023-02-21T21:15:58,,2023_02_21-20_30,2023_02_21-20_30-1,Buy,500,IFA1/IFA2/BN/NEMO/EL,2023-02-22T05:00:00,2023-02-22T06:00:00,2023-02-21T21:00:00,110,146.9,143.18,145.35,500,5794,80,75,,,345,
2023-02-21T21:15:58,,2023_02_21-20_30,2023_02_21-20_30-2,Buy,500,IFA1/IFA2/BN/NEMO/EL,2023-02-22T06:00:00,2023-02-22T07:00:00,2023-02-21T21:00:00,120,161.32,157.7,159.68,499,5196,349,50,,,100,
2023-02-21T21:15:58,,2023_02_21-20_30,2023_02_21-20_30-3,Buy,500,IFA1/IFA2/NEMO/EL,2023-02-22T08:00:00,2023-02-22T09:00:00,2023-02-21T21:00:00,130,162.19,157.77,160.21,500,4057,352,,,58,90,
2023-02-21T21:15:58,,2023_02_21-20_30,2023_02_21-20_30-4,Buy,500,IFA1/IFA2/NEMO/EL,2023-02-22T09:00:00,2023-02-22T10:00:00,2023-02-21T21:00:00,120,155.89,149.71,152.74,500,3400,220,,,190,90,
2023-02-22T00:18:14,,2023_02_21-23_30,2023_02_21-23_30-1,Buy,500,IFA1/IFA2/BN/NEMO/EL,2023-02-22T06:00:00,2023-02-22T07:00:00,2023-02-22T00:00:00,120,169.26,164.36,167.23,500,5283,300,50,50,,100,
2023-02-22T00:18:14,,2023_02_21-23_30,2023_02_21-23_30-2,Buy,600,IFA1/IFA2/BN/NEMO/EL,2023-02-22T07:00:00,2023-02-22T08:00:00,2023-02-22T00:00:00,135,173.75,168.2,171.15,600,5895,100,50,110,145,195,
2023-02-22T00:18:14,,2023_02_21-23_30,2023_02_21-23_30-3,Buy,900,IFA1/IFA2/NEMO/EL,2023-02-22T10:00:00,2023-02-22T11:00:00,2023-02-22T00:00:00,115,151.35,142.93,148.16,900,3407,350,,50,306,194,
2023-02-22T00:18:14,,2023_02_21-23_30,2023_02_21-23_30-4,Buy,600,IFA1/IFA2/NEMO/EL,2023-02-22T11:00:00,2023-02-22T12:00:00,2023-02-22T00:00:00,105,145,121.37,139.62,600,4548,300,,150,150,,
2023-02-22T00:18:14,,2023_02_21-23_30,2023_02_21-23_30-5,Buy,1000,IFA1/IFA2/NEMO/EL,2023-02-22T12:00:00,2023-02-22T13:00:00,2023-02-22T00:00:00,100,138,119.6,133.55,1000,6048,735,,200,50,15,
2023-02-22T11:20:37,,2023_02_22-10_36,2023_02_22-10_36-1,Buy,1200,IFA1/BN/IFA2,2023-02-22T13:00:00,2023-02-22T14:00:00,2023-02-22T11:05:00,100,136.22,127.56,132.04,1200,2885,777,196,,227,,
2023-02-22T11:20:37,,2023_02_22-10_36,2023_02_22-10_36-2,Buy,300,IFA1/BN/NEMO/IFA2,2023-02-22T14:00:00,2023-02-22T15:00:00,2023-02-22T11:05:00,100,134.48,125.51,130.77,300,3257,30,270,,,,
2023-02-22T11:20:37,,2023_02_22-10_36,2023_02_22-10_36-3,Buy,300,IFA1/BN/NEMO/IFA2,2023-02-22T15:00:00,2023-02-22T16:00:00,2023-02-22T11:05:00,105,141.34,129.13,136.27,300,4951,,300,,,,
2023-02-22T11:20:37,,2023_02_22-10_36,2023_02_22-10_36-4,Buy,300,IFA1/BN/NEMO/IFA2/EL,2023-02-22T16:00:00,2023-02-22T17:00:00,2023-02-22T11:05:00,115,151.22,148.68,150.37,300,5224,250,50,,,,
2023-02-22T11:20:37,,2023_02_22-10_36,2023_02_22-10_36-5,Buy,150,IFA1/BN/NEMO/IFA2/EL,2023-02-22T17:00:00,2023-02-22T18:00:00,2023-02-22T11:05:00,130,159.94,159.46,159.84,150,3306,120,30,,,,
2023-02-22T16:25:25,,2023_02_22-15_53,2023_02_22-15_53-1,Buy,600,IFA1/BN/NEMO/IFA2,2023-02-22T19:00:00,2023-02-22T20:00:00,2023-02-22T16:15:00,125,174,161.69,169.84,600,5348,397,108,,95,,
2023-02-25T21:45:20,,2023_02_25-20_51,2023_02_25-20_51-1,Sell,300,IFA1/BN/NEMO/IFA2,2023-02-26T03:00:00,2023-02-26T04:00:00,2023-02-25T21:30:00,140,92,97.26,93.38,300,3476,276,,,24,,
2023-02-25T21:45:20,,2023_02_25-20_51,2023_02_25-20_51-2,Sell,300,IFA1/BN/NEMO/IFA2,2023-02-26T04:00:00,2023-02-26T05:00:00,2023-02-25T21:30:00,140,92,96.63,92.84,300,3521,276,,,24,,
2023-02-25T21:45:20,,2023_02_25-20_51,2023_02_25-20_51-3,Sell,300,IFA1/BN/NEMO/IFA2/EL,2023-02-26T05:00:00,2023-02-26T06:00:00,2023-02-25T21:30:00,140,92,97.26,92.69,300,3526,276,,,24,,
2023-02-26T10:42:10,,2023_02_26-09_41,2023_02_26-09_41-1,Sell,500,IFA1,2023-02-26T12:00:00,2023-02-26T13:00:00,2023-02-26T10:20:00,160,0,0,0,0,2454,,,,,,
2023-02-26T10:42:10,,2023_02_26-09_41,2023_02_26-09_41-2,Sell,500,IFA1,2023-02-26T13:00:00,2023-02-26T14:00:00,2023-02-26T10:20:00,160,0,0,0,0,1869,,,,,,
2023-02-26T10:42:10,,2023_02_26-09_41,2023_02_26-09_41-3,Sell,260,IFA1,2023-02-26T15:00:00,2023-02-26T16:00:00,2023-02-26T10:20:00,155,63.61,65.88,64.67,260,3801,260,,,,,
2023-02-26T10:42:10,,2023_02_26-09_41,2023_02_26-09_41-4,Sell,200,IFA1/EL,2023-02-26T16:00:00,2023-02-26T17:00:00,2023-02-26T10:20:00,150,94.12,95.89,95.04,200,2101,200,,,,,
2023-02-26T10:42:10,,2023_02_26-09_41,2023_02_26-09_41-5,Sell,200,IFA1/EL,2023-02-26T17:00:00,2023-02-26T18:00:00,2023-02-26T10:20:00,180,119.71,121.48,120.6,200,2101,200,,,,,
2023-02-26T10:42:10,,2023_02_26-09_41,2023_02_26-09_41-6,Sell,200,IFA1/EL,2023-02-26T18:00:00,2023-02-26T19:00:00,2023-02-26T10:20:00,195,125.01,126.77,125.92,200,2101,200,,,,,
2023-02-26T10:42:10,,2023_02_26-09_41,2023_02_26-09_41-7,Sell,200,IFA1/EL,2023-02-26T19:00:00,2023-02-26T20:00:00,2023-02-26T10:20:00,180,123.24,125.01,124.24,200,2101,200,,,,,
2023-02-27T00:22:46,,2023_02_26-23_12,2023_02_26-23_12-1,Buy,500,IFA1/BN/IFA2/EL,2023-02-27T05:00:00,2023-02-27T06:00:00,2023-02-26T23:45:00,115,148.5,143.23,144.87,450,2484,247,,,,203,
2023-02-27T00:22:46,,2023_02_26-23_12,2023_02_26-23_12-2,Buy,850,IFA1/BN/IFA2/EL,2023-02-27T07:00:00,2023-02-27T08:00:00,2023-02-26T23:45:00,145,184.1,173,179.63,776,3767,475,25,,252,24,
2023-02-27T00:22:46,,2023_02_26-23_12,2023_02_26-23_12-3,Buy,750,IFA1/IFA2/EL,2023-02-27T08:00:00,2023-02-27T09:00:00,2023-02-26T23:45:00,140,196.91,159,180.66,551,3566,5,,,341,205,
2023-02-27T00:22:46,,2023_02_26-23_12,2023_02_26-23_12-4,Buy,750,IFA1/IFA2/EL,2023-02-27T09:00:00,2023-02-27T10:00:00,2023-02-26T23:45:00,135,216.15,177,191.9,534,1429,119,,,294,121,
2023-02-27T00:22:46,,2023_02_26-23_12,2023_02_26-23_12-5,Buy,500,IFA1/IFA2/EL,2023-02-27T10:00:00,2023-02-27T11:00:00,2023-02-26T23:45:00,135,193.45,159.38,165.07,500,1825,100,,,200,200,
2023-02-28T20:20:29,,2023_02_28-19_32,2023_02_28-19_32-1,Buy,1000,IFA1/BN/NEMO/IFA2,2023-03-01T04:00:00,2023-03-01T05:00:00,2023-02-28T20:05:00,90,138.36,126,134.37,1000,6552,350,248,387,15,,
2023-02-28T20:20:29,,2023_02_28-19_32,2023_02_28-19_32-2,Buy,1000,IFA1/BN/NEMO/IFA2/EL,2023-03-01T05:00:00,2023-03-01T06:00:00,2023-02-28T20:05:00,100,160.5,154.95,158.3,1000,9433,225,284,42,75,374,
2023-02-28T20:20:29,,2023_02_28-19_32,2023_02_28-19_32-3,Buy,700,IFA1/BN/NEMO/EL,2023-03-01T05:00:00,2023-03-01T06:00:00,2023-02-28T20:05:00,100,155.76,147.61,152.83,700,8172,169,531,0,,0,
2023-02-28T20:20:29,,2023_02_28-19_32,2023_02_28-19_32-4,Buy,700,IFA1/BN/NEMO/EL,2023-03-01T06:00:00,2023-03-01T07:00:00,2023-02-28T20:05:00,115,176.59,160.85,174.29,700,6764,119,382,,,199,
2023-02-28T23:29:21,,2023_02_28-22_43,2023_02_28-22_43-1,Buy,1100,IFA1/NEMO/IFA2/EL,2023-03-01T07:00:00,2023-03-01T08:00:00,2023-02-28T23:15:00,130,183.1,175.08,179.19,1100,8460,295,,331,190,284,
2023-02-28T23:29:21,,2023_02_28-22_43,2023_02_28-22_43-2,Buy,600,IFA1/IFA2/EL,2023-03-01T08:00:00,2023-03-01T09:00:00,2023-02-28T23:15:00,120,164,159,162.17,600,6306,344,,,156,100,
2023-03-01T00:20:25,,2023_02_28-23_42,2023_02_28-23_42-1,Buy,1300,IFA1/BN/NEMO/IFA2,2023-03-01T02:00:00,2023-03-01T03:00:00,2023-03-01T00:10:00,90,0,0,0,0,3053,,,,,,
2023-03-01T00:20:25,,2023_02_28-23_42,2023_02_28-23_42-2,Buy,1300,IFA1/BN/NEMO/IFA2,2023-03-01T03:00:00,2023-03-01T04:00:00,2023-03-01T00:10:00,85,0,0,0,0,4146,,,,,,
2023-03-01T00:20:25,,2023_02_28-23_42,2023_02_28-23_42-3,Buy,1300,IFA1/BN/NEMO/IFA2,2023-03-01T04:00:00,2023-03-01T05:00:00,2023-03-01T00:10:00,90,0,0,0,0,4684,,,,,,
2023-03-01T00:20:25,,2023_02_28-23_42,2023_02_28-23_42-4,Buy,1300,IFA1/BN/NEMO/IFA2/EL,2023-03-01T05:00:00,2023-03-01T06:00:00,2023-03-01T00:10:00,100,0,0,0,0,6444,,,,,,
2023-03-01T02:48:29,,2023_03_01-02_15,2023_03_01-02_15-1,Buy,800,IFA1/BN/NEMO/IFA2,2023-03-01T06:00:00,2023-03-01T07:00:00,2023-03-01T02:40:00,115,170.16,160.53,166.67,800,6037,200,300,200,100,,
2023-03-01T11:51:28,,2023_03_01-10_45,2023_03_01-10_45-1,Buy,500,IFA1/NEMO/IFA2,2023-03-01T15:00:00,2023-03-01T16:00:00,2023-03-01T11:30:00,100,133.46,121.98,132.15,500,6162,473,,27,,,
2023-03-01T11:51:28,,2023_03_01-10_45,2023_03_01-10_45-2,Buy,600,IFA1/NEMO/IFA2/EL,2023-03-01T16:00:00,2023-03-01T17:00:00,2023-03-01T11:30:00,115,151.5,142.63,149.58,300,6960,136,,114,,50,
2023-03-01T11:51:28,,2023_03_01-10_45,2023_03_01-10_45-3,Buy,700,BN/NEMO,2023-03-01T17:00:00,2023-03-01T18:00:00,2023-03-01T11:30:00,130,171.46,162.25,166.72,400,4365,,250,150,,,
2023-03-01T11:51:28,,2023_03_01-10_45,2023_03_01-10_45-4,Buy,1000,IFA1/NEMO/IFA2/EL,2023-03-01T18:00:00,2023-03-01T19:00:00,2023-03-01T11:30:00,140,192.78,183.05,190.52,500,10302,171,,179,,150,
2023-03-01T11:51:28,,2023_03_01-10_45,2023_03_01-10_45-5,Buy,1000,IFA1/NEMO/IFA2/EL,2023-03-01T19:00:00,2023-03-01T20:00:00,2023-03-01T11:30:00,130,164.43,147,159.94,499,10621,170,,179,,150,
2023-03-01T11:51:28,,2023_03_01-10_45,2023_03_01-10_45-6,Buy,2000,IFA1/NEMO/IFA2/EL,2023-03-01T20:00:00,2023-03-01T21:00:00,2023-03-01T11:30:00,115,157.93,143,155.4,1500,13322,948,,210,,342,
2023-03-01T11:51:28,,2023_03_01-10_45,2023_03_01-10_45-7,Buy,1700,IFA1/NEMO/IFA2/EL,2023-03-01T21:00:00,2023-03-01T22:00:00,2023-03-01T11:30:00,105,150.97,134.07,146.72,1300,12995,348,,484,,468,
2023-03-01T16:39:27,,2023_03_01-15_52,2023_03_01-15_52-1,Buy,200,IFA1/IFA2,2023-03-01T18:00:00,2023-03-01T19:00:00,2023-03-01T16:20:00,140,0,0,0,0,1150,,,,,,
2023-03-01T16:39:27,,2023_03_01-15_52,2023_03_01-15_52-2,Buy,200,IFA1/IFA2,2023-03-01T19:00:00,2023-03-01T20:00:00,2023-03-01T16:20:00,130,0,0,0,0,3093,,,,,,
2023-03-01T16:39:27,,2023_03_01-15_52,2023_03_01-15_52-3,Buy,200,IFA1/IFA2,2023-03-01T20:00:00,2023-03-01T21:00:00,2023-03-01T16:20:00,115,0,0,0,0,3093,,,,,,
2023-03-01T16:39:27,,2023_03_01-15_52,2023_03_01-15_52-4,Buy,500,IFA1/IFA2,2023-03-01T21:00:00,2023-03-01T22:00:00,2023-03-01T16:20:00,105,150.25,146.13,148.77,225,5586,165,,,60,,
2023-03-02T01:22:20,,2023_03_02-00_29,2023_03_02-00_29-1,Buy,1000,IFA1/BN/IFA2/EL,2023-03-02T07:00:00,2023-03-02T08:00:00,2023-03-02T01:05:00,133.45,208.06,168.83,204,1000,7271,160,30,,358,452,
2023-03-02T01:22:20,,2023_03_02-00_29,2023_03_02-00_29-2,Buy,300,IFA1/IFA2/EL,2023-03-02T08:00:00,2023-03-02T09:00:00,2023-03-02T01:05:00,128.38,188.59,187.32,187.62,300,4638,175,,,,125,
2023-03-02T23:21:16,,2023_03_02-21_59,2023_03_02-21_59-1,Buy,100,IFA1/BN/NEMO/IFA2/EL,2023-03-03T05:00:00,2023-03-03T06:00:00,2023-03-02T22:45:00,110,149.52,149,149.27,100,6783,51,49,,,,
2023-03-02T23:21:16,,2023_03_02-21_59,2023_03_02-21_59-2,Buy,1800,IFA1/BN/NEMO/IFA2/EL,2023-03-03T06:00:00,2023-03-03T07:00:00,2023-03-02T22:45:00,110,186.63,170.88,181.11,1800,7393,428,420,854,98,,
2023-03-02T23:21:16,,2023_03_02-21_59,2023_03_02-21_59-3,Buy,1600,IFA1/IFA2/EL,2023-03-03T07:00:00,2023-03-03T08:00:00,2023-03-02T22:45:00,110,208.26,185.46,203.35,1600,7667,1065,,,100,435,
2023-03-02T23:21:16,,2023_03_02-21_59,2023_03_02-21_59-4,Buy,800,IFA1/IFA2/EL,2023-03-03T08:00:00,2023-03-03T09:00:00,2023-03-02T22:45:00,110,195.8,190.08,193,800,5000,327,,,120,353,
2023-03-02T23:21:16,,2023_03_02-21_59,2023_03_02-21_59-5,Buy,400,IFA1/IFA2/EL,2023-03-03T09:00:00,2023-03-03T10:00:00,2023-03-02T22:45:00,110,193.25,179.59,188.91,400,2906,400,,,,,
2023-03-02T23:21:16,,2023_03_02-21_59,2023_03_02-21_59-6,Buy,0,IFA1/IFA2/EL,2023-03-03T10:00:00,2023-03-03T11:00:00,2023-03-02T22:45:00,110,0,0,0,0,1634,,,,,,
2023-03-02T23:21:16,,2023_03_02-21_59,2023_03_02-21_59-7,Buy,0,IFA1/IFA2/EL,2023-03-03T11:00:00,2023-03-03T12:00:00,2023-03-02T22:45:00,110,0,0,0,0,2564,,,,,,
2023-03-02T23:21:16,,2023_03_02-21_59,2023_03_02-21_59-8,Buy,0,IFA1/IFA2/EL,2023-03-03T12:00:00,2023-03-03T13:00:00,2023-03-02T22:45:00,110,0,0,0,0,2787,,,,,,
2023-03-03T12:32:50,,2023_03_03-11_25,2023_03_03-11_25-1,Buy,700,IFA1/IFA2/EL,2023-03-03T17:00:00,2023-03-03T18:00:00,2023-03-03T12:10:00,130,169.68,163.72,167.77,700,8380,383,,,,317,
2023-03-03T12:32:50,,2023_03_03-11_25,2023_03_03-11_25-2,Buy,1220,IFA1/IFA2/EL,2023-03-03T18:00:00,2023-03-03T19:00:00,2023-03-03T12:10:00,140,192.27,185.92,189.15,1220,12303,1020,,,8,192,
2023-03-03T12:32:50,,2023_03_03-11_25,2023_03_03-11_25-3,Buy,800,IFA1/IFA2/EL,2023-03-03T19:00:00,2023-03-03T20:00:00,2023-03-03T12:10:00,130,181.56,176.67,179.94,800,8722,471,,,12,317,
2023-03-06T03:37:33,,2023_03_06-02_02,2023_03_06-02_02-1,Buy,2000,BN/NEMO,2023-03-06T06:00:00,2023-03-06T07:00:00,2023-03-06T02:30:00,130,279.18,206.3,239.9,1400,4540,,828,572,,,
2023-03-06T03:37:33,,2023_03_06-02_02,2023_03_06-02_02-2,Buy,1400,BN/NEMO,2023-03-06T07:00:00,2023-03-06T08:00:00,2023-03-06T02:30:00,140,305.49,221,264.18,1028,4843,,370,658,,,
2023-03-07T16:07:15,,2023_03_07-14_56,2023_03_07-14_56-1,Buy,800,IFA1/NEMO/IFA2/EL,2023-03-07T18:00:00,2023-03-07T19:00:00,2023-03-07T15:35:00,180,611.37,297.14,448.03,169,4126,,,169,,,
2023-03-08T19:34:43,,2023_03_08-19_01,2023_03_08-19_01-1,Buy,300,BN/NEMO,2023-03-09T07:00:00,2023-03-09T08:00:00,2023-03-08T19:30:00,119,157.04,150,154.14,300,2737,,120,180,,,
2023-03-09T19:59:17,,2023_03_09-19_23,2023_03_09-19_23-1,Sell,500,IFA1/IFA2/BN/NEMO/EL,2023-03-10T02:00:00,2023-03-10T03:00:00,2023-03-09T20:45:00,100,79.08,85.43,81.79,500,2392,481,19,,,,
2023-03-09T19:59:17,,2023_03_09-19_23,2023_03_09-19_23-2,Sell,500,IFA1/IFA2/BN/NEMO/EL,2023-03-10T03:00:00,2023-03-10T04:00:00,2023-03-09T20:45:00,100,79.3,86.3,82.33,500,2392,481,19,,,,
2023-03-09T19:59:17,,2023_03_09-19_23,2023_03_09-19_23-3,Sell,500,IFA1/IFA2/BN/NEMO/EL,2023-03-10T04:00:00,2023-03-10T05:00:00,2023-03-09T20:45:00,100,83.01,91.53,86.93,500,2392,430,25,,45,,
2023-03-11T19:46:54,,2023_03_11-19_00,2023_03_11-19_00-1,Sell,1400,IFA1/BN/NEMO/IFA2/EL,2023-03-11T23:00:00,2023-03-12T00:00:00,2023-03-11T19:30:00,145,87.41,101.15,91.07,1400,10316,285,98,360,49,608,
2023-03-11T19:46:54,,2023_03_11-19_00,2023_03_11-19_00-2,Sell,800,IFA1/BN/NEMO/IFA2/EL,2023-03-12T00:00:00,2023-03-12T01:00:00,2023-03-11T19:30:00,130,85.42,89.16,86.98,800,8378,100,200,,,500,
2023-03-11T19:46:54,,2023_03_11-19_00,2023_03_11-19_00-3,Sell,300,IFA1/BN/NEMO/IFA2/EL,2023-03-12T01:00:00,2023-03-12T02:00:00,2023-03-11T19:30:00,115,86.25,88.35,86.84,300,6374,,150,,,150,
2023-03-11T23:10:25,,2023_03_11-22_11,2023_03_11-22_11-1,Sell,300,IFA1/BN/NEMO/IFA2/EL,2023-03-12T05:00:00,2023-03-12T06:00:00,2023-03-11T22:50:00,105,64.6,67.18,66.03,300,3489,,,,,300,
2023-03-11T23:10:25,,2023_03_11-22_11,2023_03_11-22_11-2,Sell,1000,IFA1/BN/NEMO/IFA2/EL,2023-03-12T06:00:00,2023-03-12T07:00:00,2023-03-11T22:50:00,105,60.47,66.32,62.56,1000,7481,398,152,50,,400,
2023-03-11T23:10:25,,2023_03_11-22_11,2023_03_11-22_11-3,Sell,2100,IFA1/BN/NEMO/IFA2/EL,2023-03-12T07:00:00,2023-03-12T08:00:00,2023-03-11T22:50:00,105,54.79,66.32,59.98,2100,11256,500,480,669,51,400,
2023-03-11T23:10:25,,2023_03_11-22_11,2023_03_11-22_11-4,Sell,1200,IFA1/BN/NEMO/IFA2/EL,2023-03-12T08:00:00,2023-03-12T09:00:00,2023-03-11T22:50:00,110,62.34,67.5,65.14,1200,9632,200,360,240,,400,
2023-03-11T23:10:25,,2023_03_11-22_11,2023_03_11-22_11-5,Sell,900,IFA1/BN/NEMO/IFA2/EL,2023-03-12T09:00:00,2023-03-12T10:00:00,2023-03-11T22:50:00,115,63.2,70.62,67.4,900,7140,240,40,144,76,400,
2023-03-11T23:10:25,,2023_03_11-22_11,2023_03_11-22_11-6,Sell,900,IFA1/BN/NEMO/IFA2/EL,2023-03-12T10:00:00,2023-03-12T11:00:00,2023-03-11T22:50:00,110,61.25,67.18,64.09,900,9170,200,,150,50,500,
2023-03-11T23:10:25,,2023_03_11-22_11,2023_03_11-22_11-7,Sell,700,IFA1/BN/NEMO/IFA2/EL,2023-03-12T11:00:00,2023-03-12T12:00:00,2023-03-11T22:50:00,130,55,62.01,58.6,700,8727,220,,80,,400,
2023-03-11T23:10:25,,2023_03_11-22_11,2023_03_11-22_11-8,Sell,750,IFA1/BN/NEMO/IFA2/EL,2023-03-12T12:00:00,2023-03-12T13:00:00,2023-03-11T22:50:00,140,46.25,51.68,48.85,750,9027,271,,,79,400,
2023-03-12T09:53:40,,2023_03_12-08_45,2023_03_12-08_45-1,Sell,550,IFA1/IFA2/BN/NEMO,2023-03-12T12:00:00,2023-03-12T13:00:00,2023-03-12T09:25:00,100,32.73,36.28,34.71,550,5582,351,,,99,,
2023-03-12T09:53:40,,2023_03_12-08_45,2023_03_12-08_45-2,Sell,1500,IFA1/IFA2/BN/NEMO,2023-03-12T13:00:00,2023-03-12T14:00:00,2023-03-12T09:25:00,100,21.36,41.47,30.02,1500,6233,1210,,40,250,,
2023-03-12T09:53:40,,2023_03_12-08_45,2023_03_12-08_45-3,Sell,1800,IFA1/IFA2/BN/NEMO,2023-03-12T14:00:00,2023-03-12T15:00:00,2023-03-12T09:25:00,100,18,35.42,27.2,1800,6328,1148,125,170,357,,
2023-03-12T09:53:40,,2023_03_12-08_45,2023_03_12-08_45-4,Sell,1700,IFA1/IFA2/BN/NEMO,2023-03-12T15:00:00,2023-03-12T16:00:00,2023-03-12T09:25:00,100,32.26,49.24,41.02,1700,9461,873,50,270,507,,
2023-03-12T09:53:40,,2023_03_12-08_45,2023_03_12-08_45-5,Sell,1300,IFA1/IFA2/BN/NEMO,2023-03-12T16:00:00,2023-03-12T17:00:00,2023-03-12T09:25:00,100,58.93,67,63.42,1300,9686,400,500,,400,,
2023-03-12T17:50:32,,2023_03_12-17_07,2023_03_12-17_07-1,Sell,500,IFA1/BN/NEMO/IFA2,2023-03-12T21:00:00,2023-03-12T22:00:00,2023-03-12T17:40:00,140,67.76,72.44,69.85,500,4786,500,,,,,
2023-03-12T17:50:32,,2023_03_12-17_07,2023_03_12-17_07-2,Sell,1000,IFA1/BN/NEMO/IFA2,2023-03-12T22:00:00,2023-03-12T23:00:00,2023-03-12T17:40:00,100,57.83,63.58,60.6,1000,5217,950,,50,,,
2023-03-12T20:39:13,,2023_03_12-19_22,2023_03_12-19_22-1,Sell,2200,IFA1/IFA2/BN/NEMO,2023-03-12T23:00:00,2023-03-13T00:00:00,2023-03-12T20:15:00,85,13.47,26.81,18.58,2200,9572,608,435,777,380,,
2023-03-12T20:39:13,,2023_03_12-19_22,2023_03_12-19_22-2,Sell,1900,IFA1/IFA2/BN/NEMO,2023-03-13T00:00:00,2023-03-13T01:00:00,2023-03-12T20:15:00,75,0.9,15.66,5.41,1900,10566,851,237,548,264,,
2023-03-12T20:39:13,,2023_03_12-19_22,2023_03_12-19_22-3,Sell,2500,IFA1/IFA2/BN/NEMO,2023-03-13T01:00:00,2023-03-13T02:00:00,2023-03-12T20:15:00,65,-4.34,5.71,0.1,2500,9545,1246,330,697,227,,
2023-03-12T20:39:13,,2023_03_12-19_22,2023_03_12-19_22-4,Sell,2500,IFA1/IFA2/BN/NEMO,2023-03-13T02:00:00,2023-03-13T03:00:00,2023-03-12T20:15:00,45,-17.84,0,-11.66,2500,8048,1096,280,712,412,,
2023-03-12T20:39:13,,2023_03_12-19_22,2023_03_12-19_22-5,Sell,2500,IFA1/IFA2/BN/NEMO,2023-03-13T03:00:00,2023-03-13T04:00:00,2023-03-12T20:15:00,40,-29,0,-17.13,2500,6651,941,338,752,469,,
2023-03-12T20:39:13,,2023_03_12-19_22,2023_03_12-19_22-6,Sell,2900,IFA1/IFA2/BN/NEMO,2023-03-13T04:00:00,2023-03-13T05:00:00,2023-03-12T20:15:00,40,-44.48,8.32,-21.86,2900,6223,939,587,993,381,,
2023-03-12T23:35:08,,2023_03_12-22_35,2023_03_12-22_35-1,Sell,3500,IFA1/IFA2/BN/NEMO/EL,2023-03-13T05:00:00,2023-03-13T06:00:00,2023-03-12T23:20:00,70,-29,25.15,4.36,3500,5870,998,504,347,622,1029,
2023-03-12T23:35:08,,2023_03_12-22_35,2023_03_12-22_35-2,Sell,4100,IFA1/IFA2/BN/NEMO/EL,2023-03-13T06:00:00,2023-03-13T07:00:00,2023-03-12T23:20:00,105,2,58.46,29.11,4100,6774,882,926,336,902,1054,
2023-03-12T23:35:08,,2023_03_12-22_35,2023_03_12-22_35-3,Sell,2400,IFA1/IFA2/BN/NEMO/EL,2023-03-13T07:00:00,2023-03-13T08:00:00,2023-03-12T23:20:00,120,47,62.86,52.18,2400,10906,290,1000,130,22,958,
2023-03-12T23:35:08,,2023_03_12-22_35,2023_03_12-22_35-4,Sell,1000,IFA1/IFA2/BN/NEMO/EL,2023-03-13T08:00:00,2023-03-13T09:00:00,2023-03-12T23:20:00,150,33.36,46,38.06,1000,8631,,700,,,300,
2023-03-13T19:28:07,,2023_03_13-18_54,2023_03_13-18_54-1,Sell,700,IFA1/BN/NEMO/IFA2,2023-03-13T21:00:00,2023-03-13T22:00:00,2023-03-13T19:15:00,130,25.95,40.18,33.79,700,3720,97,603,,,,
2023-03-13T19:28:07,,2023_03_13-18_54,2023_03_13-18_54-2,Sell,2600,IFA1/BN/NEMO/IFA2,2023-03-13T22:00:00,2023-03-13T23:00:00,2023-03-13T19:15:00,60,-17.11,18.86,2.6,2600,3500,880,935,344,441,,
2023-03-13T21:45:01,,2023_03_13-20_29,2023_03_13-20_29-1,Sell,3200,BN/NEMO,2023-03-13T23:00:00,2023-03-14T00:00:00,2023-03-13T21:25:00,80,-149.88,2.44,-53.89,3174,3408,,1340,1834,,,
2023-03-13T21:45:01,,2023_03_13-20_29,2023_03_13-20_29-2,Sell,3000,BN/NEMO,2023-03-14T00:00:00,2023-03-14T01:00:00,2023-03-13T21:25:00,90,-149.88,-3.53,-59.99,3000,3347,,1440,1560,,,
2023-03-13T21:45:01,,2023_03_13-20_29,2023_03_13-20_29-3,Sell,3000,BN/NEMO,2023-03-14T01:00:00,2023-03-14T02:00:00,2023-03-13T21:25:00,90,-149.88,-4.46,-63.55,2917,3247,,1446,1471,,,
2023-03-13T21:45:01,,2023_03_13-20_29,2023_03_13-20_29-4,Sell,3000,BN/NEMO,2023-03-14T02:00:00,2023-03-14T03:00:00,2023-03-13T21:25:00,90,-149.88,-8.82,-63.86,2957,3297,,1486,1471,,,
2023-03-13T21:45:01,,2023_03_13-20_29,2023_03_13-20_29-5,Sell,3000,BN/NEMO,2023-03-14T03:00:00,2023-03-14T04:00:00,2023-03-13T21:25:00,80,-158.96,-7.46,-71.18,2957,3342,,1526,1431,,,
2023-03-13T21:45:01,,2023_03_13-20_29,2023_03_13-20_29-6,Sell,3000,BN/NEMO,2023-03-14T04:00:00,2023-03-14T05:00:00,2023-03-13T21:25:00,80,-140.79,-2.12,-61.21,3000,3596,,1614,1386,,,
2023-03-13T21:45:01,,2023_03_13-20_29,2023_03_13-20_29-7,Sell,3400,BN/NEMO,2023-03-14T05:00:00,2023-03-14T06:00:00,2023-03-13T21:25:00,90,-44,32.21,-12.89,3400,5465,,1505,1895,,,
2023-03-13T21:45:01,,2023_03_13-20_29,2023_03_13-20_29-8,Sell,2600,BN/NEMO,2023-03-14T06:00:00,2023-03-14T07:00:00,2023-03-13T21:25:00,150,14.21,73.99,39.17,2600,5344,,1220,1380,,,
2023-03-14T23:01:14,,2023_03_14-22_27,2023_03_14-22_27-1,Sell,400,BN/NEMO,2023-03-15T04:00:00,2023-03-15T05:00:00,2023-03-14T22:50:00,130,102.32,108,103.88,400,2252,,,400,,,
2023-03-15T21:05:22,"Due to French electricity system conditions, NGESO is unable to trade on the interconnectors joining GB and France.",2023_03_15-20_01,2023_03_15-20_01-1,Sell,400,IFA1/IFA2/BN/NEMO,2023-03-15T23:00:00,2023-03-16T00:00:00,2023-03-15T20:40:00,130,85.56,92.4,88.72,400,4380,,16,384,,,
2023-03-15T21:05:22,"Due to French electricity system conditions, NGESO is unable to trade on the interconnectors joining GB and France.",2023_03_15-20_01,2023_03_15-20_01-2,Sell,500,IFA1/IFA2/BN/NEMO,2023-03-16T00:00:00,2023-03-16T01:00:00,2023-03-15T20:40:00,120,80.78,87.26,82.04,500,4515,,62,438,,,
2023-03-15T21:05:22,"Due to French electricity system conditions, NGESO is unable to trade on the interconnectors joining GB and France.",2023_03_15-20_01,2023_03_15-20_01-3,Sell,800,IFA1/IFA2/BN/NEMO,2023-03-16T01:00:00,2023-03-16T02:00:00,2023-03-15T20:40:00,120,74.59,83.97,77.99,800,5505,,140,660,,,
2023-03-15T21:05:22,"Due to French electricity system conditions, NGESO is unable to trade on the interconnectors joining GB and France.",2023_03_15-20_01,2023_03_15-20_01-4,Sell,1000,IFA1/IFA2/BN/NEMO,2023-03-16T02:00:00,2023-03-16T03:00:00,2023-03-15T20:40:00,110,62.11,80.23,70.06,1000,5798,,216,784,,,
2023-03-15T21:05:22,"Due to French electricity system conditions, NGESO is unable to trade on the interconnectors joining GB and France.",2023_03_15-20_01,2023_03_15-20_01-5,Sell,1600,IFA1/IFA2/BN/NEMO,2023-03-16T03:00:00,2023-03-16T04:00:00,2023-03-15T20:40:00,110,44.23,72.47,55.57,1600,6074,,583,1017,,,
2023-03-15T21:05:22,"Due to French electricity system conditions, NGESO is unable to trade on the interconnectors joining GB and France.",2023_03_15-20_01,2023_03_15-20_01-6,Sell,1200,IFA1/IFA2/BN/NEMO,2023-03-16T04:00:00,2023-03-16T05:00:00,2023-03-15T20:40:00,115,45.43,75.96,62.62,1200,5488,,250,950,,,
2023-03-15T21:05:22,"Due to French electricity system conditions, NGESO is unable to trade on the interconnectors joining GB and France.",2023_03_15-20_01,2023_03_15-20_01-7,Sell,800,IFA1/IFA2/BN/NEMO/EL,2023-03-16T05:00:00,2023-03-16T06:00:00,2023-03-15T20:40:00,130,69.16,105,76.29,800,4605,,370,430,,,
2023-03-15T21:05:22,"Due to French electricity system conditions, NGESO is unable to trade on the interconnectors joining GB and France.",2023_03_15-20_01,2023_03_15-20_01-8,Sell,600,IFA1/IFA2/BN/NEMO/EL,2023-03-16T06:00:00,2023-03-16T07:00:00,2023-03-15T20:40:00,150,95.2,111.14,100.65,600,4339,,249,351,,,
2023-03-16T20:17:20,,2023_03_16-19_31,2023_03_16-19_31-1,Sell,1100,IFA1/BN/NEMO/IFA2,2023-03-16T23:00:00,2023-03-17T00:00:00,2023-03-16T20:10:00,101.57,51.93,66.93,56.93,1100,7772,458,7,500,135,,
2023-03-16T20:17:20,,2023_03_16-19_31,2023_03_16-19_31-2,Sell,800,IFA1/BN/NEMO/IFA2,2023-03-17T00:00:00,2023-03-17T01:00:00,2023-03-16T20:10:00,116.16,54,63.14,56.71,800,7762,375,165,200,60,,
2023-03-16T20:17:20,,2023_03_16-19_31,2023_03_16-19_31-3,Sell,700,IFA1/BN/NEMO/IFA2,2023-03-17T01:00:00,2023-03-17T02:00:00,2023-03-16T20:10:00,123.9,55.45,64.98,58.2,700,7258,323,256,100,21,,
2023-03-16T20:17:20,,2023_03_16-19_31,2023_03_16-19_31-4,Sell,500,IFA1/BN/NEMO/IFA2,2023-03-17T02:00:00,2023-03-17T03:00:00,2023-03-16T20:10:00,120.74,53.88,60.01,55.43,499,6447,150,253,25,71,,
2023-03-16T20:17:20,,2023_03_16-19_31,2023_03_16-19_31-5,Sell,300,IFA1/BN/NEMO/IFA2,2023-03-17T03:00:00,2023-03-17T04:00:00,2023-03-16T20:10:00,120.18,54.14,57.96,55.83,300,5143,130,99,,71,,
2023-03-16T20:17:20,,2023_03_16-19_31,2023_03_16-19_31-6,Sell,200,IFA1/BN/NEMO/IFA2,2023-03-17T04:00:00,2023-03-17T05:00:00,2023-03-16T20:10:00,131.6,67.96,69.72,68.77,199,4284,120,15,,64,,
2023-03-16T23:32:28,"Due to French electricity system conditions, NGESO is unable to trade on the interconnectors joining GB and France.",2023_03_16-22_26,2023_03_16-22_26-1,Buy,450,IFA1/NEMO/IFA2/EL,2023-03-17T07:00:00,2023-03-17T08:00:00,2023-03-16T23:00:00,91.41,139.25,127.48,133.73,450,1896,70,,200,81,99,
2023-03-17T01:14:46,,2023_03_17-00_34,2023_03_17-00_34-1,Sell,200,IFA1/BN/NEMO/IFA2,2023-03-17T03:00:00,2023-03-17T04:00:00,2023-03-17T01:00:00,120.18,40,45,42.95,200,2808,148,38,,14,,
2023-03-17T01:14:46,,2023_03_17-00_34,2023_03_17-00_34-2,Sell,200,IFA1/BN/NEMO/IFA2,2023-03-17T04:00:00,2023-03-17T05:00:00,2023-03-17T01:00:00,131.6,61.58,66.8,63.48,200,2870,160,20,,20,,
2023-03-17T01:14:46,,2023_03_17-00_34,2023_03_17-00_34-3,Sell,200,IFA1/BN/NEMO/IFA2/EL,2023-03-17T05:00:00,2023-03-17T06:00:00,2023-03-17T01:00:00,143.04,119.9,122.85,120.58,200,3310,130,,,36,34,
2023-03-18T21:00:15,,2023_03_18-20_20,2023_03_18-20_20-1,Sell,500,IFA1/BN/NEMO/IFA2,2023-03-18T23:00:00,2023-03-19T00:00:00,2023-03-18T20:50:00,153.37,91.8,94.17,92.82,500,5968,200,100,200,,,
2023-03-18T21:00:15,,2023_03_18-20_20,2023_03_18-20_20-2,Sell,800,IFA1/BN/NEMO/IFA2,2023-03-19T00:00:00,2023-03-19T01:00:00,2023-03-18T20:50:00,139.57,85.76,89.29,87.9,800,7199,225,350,200,25,,
2023-03-18T21:00:15,,2023_03_18-20_20,2023_03_18-20_20-3,Sell,800,IFA1/BN/NEMO/IFA2,2023-03-19T01:00:00,2023-03-19T02:00:00,2023-03-18T20:50:00,123.03,82.64,86.79,84.9,800,7277,50,550,200,,,
2023-03-18T21:00:15,,2023_03_18-20_20,2023_03_18-20_20-4,Sell,500,IFA1/BN/NEMO/IFA2,2023-03-19T02:00:00,2023-03-19T03:00:00,2023-03-18T20:50:00,108.13,85.68,92.04,88.01,500,6098,,300,200,,,
2023-03-18T22:46:34,,2023_03_18-22_04,2023_03_18-22_04-1,Sell,1000,IFA1/BN/NEMO/IFA2,2023-03-19T03:00:00,2023-03-19T04:00:00,2023-03-18T22:35:00,106.67,77.92,81.93,78.88,1000,6282,510,175,101,214,,
2023-03-18T22:46:34,,2023_03_18-22_04,2023_03_18-22_04-2,Sell,1500,IFA1/BN/NEMO/IFA2,2023-03-19T04:00:00,2023-03-19T05:00:00,2023-03-18T22:35:00,110.07,77.41,80.33,78.77,1500,6326,800,10,101,589,,
2023-03-18T22:46:34,,2023_03_18-22_04,2023_03_18-22_04-3,Sell,1500,IFA1/BN/NEMO/IFA2/EL,2023-03-19T05:00:00,2023-03-19T06:00:00,2023-03-18T22:35:00,117.56,76.21,82.38,77.91,1500,7907,515,4,81,600,300,
2023-03-18T22:46:34,,2023_03_18-22_04,2023_03_18-22_04-4,Sell,1400,IFA1/BN/NEMO/IFA2/EL,2023-03-19T06:00:00,2023-03-19T07:00:00,2023-03-18T22:35:00,118.2,77.41,83.66,78.6,1400,7972,515,165,30,490,200,
2023-03-18T22:46:34,,2023_03_18-22_04,2023_03_18-22_04-5,Sell,500,IFA1/BN/NEMO/IFA2/EL,2023-03-19T07:00:00,2023-03-19T08:00:00,2023-03-18T22:35:00,107.06,79.26,82.19,80.2,500,5481,20,30,30,420,,
2023-03-22T20:30:27,"Due to French electricity system conditions, NGESO is unable to trade on the interconnectors joining GB and France.",2023_03_22-19_25,2023_03_22-19_25-1,Sell,500,IFA1/IFA2/BN/NEMO,2023-03-22T22:00:00,2023-03-22T23:00:00,2023-03-22T20:15:00,90,23.36,53,38.66,500,1148,,50,350,100,,
2023-03-22T20:30:27,"Due to French electricity system conditions, NGESO is unable to trade on the interconnectors joining GB and France.",2023_03_22-19_25,2023_03_22-19_25-2,Sell,3800,IFA1/IFA2/BN/NEMO,2023-03-22T23:00:00,2023-03-23T00:00:00,2023-03-22T20:15:00,80,-72.9,50,-24.46,3479,8823,280,1459,1720,20,,
2023-03-22T20:30:27,"Due to French electricity system conditions, NGESO is unable to trade on the interconnectors joining GB and France.",2023_03_22-19_25,2023_03_22-19_25-3,Sell,3500,IFA1/IFA2/BN/NEMO,2023-03-23T00:00:00,2023-03-23T01:00:00,2023-03-22T20:15:00,70,-77.95,25.56,-31.73,3144,8812,245,1209,1635,55,,
2023-03-22T20:30:27,"Due to French electricity system conditions, NGESO is unable to trade on the interconnectors joining GB and France.",2023_03_22-19_25,2023_03_22-19_25-4,Sell,3200,IFA1/IFA2/BN/NEMO,2023-03-23T01:00:00,2023-03-23T02:00:00,2023-03-22T20:15:00,65,-70.03,19.67,-32.59,3200,8874,290,1392,1508,10,,
2023-03-22T20:30:27,"Due to French electricity system conditions, NGESO is unable to trade on the interconnectors joining GB and France.",2023_03_22-19_25,2023_03_22-19_25-5,Sell,3100,IFA1/IFA2/BN/NEMO,2023-03-23T02:00:00,2023-03-23T03:00:00,2023-03-22T20:15:00,60,-78,29.05,-37.51,3100,8858,235,1182,1618,65,,
2023-03-22T20:30:27,"Due to French electricity system conditions, NGESO is unable to trade on the interconnectors joining GB and France.",2023_03_22-19_25,2023_03_22-19_25-6,Sell,3100,IFA1/IFA2/BN/NEMO,2023-03-23T03:00:00,2023-03-23T04:00:00,2023-03-22T20:15:00,55,-79,28.62,-46.05,2936,9046,280,1351,1285,20,,
2023-03-22T20:30:27,"Due to French electricity system conditions, NGESO is unable to trade on the interconnectors joining GB and France.",2023_03_22-19_25,2023_03_22-19_25-7,Sell,2800,IFA1/IFA2/BN/NEMO,2023-03-23T04:00:00,2023-03-23T05:00:00,2023-03-22T20:15:00,65,-55.51,33.49,-24.89,2800,8616,129,1229,1272,170,,
2023-03-22T20:30:27,"Due to French electricity system conditions, NGESO is unable to trade on the interconnectors joining GB and France.",2023_03_22-19_25,2023_03_22-19_25-8,Sell,3000,IFA1/IFA2/BN/NEMO/EL,2023-03-23T05:00:00,2023-03-23T06:00:00,2023-03-22T20:15:00,85,-46.71,54,-0.39,3000,9049,124,1406,1294,75,101,
2023-03-22T22:17:55,"Due to French electricity system conditions, NGESO is unable to trade on the interconnectors joining GB and France.",2023_03_22-21_40,2023_03_22-21_40-1,Sell,2500,IFA1/IFA2/BN/NEMO/EL,2023-03-23T06:00:00,2023-03-23T07:00:00,2023-03-22T22:15:00,110,31,67.18,44.86,2500,10915,124,905,1295,,176,
2023-03-22T22:17:55,"Due to French electricity system conditions, NGESO is unable to trade on the interconnectors joining GB and France.",2023_03_22-21_40,2023_03_22-21_40-2,Sell,1000,IFA1/IFA2/BN/NEMO/EL,2023-03-23T07:00:00,2023-03-23T08:00:00,2023-03-22T22:15:00,130,60,77.17,66.86,1000,10954,99,400,400,,101,
2023-03-23T01:21:22,"Due to French electricity system conditions, NGESO is unable to trade on the interconnectors joining GB and France.",2023_03_23-00_25,2023_03_23-00_25-1,Sell,1650,BN/NEMO/IFA1/IFA2/EL,2023-03-23T09:00:00,2023-03-23T10:00:00,2023-03-23T01:05:00,115,4.79,34.4,9.79,1650,11086,,225,1425,,,
2023-03-23T01:21:22,"Due to French electricity system conditions, NGESO is unable to trade on the interconnectors joining GB and France.",2023_03_23-00_25,2023_03_23-00_25-2,Sell,2750,BN/NEMO/IFA1/IFA2/EL,2023-03-23T10:00:00,2023-03-23T11:00:00,2023-03-23T01:05:00,110,-26.77,27.25,-2.58,2750,10682,,900,1850,,,
2023-03-23T01:21:22,"Due to French electricity system conditions, NGESO is unable to trade on the interconnectors joining GB and France.",2023_03_23-00_25,2023_03_23-00_25-3,Sell,2750,NEMO/IFA1/IFA2/EL,2023-03-23T11:00:00,2023-03-23T12:00:00,2023-03-23T01:05:00,100,-10,27.65,7.22,2350,11088,101,,1850,200,199,
2023-03-23T01:21:22,"Due to French electricity system conditions, NGESO is unable to trade on the interconnectors joining GB and France.",2023_03_23-00_25,2023_03_23-00_25-4,Sell,2300,NEMO/IFA1/IFA2/EL,2023-03-23T12:00:00,2023-03-23T13:00:00,2023-03-23T01:05:00,100,-10,26.54,4.8,2300,10708,200,,1800,100,200,
2023-03-23T01:21:22,"Due to French electricity system conditions, NGESO is unable to trade on the interconnectors joining GB and France.",2023_03_23-00_25,2023_03_23-00_25-5,Sell,2200,NEMO/IFA1/IFA2/EL,2023-03-23T13:00:00,2023-03-23T14:00:00,2023-03-23T01:05:00,100,0.11,24.25,12.91,2200,11903,200,,1700,75,225,
2023-03-23T01:21:22,"Due to French electricity system conditions, NGESO is unable to trade on the interconnectors joining GB and France.",2023_03_23-00_25,2023_03_23-00_25-6,Sell,2200,NEMO/IFA1/IFA2/EL,2023-03-23T14:00:00,2023-03-23T15:00:00,2023-03-23T01:05:00,110,13,41.28,23.84,1850,12392,,,1850,,,
2023-03-23T01:21:22,"Due to French electricity system conditions, NGESO is unable to trade on the interconnectors joining GB and France.",2023_03_23-00_25,2023_03_23-00_25-7,Sell,2200,NEMO/IFA1/IFA2/EL,2023-03-23T15:00:00,2023-03-23T16:00:00,2023-03-23T01:05:00,110,24,60.46,42.28,1850,11952,,,1850,,,
2023-03-23T20:25:25,,2023_03_23-19_08,2023_03_23-19_08-1,Sell,1400,IFA1/NEMO/BN/IFA2,2023-03-23T23:00:00,2023-03-24T00:00:00,2023-03-23T20:20:00,95,32.06,41.84,37.16,1400,9985,616,380,387,17,,
2023-03-23T20:25:25,,2023_03_23-19_08,2023_03_23-19_08-2,Sell,800,IFA1/NEMO/BN/IFA2,2023-03-24T00:00:00,2023-03-24T01:00:00,2023-03-23T20:20:00,95,22.39,31.96,26.13,800,10137,616,100,,84,,
2023-03-23T20:25:25,,2023_03_23-19_08,2023_03_23-19_08-3,Sell,1000,IFA1/NEMO/BN/IFA2,2023-03-24T01:00:00,2023-03-24T02:00:00,2023-03-23T20:20:00,80,15.05,32.12,21.82,1000,10118,654,,125,221,,
2023-03-23T20:25:25,,2023_03_23-19_08,2023_03_23-19_08-4,Sell,1400,IFA1/NEMO/BN/IFA2,2023-03-24T02:00:00,2023-03-24T03:00:00,2023-03-23T20:20:00,70,7.46,26.48,14.24,1400,9819,849,41,205,305,,
2023-03-23T20:25:25,,2023_03_23-19_08,2023_03_23-19_08-5,Sell,1600,IFA1/NEMO/BN/IFA2,2023-03-24T03:00:00,2023-03-24T04:00:00,2023-03-23T20:20:00,60,0,21.29,6.19,1600,9794,980,165,355,100,,
2023-03-23T20:25:25,,2023_03_23-19_08,2023_03_23-19_08-6,Sell,1800,IFA1/NEMO/BN/IFA2,2023-03-24T04:00:00,2023-03-24T05:00:00,2023-03-23T20:20:00,65,2.1,23.56,8.74,1800,9751,945,321,330,204,,
2023-03-23T20:25:25,,2023_03_23-19_08,2023_03_23-19_08-7,Sell,2300,IFA1/NEMO/BN/IFA2/EL,2023-03-24T05:00:00,2023-03-24T06:00:00,2023-03-23T20:20:00,80,14.1,42.59,23.75,2300,10374,923,300,300,327,450,
2023-03-23T20:25:25,,2023_03_23-19_08,2023_03_23-19_08-8,Sell,1800,IFA1/NEMO/BN/IFA2/EL,2023-03-24T06:00:00,2023-03-24T07:00:00,2023-03-23T20:20:00,110,43.47,59.58,51.51,1800,10304,651,464,371,314,,
2023-03-23T21:49:28,,2023_03_23-21_14,2023_03_23-21_14-1,Sell,800,IFA1/BN/NEMO/IFA2/EL,2023-03-24T06:00:00,2023-03-24T07:00:00,2023-03-23T21:45:00,110,53.74,56.2,55.1,800,7659,216,100,270,14,200,
2023-03-24T00:32:16,,2023_03_23-23_54,2023_03_23-23_54-1,Sell,1500,IFA1/BN/NEMO/IFA2,2023-03-24T02:00:00,2023-03-24T03:00:00,2023-03-24T00:30:00,65,11.97,18.64,14.76,1500,6326,550,150,600,200,,
2023-03-24T00:32:16,,2023_03_23-23_54,2023_03_23-23_54-2,Sell,1600,IFA1/BN/NEMO/IFA2,2023-03-24T03:00:00,2023-03-24T04:00:00,2023-03-24T00:30:00,60,11.14,19.02,14.62,1600,6302,720,30,650,200,,
2023-03-24T00:32:16,,2023_03_23-23_54,2023_03_23-23_54-3,Sell,1100,IFA1/BN/NEMO/IFA2,2023-03-24T04:00:00,2023-03-24T05:00:00,2023-03-24T00:30:00,65,16.39,24.29,19.86,1100,5793,533,50,200,317,,
2023-03-24T00:32:16,,2023_03_23-23_54,2023_03_23-23_54-4,Sell,600,IFA1/BN/NEMO/IFA2,2023-03-24T05:00:00,2023-03-24T06:00:00,2023-03-24T00:30:00,80,37.12,42.25,39.64,600,4780,450,50,100,,,
2023-03-24T12:13:00,,2023_03_24-11_30,2023_03_24-11_30-1,Sell,500,BN/NEMO,2023-03-24T14:00:00,2023-03-24T15:00:00,2023-03-24T12:05:00,100,7.36,19.19,11.99,500,1616,,40,460,,,
2023-03-24T12:13:00,,2023_03_24-11_30,2023_03_24-11_30-2,Sell,500,BN/NEMO,2023-03-24T15:00:00,2023-03-24T16:00:00,2023-03-24T12:05:00,100,29.19,44.26,31.69,500,3720,,239,261,,,
2023-03-24T19:25:45,"Due to French electricity system conditions, NGESO is unable to trade on the interconnectors joining GB and France. For more information, see this link to French margin graph: https://www.services-rte.com/en/view-data-published-by-rte/balancing-capacities.html#:~:text=RTE%20proposes%20on%20this%20web,best%20hypothesis%20at%20our%20disposal",2023_03_24-18_38,2023_03_24-18_38-1,Sell,1500,IFA1/BN/NEMO/IFA2,2023-03-24T22:00:00,2023-03-24T23:00:00,2023-03-24T19:15:00,90,11,58.4,28.82,1500,7287,475,401,599,25,,
2023-03-24T20:52:10,"Due to French electricity system conditions, NGESO is unable to trade on the interconnectors joining GB and France. For more information, see this link to French margin graph: https://www.services-rte.com/en/view-data-published-by-rte/balancing-capacities.html#:~:text=RTE%20proposes%20on%20this%20web,best%20hypothesis%20at%20our%20disposal",2023_03_24-20_04,2023_03_24-20_04-1,Sell,3700,BN/NEMO/IFA1/IFA2,2023-03-24T23:00:00,2023-03-25T00:00:00,2023-03-24T20:45:00,80,-87.94,13.85,-56.9,3700,9318,440,1840,1360,60,,
2023-03-24T20:52:10,"Due to French electricity system conditions, NGESO is unable to trade on the interconnectors joining GB and France. For more information, see this link to French margin graph: https://www.services-rte.com/en/view-data-published-by-rte/balancing-capacities.html#:~:text=RTE%20proposes%20on%20this%20web,best%20hypothesis%20at%20our%20disposal",2023_03_24-20_04,2023_03_24-20_04-2,Sell,3200,BN/NEMO/IFA1/IFA2,2023-03-25T00:00:00,2023-03-25T01:00:00,2023-03-24T20:45:00,80,-75.98,1.73,-50.76,3200,9780,500,1350,1350,,,
2023-03-24T20:52:10,"Due to French electricity system conditions, NGESO is unable to trade on the interconnectors joining GB and France. For more information, see this link to French margin graph: https://www.services-rte.com/en/view-data-published-by-rte/balancing-capacities.html#:~:text=RTE%20proposes%20on%20this%20web,best%20hypothesis%20at%20our%20disposal",2023_03_24-20_04,2023_03_24-20_04-3,Sell,3200,BN/NEMO/IFA1/IFA2,2023-03-25T01:00:00,2023-03-25T02:00:00,2023-03-24T20:45:00,70,-77.47,-8.66,-52.87,3200,9940,500,1350,1350,,,
2023-03-24T22:55:51,"Due to French electricity system conditions, NGESO is unable to trade on the interconnectors joining GB and France. For more information, see this link to French margin graph: https://www.services-rte.com/en/view-data-published-by-rte/balancing-capacities.html#:~:text=RTE%20proposes%20on%20this%20web,best%20hypothesis%20at%20our%20disposal",2023_03_24-21_41,2023_03_24-21_41-1,Sell,3200,BN/IFA1/NEMO/IFA2,2023-03-25T02:00:00,2023-03-25T03:00:00,2023-03-24T22:30:00,40,-69.91,-4.33,-49.84,2623,7901,460,1339,784,40,,
2023-03-24T22:55:51,"Due to French electricity system conditions, NGESO is unable to trade on the interconnectors joining GB and France. For more information, see this link to French margin graph: https://www.services-rte.com/en/view-data-published-by-rte/balancing-capacities.html#:~:text=RTE%20proposes%20on%20this%20web,best%20hypothesis%20at%20our%20disposal",2023_03_24-21_41,2023_03_24-21_41-2,Sell,3200,BN/IFA1/NEMO/IFA2,2023-03-25T03:00:00,2023-03-25T04:00:00,2023-03-24T22:30:00,30,-68.66,-4.33,-46.7,2420,7888,460,1238,682,40,,
2023-03-24T22:55:51,"Due to French electricity system conditions, NGESO is unable to trade on the interconnectors joining GB and France. For more information, see this link to French margin graph: https://www.services-rte.com/en/view-data-published-by-rte/balancing-capacities.html#:~:text=RTE%20proposes%20on%20this%20web,best%20hypothesis%20at%20our%20disposal",2023_03_24-21_41,2023_03_24-21_41-3,Sell,3800,BN/IFA1/NEMO/IFA2,2023-03-25T04:00:00,2023-03-25T05:00:00,2023-03-24T22:30:00,30,-80,-4.33,-55.08,2582,7795,460,1175,907,40,,
2023-03-24T22:55:51,"Due to French electricity system conditions, NGESO is unable to trade on the interconnectors joining GB and France. For more information, see this link to French margin graph: https://www.services-rte.com/en/view-data-published-by-rte/balancing-capacities.html#:~:text=RTE%20proposes%20on%20this%20web,best%20hypothesis%20at%20our%20disposal",2023_03_24-21_41,2023_03_24-21_41-4,Sell,4200,BN/IFA1/NEMO/IFA2,2023-03-25T05:00:00,2023-03-25T06:00:00,2023-03-24T22:30:00,40,-80,-2.64,-56.23,2460,10357,490,1050,910,10,,
2023-03-25T00:41:28,"Due to French electricity system conditions, NGESO is unable to trade on the interconnectors joining GB and France.",2023_03_24-23_46,2023_03_24-23_46-1,Sell,4200,BN/IFA1/NEMO/IFA2/EL,2023-03-25T06:00:00,2023-03-25T07:00:00,2023-03-25T00:20:00,60,-76.98,0,-50.94,3534,8959,200,1584,1450,,300,
2023-03-25T00:41:28,"Due to French electricity system conditions, NGESO is unable to trade on the interconnectors joining GB and France.",2023_03_24-23_46,2023_03_24-23_46-2,Sell,3700,BN/IFA1/NEMO/IFA2/EL,2023-03-25T07:00:00,2023-03-25T08:00:00,2023-03-25T00:20:00,80,-80,2.57,-51.09,3376,10521,,1426,1450,200,300,
2023-03-25T00:41:28,"Due to French electricity system conditions, NGESO is unable to trade on the interconnectors joining GB and France.",2023_03_24-23_46,2023_03_24-23_46-3,Sell,2000,BN/IFA1/NEMO/IFA2/EL,2023-03-25T08:00:00,2023-03-25T09:00:00,2023-03-25T00:20:00,120,-28.66,4.29,-19.44,2000,9884,,796,1204,,,
2023-03-25T00:41:28,"Due to French electricity system conditions, NGESO is unable to trade on the interconnectors joining GB and France.",2023_03_24-23_46,2023_03_24-23_46-4,Sell,1000,BN/IFA1/NEMO/IFA2/EL,2023-03-25T09:00:00,2023-03-25T10:00:00,2023-03-25T00:20:00,120,-17.61,0,-14.78,1000,9653,,564,436,,,
2023-03-25T22:45:24,,2023_03_25-21_44,2023_03_25-21_44-1,Sell,300,IFA1/BN/NEMO/IFA2,2023-03-26T01:00:00,2023-03-26T02:00:00,2023-03-25T22:40:00,150,55,76.82,70.05,300,3467,,50,250,,,
2023-03-25T22:45:24,,2023_03_25-21_44,2023_03_25-21_44-2,Sell,1800,IFA1/BN/NEMO/IFA2,2023-03-26T02:00:00,2023-03-26T03:00:00,2023-03-25T22:40:00,136,23.01,49.89,33.86,1800,5951,,1204,596,,,
2023-03-25T22:45:24,,2023_03_25-21_44,2023_03_25-21_44-3,Sell,2800,IFA1/BN/NEMO/IFA2,2023-03-26T03:00:00,2023-03-26T04:00:00,2023-03-25T22:40:00,107,16.46,42,27.84,2800,6371,,1598,1202,,,
2023-03-25T22:45:24,,2023_03_25-21_44,2023_03_25-21_44-4,Sell,2800,IFA1/BN/NEMO/IFA2/EL,2023-03-26T04:00:00,2023-03-26T05:00:00,2023-03-25T22:40:00,96,21,45,34.51,2800,7518,,1646,1154,,,
2023-03-25T22:45:24,,2023_03_25-21_44,2023_03_25-21_44-5,Sell,2500,IFA1/BN/NEMO/IFA2/EL,2023-03-26T05:00:00,2023-03-26T06:00:00,2023-03-25T22:40:00,89,39.56,55.96,49.12,2500,8116,,1446,1054,,,
2023-03-25T22:45:24,,2023_03_25-21_44,2023_03_25-21_44-6,Sell,1800,IFA1/BN/NEMO/IFA2/EL,2023-03-26T06:00:00,2023-03-26T07:00:00,2023-03-25T22:40:00,99,53.56,69.2,60.69,1800,8325,,1075,725,,,
2023-03-25T22:45:24,,2023_03_25-21_44,2023_03_25-21_44-7,Sell,800,IFA1/BN/NEMO/IFA2/EL,2023-03-26T07:00:00,2023-03-26T08:00:00,2023-03-25T22:40:00,114,64.65,70.78,68.22,800,6795,,750,50,,,
2023-03-26T19:39:54,,2023_03_26-20_12,2023_03_26-20_12-1,Sell,1500,IFA1/BN/NEMO/IFA2,2023-03-26T22:00:00,2023-03-26T23:00:00,2023-03-26T19:45:00,120,,,,,,,,,,,
2023-03-26T21:14:30,,2023_03_26-21_37,2023_03_26-21_37-1,Sell,500,IFA1/BN/NEMO/IFA2,2023-03-26T23:00:00,2023-03-27T00:00:00,2023-03-26T21:10:00,110,73.17,74.92,73.72,500,4398,100,100,100,200,,
2023-03-26T21:14:30,,2023_03_26-21_37,2023_03_26-21_37-2,Sell,400,IFA1/BN/NEMO/IFA2,2023-03-27T00:00:00,2023-03-27T01:00:00,2023-03-26T21:10:00,110,69.66,71.06,70.37,400,3894,200,,100,100,,
2023-03-26T22:35:17,,2023_03_26-22_38,2023_03_26-22_38-1,Buy,1600,IFA1/BN/NEMO/IFA2/EL,2023-03-27T06:00:00,2023-03-27T07:00:00,2023-03-26T22:20:00,100,197.92,159.42,185.61,1600,6611,491,100,650,244,115,
2023-03-28T00:44:45,,2023_03_28-01_11,2023_03_28-01_11-1,Buy,200,BN/NEMO,2023-03-28T05:00:00,2023-03-28T06:00:00,2023-03-28T00:40:00,105,129.89,127.25,128.57,200,1950,,200,,,,
2023-03-28T00:44:45,,2023_03_28-01_11,2023_03_28-01_11-2,Buy,700,BN/NEMO,2023-03-28T06:00:00,2023-03-28T07:00:00,2023-03-28T00:40:00,115,211.42,164.76,191.72,700,4386,,430,270,,,
2023-03-28T23:30:24,,2023_03_28-23_53,2023_03_28-23_53-1,Sell,750,BN/NEMO,2023-03-29T10:00:00,2023-03-29T11:00:00,2023-03-28T23:25:00,90,93.24,98.06,95.18,750,6180,,,750,,,
2023-03-28T23:30:24,,2023_03_28-23_53,2023_03_28-23_53-2,Sell,850,BN/NEMO,2023-03-29T11:00:00,2023-03-29T12:00:00,2023-03-28T23:25:00,95,91.01,97,93.17,850,6619,,25,825,,,
2023-03-28T23:30:24,,2023_03_28-23_53,2023_03_28-23_53-3,Sell,900,BN/NEMO,2023-03-29T12:00:00,2023-03-29T13:00:00,2023-03-28T23:25:00,80,85.98,91.63,87.71,900,6669,,100,800,,,
2023-03-29T14:30:15,,2023_03_29-14_55,2023_03_29-14_55-1,Sell,400,BN/NEMO,2023-03-29T19:00:00,2023-03-29T20:00:00,2023-03-29T14:25:00,130,93.91,96.15,95.15,400,2708,,75,325,,,
2023-03-29T14:30:15,,2023_03_29-14_55,2023_03_29-14_55-2,Sell,400,BN/NEMO,2023-03-29T20:00:00,2023-03-29T21:00:00,2023-03-29T14:25:00,125,88.68,95.33,90.68,400,2459,,75,325,,,
2023-03-29T18:30:50,,2023_03_29-18_49,2023_03_29-18_49-1,Sell,500,BN/NEMO,2023-03-29T21:00:00,2023-03-29T22:00:00,2023-03-29T18:25:00,100,90,94,91.15,500,2295,,301,199,,,
2023-03-29T19:45:06,"Due to French electricity system conditions, NGESO is unable to trade on the interconnectors joining GB and France. For more information, see this link to French margin graph: https://www.services-rte.com/en/view-data-published-by-rte/balancing-capacities.html#:~:text=RTE%20proposes%20on%20this%20web,best%20hypothesis%20at%20our%20disposal",2023_03_29-20_00,2023_03_29-20_00-1,Sell,1300,IFA1/IFA2/BN/NEMO,2023-03-29T22:00:00,2023-03-29T23:00:00,2023-03-29T19:35:38,100,67.02,82.72,74.05,1300,9696,324,201,599,176,,
2023-03-29T19:45:06,"Due to French electricity system conditions, NGESO is unable to trade on the interconnectors joining GB and France. For more information, see this link to French margin graph: https://www.services-rte.com/en/view-data-published-by-rte/balancing-capacities.html#:~:text=RTE%20proposes%20on%20this%20web,best%20hypothesis%20at%20our%20disposal",2023_03_29-20_00,2023_03_29-20_00-2,Sell,1400,IFA1/IFA2/BN/NEMO,2023-03-29T23:00:00,2023-03-30T00:00:00,2023-03-29T19:35:38,90,53,67.11,61.03,1400,9357,376,123,777,124,,
2023-03-29T19:45:06,"Due to French electricity system conditions, NGESO is unable to trade on the interconnectors joining GB and France. For more information, see this link to French margin graph: https://www.services-rte.com/en/view-data-published-by-rte/balancing-capacities.html#:~:text=RTE%20proposes%20on%20this%20web,best%20hypothesis%20at%20our%20disposal",2023_03_29-20_00,2023_03_29-20_00-3,Sell,1400,IFA1/IFA2/BN/NEMO,2023-03-30T00:00:00,2023-03-30T01:00:00,2023-03-29T19:35:38,95,56,65.96,61.62,1400,9571,374,101,799,126,,
2023-03-29T19:45:06,"Due to French electricity system conditions, NGESO is unable to trade on the interconnectors joining GB and France. For more information, see this link to French margin graph: https://www.services-rte.com/en/view-data-published-by-rte/balancing-capacities.html#:~:text=RTE%20proposes%20on%20this%20web,best%20hypothesis%20at%20our%20disposal",2023_03_29-20_00,2023_03_29-20_00-4,Sell,1350,IFA1/IFA2/BN/NEMO,2023-03-30T01:00:00,2023-03-30T02:00:00,2023-03-29T19:35:38,100,52,63.38,57.61,1350,9344,379,,850,121,,
2023-03-29T19:45:06,"Due to French electricity system conditions, NGESO is unable to trade on the interconnectors joining GB and France. For more information, see this link to French margin graph: https://www.services-rte.com/en/view-data-published-by-rte/balancing-capacities.html#:~:text=RTE%20proposes%20on%20this%20web,best%20hypothesis%20at%20our%20disposal",2023_03_29-20_00,2023_03_29-20_00-5,Sell,1350,IFA1/IFA2/BN/NEMO,2023-03-30T02:00:00,2023-03-30T03:00:00,2023-03-29T19:35:38,90,51.61,64.25,57.54,1350,9504,349,101,749,151,,
2023-03-29T19:45:06,"Due to French electricity system conditions, NGESO is unable to trade on the interconnectors joining GB and France. For more information, see this link to French margin graph: https://www.services-rte.com/en/view-data-published-by-rte/balancing-capacities.html#:~:text=RTE%20proposes%20on%20this%20web,best%20hypothesis%20at%20our%20disposal",2023_03_29-20_00,2023_03_29-20_00-6,Sell,1300,IFA1/IFA2/BN/NEMO,2023-03-30T03:00:00,2023-03-30T04:00:00,2023-03-29T19:35:38,85,50.51,63.82,56.69,1300,9279,359,,800,141,,
2023-03-29T19:45:06,"Due to French electricity system conditions, NGESO is unable to trade on the interconnectors joining GB and France. For more information, see this link to French margin graph: https://www.services-rte.com/en/view-data-published-by-rte/balancing-capacities.html#:~:text=RTE%20proposes%20on%20this%20web,best%20hypothesis%20at%20our%20disposal",2023_03_29-20_00,2023_03_29-20_00-7,Sell,1100,IFA1/IFA2/EL/BN/NEMO,2023-03-30T04:00:00,2023-03-30T05:00:00,2023-03-29T19:35:38,100,63.2,77.23,70.53,1100,8875,349,,600,151,,
2023-03-29T19:45:06,"Due to French electricity system conditions, NGESO is unable to trade on the interconnectors joining GB and France. For more information, see this link to French margin graph: https://www.services-rte.com/en/view-data-published-by-rte/balancing-capacities.html#:~:text=RTE%20proposes%20on%20this%20web,best%20hypothesis%20at%20our%20disposal",2023_03_29-20_00,2023_03_29-20_00-8,Sell,1000,IFA1/IFA2/EL/BN/NEMO,2023-03-30T05:00:00,2023-03-30T06:00:00,2023-03-29T19:35:38,130,89.4,102.97,95.29,1000,9118,415,100,400,85,,
2023-03-29T19:45:06,"Due to French electricity system conditions, NGESO is unable to trade on the interconnectors joining GB and France. For more information, see this link to French margin graph: https://www.services-rte.com/en/view-data-published-by-rte/balancing-capacities.html#:~:text=RTE%20proposes%20on%20this%20web,best%20hypothesis%20at%20our%20disposal",2023_03_29-20_00,2023_03_29-20_00-9,Sell,1000,IFA1/IFA2/EL/BN/NEMO,2023-03-30T06:00:00,2023-03-30T07:00:00,2023-03-29T19:35:38,135,97.36,110.17,103.49,1000,9504,149,149,351,351,,
2023-03-29T19:45:06,"Due to French electricity system conditions, NGESO is unable to trade on the interconnectors joining GB and France. For more information, see this link to French margin graph: https://www.services-rte.com/en/view-data-published-by-rte/balancing-capacities.html#:~:text=RTE%20proposes%20on%20this%20web,best%20hypothesis%20at%20our%20disposal",2023_03_29-20_00,2023_03_29-20_00-10,Sell,1000,IFA1/IFA2/EL/BN/NEMO,2023-03-30T07:00:00,2023-03-30T08:00:00,2023-03-29T19:35:38,145,80,97.12,86.4,1000,9829,185,99,401,315,,
2023-03-29T19:45:06,"Due to French electricity system conditions, NGESO is unable to trade on the interconnectors joining GB and France. For more information, see this link to French margin graph: https://www.services-rte.com/en/view-data-published-by-rte/balancing-capacities.html#:~:text=RTE%20proposes%20on%20this%20web,best%20hypothesis%20at%20our%20disposal",2023_03_29-20_00,2023_03_29-20_00-11,Sell,1000,IFA1/IFA2/EL/BN/NEMO,2023-03-30T08:00:00,2023-03-30T09:00:00,2023-03-29T19:35:38,140,62.5,80.25,69.18,1000,9889,150,75,425,350,,
2023-03-29T19:45:06,"Due to French electricity system conditions, NGESO is unable to trade on the interconnectors joining GB and France. For more information, see this link to French margin graph: https://www.services-rte.com/en/view-data-published-by-rte/balancing-capacities.html#:~:text=RTE%20proposes%20on%20this%20web,best%20hypothesis%20at%20our%20disposal",2023_03_29-20_00,2023_03_29-20_00-12,Sell,1000,IFA1/IFA2/EL/BN/NEMO,2023-03-30T09:00:00,2023-03-30T10:00:00,2023-03-29T19:35:38,115,53,64.66,58.26,1000,9675,185,145,355,315,,
2023-03-29T19:45:06,"Due to French electricity system conditions, NGESO is unable to trade on the interconnectors joining GB and France. For more information, see this link to French margin graph: https://www.services-rte.com/en/view-data-published-by-rte/balancing-capacities.html#:~:text=RTE%20proposes%20on%20this%20web,best%20hypothesis%20at%20our%20disposal",2023_03_29-20_00,2023_03_29-20_00-13,Sell,1000,IFA1/IFA2/EL/BN/NEMO,2023-03-30T10:00:00,2023-03-30T11:00:00,2023-03-29T19:35:38,120,39.2,70.58,53.92,1000,9722,200,75,425,199,101,
2023-03-29T19:45:06,"Due to French electricity system conditions, NGESO is unable to trade on the interconnectors joining GB and France. For more information, see this link to French margin graph: https://www.services-rte.com/en/view-data-published-by-rte/balancing-capacities.html#:~:text=RTE%20proposes%20on%20this%20web,best%20hypothesis%20at%20our%20disposal",2023_03_29-20_00,2023_03_29-20_00-14,Sell,1000,IFA1/IFA2/EL/BN/NEMO,2023-03-30T11:00:00,2023-03-30T12:00:00,2023-03-29T19:35:38,110,7,41.25,17.45,1000,9762,195,149,351,105,200,
2023-03-29T19:45:06,"Due to French electricity system conditions, NGESO is unable to trade on the interconnectors joining GB and France. For more information, see this link to French margin graph: https://www.services-rte.com/en/view-data-published-by-rte/balancing-capacities.html#:~:text=RTE%20proposes%20on%20this%20web,best%20hypothesis%20at%20our%20disposal",2023_03_29-20_00,2023_03_29-20_00-15,Sell,900,IFA1/IFA2/BN/NEMO,2023-03-29T22:00:00,2023-03-29T23:00:00,2023-03-29T19:35:38,100,58,74,63.04,700,9696,0,299,401,0,,
2023-03-29T23:19:11,,2023_03_29-23_35,2023_03_29-23_35-1,Sell,200,BN/NEMO,2023-03-30T07:00:00,2023-03-30T08:00:00,2023-03-29T23:10:00,145,85,92,89.3,200,3063,,,200,,,
2023-03-29T23:19:11,,2023_03_29-23_35,2023_03_29-23_35-2,Sell,200,BN/NEMO,2023-03-30T08:00:00,2023-03-30T09:00:00,2023-03-29T23:10:00,140,88,88.2,88.1,200,3212,,99,101,,,
2023-03-29T23:19:11,,2023_03_29-23_35,2023_03_29-23_35-3,Sell,200,BN/NEMO,2023-03-30T09:00:00,2023-03-30T10:00:00,2023-03-29T23:10:00,115,85,86,85.51,200,3387,,99,101,,,
2023-03-29T23:19:11,,2023_03_29-23_35,2023_03_29-23_35-4,Sell,100,BN/NEMO,2023-03-30T10:00:00,2023-03-30T11:00:00,2023-03-29T23:10:00,120,40.03,40.81,40.23,100,2030,,,100,,,
2023-03-29T23:19:11,,2023_03_29-23_35,2023_03_29-23_35-5,Sell,100,BN/NEMO,2023-03-30T11:00:00,2023-03-30T12:00:00,2023-03-29T23:10:00,110,8.25,8.25,8.25,100,2030,,,100,,,
2023-03-30T09:48:23,,2023_03_30-09_52,2023_03_30-09_52-1,Sell,550,IFA1/BN/NEMO,2023-03-30T12:00:00,2023-03-30T13:00:00,2023-03-30T09:30:00,110,-15.81,0,-10.77,550,4272,324,,226,,,
2023-03-30T09:48:23,,2023_03_30-09_52,2023_03_30-09_52-2,Sell,450,IFA1/BN/NEMO,2023-03-30T13:00:00,2023-03-30T14:00:00,2023-03-30T09:30:00,110,-12.1,0,-7.74,450,4373,174,,276,,,
2023-03-30T09:48:23,,2023_03_30-09_52,2023_03_30-09_52-3,Sell,450,IFA1/BN/NEMO,2023-03-30T14:00:00,2023-03-30T15:00:00,2023-03-30T09:30:00,110,1.11,10.2,5.37,450,6650,224,,226,,,
2023-03-30T09:48:23,,2023_03_30-09_52,2023_03_30-09_52-4,Sell,650,IFA1/BN/NEMO/EL,2023-03-30T15:00:00,2023-03-30T16:00:00,2023-03-30T09:30:00,140,57,68,60.08,650,8015,,325,325,,,
2023-03-30T09:48:23,,2023_03_30-09_52,2023_03_30-09_52-5,Sell,700,IFA1/BN/NEMO/EL,2023-03-30T16:00:00,2023-03-30T17:00:00,2023-03-30T09:30:00,140,76,80.61,77.04,700,7649,170,100,150,,280,
2023-03-30T09:48:23,,2023_03_30-09_52,2023_03_30-09_52-6,Sell,700,IFA1/BN/NEMO/EL,2023-03-30T17:00:00,2023-03-30T18:00:00,2023-03-30T09:30:00,140,91.01,96.07,92.49,700,7873,275,,125,,300,
2023-03-30T12:52:56,,2023_03_30-13_24,2023_03_30-13_24-1,Sell,100,IFA1/BN/NEMO,2023-03-30T15:00:00,2023-03-30T16:00:00,2023-03-30T12:50:00,110,58.39,60.46,59.21,100,1204,,25,75,,,
2023-03-30T16:00:48,,2023_03_30-16_20,2023_03_30-16_20-1,Sell,500,IFA1/BN/NEMO,2023-03-30T18:00:00,2023-03-30T19:00:00,2023-03-30T15:55:00,150,99.24,101.83,100.35,500,3847,450,,50,,,
2023-03-30T16:00:48,,2023_03_30-16_20,2023_03_30-16_20-2,Sell,400,IFA1/BN/NEMO,2023-03-30T19:00:00,2023-03-30T20:00:00,2023-03-30T15:55:00,150,88.02,90.2,89.21,400,3782,300,,100,,,
2023-03-30T16:00:48,,2023_03_30-16_20,2023_03_30-16_20-3,Sell,400,IFA1/BN/NEMO,2023-03-30T20:00:00,2023-03-30T21:00:00,2023-03-30T15:55:00,140,83.71,86.29,85,400,3812,400,,,,,
2023-03-30T16:00:48,,2023_03_30-16_20,2023_03_30-16_20-4,Sell,500,IFA1/BN/NEMO,2023-03-30T21:00:00,2023-03-30T22:00:00,2023-03-30T15:55:00,120,73.35,75.94,74.54,500,4040,300,150,50,,,
2023-03-30T22:54:31,,2023_03_30-23_09,2023_03_30-23_09-1,Sell,900,BN/NEMO/IFA1/EL,2023-03-31T09:00:00,2023-03-31T10:00:00,2023-03-30T22:50:00,145,62.79,72,67.84,900,10077,100,100,400,,300,
2023-03-30T22:54:31,,2023_03_30-23_09,2023_03_30-23_09-2,Sell,900,BN/NEMO/IFA1/EL,2023-03-31T10:00:00,2023-03-31T11:00:00,2023-03-30T22:50:00,145,40.99,65,51.01,900,10703,,325,475,,100,
2023-03-30T22:54:31,,2023_03_30-23_09,2023_03_30-23_09-3,Sell,900,BN/NEMO/IFA1/EL,2023-03-31T11:00:00,2023-03-31T12:00:00,2023-03-30T22:50:00,145,24.65,45,31.65,900,10777,,400,500,,,
2023-03-31T19:42:15,,2023_03_31-20_10,2023_03_31-20_10-1,Sell,400,IFA1/IFA2/BN/NEMO,2023-03-31T23:00:00,2023-04-01T00:00:00,2023-03-31T19:40:00,100,44.88,55.6,47.99,400,4629,150,114,,136,,
2023-03-31T19:42:15,,2023_03_31-20_10,2023_03_31-20_10-2,Sell,1400,IFA1/IFA2/BN/NEMO,2023-04-01T00:00:00,2023-04-01T01:00:00,2023-03-31T19:40:00,100,28.89,38.33,33.03,1400,6761,448,199,372,381,,
2023-03-31T19:42:15,,2023_03_31-20_10,2023_03_31-20_10-3,Sell,1400,IFA1/IFA2/BN/NEMO,2023-04-01T01:00:00,2023-04-01T02:00:00,2023-03-31T19:40:00,100,21,31.1,25.67,1400,6679,396,228,475,301,,
2023-03-31T19:42:15,,2023_03_31-20_10,2023_03_31-20_10-4,Sell,500,IFA1/IFA2/BN/NEMO,2023-04-01T02:00:00,2023-04-01T03:00:00,2023-03-31T19:40:00,100,25.07,39,29.3,500,5861,100,200,200,,,
2023-03-31T19:42:15,,2023_03_31-20_10,2023_03_31-20_10-5,Sell,100,IFA1/IFA2/BN/NEMO,2023-04-01T03:00:00,2023-04-01T04:00:00,2023-03-31T19:40:00,100,41,46,43.5,100,3642,,100,,,,
2023-03-31T23:22:33,,2023_03_31-23_42,2023_03_31-23_42-1,Sell,1000,IFA1/IFA2/BN/NEMO,2023-04-01T01:00:00,2023-04-01T02:00:00,2023-03-31T23:20:00,100,17.2,31.11,23.75,1000,1922,,453,547,,,
2023-03-31T23:22:33,,2023_03_31-23_42,2023_03_31-23_42-2,Sell,1000,IFA1/IFA2/BN/NEMO,2023-04-01T02:00:00,2023-04-01T03:00:00,2023-03-31T23:20:00,100,21,28.2,25.01,1000,2987,52,399,549,,,
2023-03-31T23:22:33,,2023_03_31-23_42,2023_03_31-23_42-3,Sell,1000,IFA1/IFA2/BN/NEMO,2023-04-01T03:00:00,2023-04-01T04:00:00,2023-03-31T23:20:00,100,25.12,30.9,27.44,1000,3826,,300,700,,,
2023-03-31T23:22:33,,2023_03_31-23_42,2023_03_31-23_42-4,Sell,1000,IFA1/IFA2/BN/NEMO/EL,2023-04-01T04:00:00,2023-04-01T05:00:00,2023-03-31T23:20:00,100,24.01,31.18,27.14,1000,5582,100,399,500,1,,
2023-03-31T23:22:33,,2023_03_31-23_42,2023_03_31-23_42-5,Sell,1000,IFA1/IFA2/BN/NEMO/EL,2023-04-01T05:00:00,2023-04-01T06:00:00,2023-03-31T23:20:00,100,36,44.7,39.57,1000,6563,,850,150,,,
2023-04-03T19:18:35,,2023_04_03-19_24,2023_04_03-19_24-1,Buy,500,IFA1/BN/NEMO/EL,2023-04-04T05:00:00,2023-04-04T06:00:00,2023-04-03T19:15:13,123,173.3,167.38,171,500,4440,316,50,25,,109,
2023-04-03T20:28:01,"Due to French electricity system conditions, NGESO is unable to trade on the interconnectors joining GB and France. For more information, see this link to French margin graph: https://www.services-rte.com/en/view-data-published-by-rte/balancing-capacities.html#:~:text=RTE%20proposes%20on%20this%20web,best%20hypothesis%20at%20our%20disposal",2023_04_03-20_43,2023_04_03-20_43-1,Buy,1000,IFA1/BN/NEMO/IFA2/EL,2023-04-04T05:00:00,2023-04-04T06:00:00,2023-04-03T20:25:00,123,184.8,170.84,178.93,1000,5635,,530,370,100,,
2023-04-03T20:28:01,"Due to French electricity system conditions, NGESO is unable to trade on the interconnectors joining GB and France. For more information, see this link to French margin graph: https://www.services-rte.com/en/view-data-published-by-rte/balancing-capacities.html#:~:text=RTE%20proposes%20on%20this%20web,best%20hypothesis%20at%20our%20disposal",2023_04_03-20_43,2023_04_03-20_43-2,Buy,1500,IFA1/BN/NEMO/IFA2/EL,2023-04-04T06:00:00,2023-04-04T07:00:00,2023-04-03T20:25:00,134,242.24,188.49,202.69,1500,6956,49,550,450,159,292,
2023-04-04T13:05:04,,2023_04_04-13_23,2023_04_04-13_23-1,Buy,800,IFA1/BN/NEMO/IFA2,2023-04-04T16:00:00,2023-04-04T17:00:00,2023-04-04T13:00:00,110,131.05,122.13,127.83,800,4416,280,100,405,15,,
2023-04-04T13:05:04,,2023_04_04-13_23,2023_04_04-13_23-2,Buy,800,IFA1/BN/NEMO/IFA2,2023-04-04T17:00:00,2023-04-04T18:00:00,2023-04-04T13:00:00,135,166.83,155,162.29,800,4654,274,51,450,25,,
2023-04-04T13:05:04,,2023_04_04-13_23,2023_04_04-13_23-3,Buy,800,IFA1/BN/NEMO/IFA2/EL,2023-04-04T18:00:00,2023-04-04T19:00:00,2023-04-04T13:00:00,135,166.53,151,161.26,800,7282,155,,420,25,200,
2023-04-04T13:05:04,,2023_04_04-13_23,2023_04_04-13_23-4,Buy,800,IFA1/BN/NEMO/IFA2/EL,2023-04-04T20:00:00,2023-04-04T21:00:00,2023-04-04T13:00:00,110,140.9,132,136.15,800,7545,130,5,260,110,295,
2023-04-04T20:55:08,,2023_04_04-20_51,2023_04_04-20_51-1,Buy,500,IFA1/NEMO,2023-04-05T03:00:00,2023-04-05T04:00:00,2023-04-04T20:40:00,90,124.5,121.39,122.93,500,2264,249,,251,,,
2023-04-04T20:55:08,,2023_04_04-20_51,2023_04_04-20_51-2,Buy,900,IFA1/NEMO/EL,2023-04-05T04:00:00,2023-04-05T05:00:00,2023-04-04T20:40:00,100,171.6,160,166.1,900,6268,400,,210,,290,
2023-04-04T20:55:08,,2023_04_04-20_51,2023_04_04-20_51-3,Buy,1800,IFA1/NEMO/EL,2023-04-05T05:00:00,2023-04-05T06:00:00,2023-04-04T20:40:00,110,229.9,199,218.72,1800,6077,687,,598,,515,
2023-04-04T20:55:08,,2023_04_04-20_51,2023_04_04-20_51-4,Buy,500,IFA1/NEMO/EL,2023-04-05T06:00:00,2023-04-05T07:00:00,2023-04-04T20:40:00,125,205.56,200.2,202.24,500,7230,201,,0,,299,
2023-04-04T20:55:08,,2023_04_04-20_51,2023_04_04-20_51-5,Buy,1800,IFA1/NEMO/BN/IFA2/EL,2023-04-05T06:00:00,2023-04-05T07:00:00,2023-04-04T20:40:00,125,200,166.64,190.4,613,9860,124,75,199,215,0,
2023-04-04T20:55:08,,2023_04_04-20_51,2023_04_04-20_51-6,Buy,1000,IFA1/NEMO/BN/IFA2/EL,2023-04-05T07:00:00,2023-04-05T08:00:00,2023-04-04T20:40:00,110,158.36,145,152.74,1000,5168,410,,40,451,99,
2023-04-04T22:21:57,,2023_04_04-22_25,2023_04_04-22_25-1,Buy,1100,IFA1/BN/NEMO/IFA2,2023-04-05T00:00:00,2023-04-05T01:00:00,2023-04-04T22:00:00,90,0,0,0,0,3779,,,,,,
2023-04-04T22:21:57,,2023_04_04-22_25,2023_04_04-22_25-2,Buy,1100,IFA1/BN/NEMO/IFA2,2023-04-05T01:00:00,2023-04-05T02:00:00,2023-04-04T22:00:00,90,0,0,0,0,4239,,,,,,
2023-04-04T22:21:57,,2023_04_04-22_25,2023_04_04-22_25-3,Buy,1100,IFA1/BN/NEMO/IFA2,2023-04-05T02:00:00,2023-04-05T03:00:00,2023-04-04T22:00:00,90,0,0,0,0,4829,,,,,,
2023-04-04T22:21:57,,2023_04_04-22_25,2023_04_04-22_25-4,Buy,1100,IFA1/BN/NEMO/IFA2,2023-04-05T03:00:00,2023-04-05T04:00:00,2023-04-04T22:00:00,90,0,0,0,0,4575,,,,,,
2023-04-04T22:21:57,,2023_04_04-22_25,2023_04_04-22_25-5,Buy,1100,IFA1/BN/NEMO/IFA2/EL,2023-04-05T04:00:00,2023-04-05T05:00:00,2023-04-04T22:00:00,90,0,0,0,0,6456,,,,,,
2023-04-05T00:22:45,,2023_04_05-00_33,2023_04_05-00_33-1,Buy,2000,IFA1/BN/NEMO/IFA2/EL,2023-04-05T06:00:00,2023-04-05T07:00:00,2023-04-05T00:10:00,130,254.84,216.47,238.95,2000,10150,265,877,295,563,,
2023-04-05T00:22:45,,2023_04_05-00_33,2023_04_05-00_33-2,Buy,300,IFA1/NEMO/IFA2/EL,2023-04-05T07:00:00,2023-04-05T08:00:00,2023-04-05T00:10:00,110,167.18,164.12,165.4,300,3638,100,,160,40,,
2023-04-05T00:22:45,,2023_04_05-00_33,2023_04_05-00_33-3,Buy,700,IFA1/NEMO/IFA2/EL,2023-04-05T08:00:00,2023-04-05T09:00:00,2023-04-05T00:10:00,100,137.16,130.86,134.91,700,5220,252,,350,,98,
2023-04-05T13:05:17,,2023_04_05-13_01,2023_04_05-13_01-1,Buy,600,IFA1/IFA2/BN/NEMO,2023-04-05T15:00:00,2023-04-05T16:00:00,2023-04-05T13:00:00,98,125,110.8,119.69,600,1696,,109,491,,,
2023-04-05T13:05:17,,2023_04_05-13_01,2023_04_05-13_01-2,Buy,1200,IFA1/IFA2/BN/NEMO,2023-04-05T16:00:00,2023-04-05T17:00:00,2023-04-05T13:00:00,113,168,140.11,154.94,1200,3878,197,301,553,149,,
2023-04-05T13:05:17,,2023_04_05-13_01,2023_04_05-13_01-3,Buy,1200,IFA1/IFA2/BN/NEMO,2023-04-05T17:00:00,2023-04-05T18:00:00,2023-04-05T13:00:00,133,205.09,188.58,196.98,1200,5340,582,203,330,85,,
2023-04-05T13:05:17,,2023_04_05-13_01,2023_04_05-13_01-4,Buy,1300,IFA1/IFA2/EL/BN/NEMO,2023-04-05T18:00:00,2023-04-05T19:00:00,2023-04-05T13:00:00,133,201.3,179.94,194.78,1300,7285,75,409,645,,171,
2023-04-05T13:05:17,,2023_04_05-13_01,2023_04_05-13_01-5,Buy,500,IFA1/IFA2/EL/BN/NEMO,2023-04-05T19:00:00,2023-04-05T20:00:00,2023-04-05T13:00:00,119,158.52,150,155.86,500,6038,25,198,79,,198,
2023-04-05T20:53:42,,2023_04_05-21_10,2023_04_05-21_10-1,Buy,750,BN/NEMO,2023-04-06T03:00:00,2023-04-06T04:00:00,2023-04-05T20:50:00,85,121,114.08,117.54,750,2477,,527,223,,,
2023-04-05T20:53:42,,2023_04_05-21_10,2023_04_05-21_10-2,Buy,750,BN/NEMO,2023-04-06T04:00:00,2023-04-06T05:00:00,2023-04-05T20:50:00,105,140.8,133.31,137.56,750,3587,,750,,,,
2023-04-05T20:53:42,,2023_04_05-21_10,2023_04_05-21_10-3,Buy,750,BN/NEMO,2023-04-06T05:00:00,2023-04-06T06:00:00,2023-04-05T20:50:00,120,157,152.54,155.18,750,4773,,725,25,,,
2023-04-05T20:53:42,,2023_04_05-21_10,2023_04_05-21_10-4,Buy,750,BN/NEMO,2023-04-06T06:00:00,2023-04-06T07:00:00,2023-04-05T20:50:00,120,165.93,153.89,161.04,750,4564,,372,378,,,
2023-04-05T23:04:23,,2023_04_05-23_18,2023_04_05-23_18-1,Buy,700,NEMO,2023-04-06T05:00:00,2023-04-06T06:00:00,2023-04-05T22:50:00,120,185.26,175.58,181.88,700,3827,,,700,,,
2023-04-05T23:04:23,,2023_04_05-23_18,2023_04_05-23_18-2,Buy,570,BN/NEMO,2023-04-06T06:00:00,2023-04-06T07:00:00,2023-04-05T22:50:00,120,189.05,177,183.81,570,4309,,120,450,,,
2023-04-05T23:04:23,,2023_04_05-23_18,2023_04_05-23_18-3,Buy,200,NEMO,2023-04-06T07:00:00,2023-04-06T08:00:00,2023-04-05T22:50:00,110,155.62,151.53,153.24,200,1990,,,200,,,
2023-04-08T14:42:46,,2023_04_08-15_03,2023_04_08-15_03-1,Buy,500,BN/NEMO,2023-04-08T20:00:00,2023-04-08T21:00:00,2023-04-08T14:35:00,100,135.95,132.13,133.48,500,1293,,400,100,,,
2023-04-08T14:42:46,,2023_04_08-15_03,2023_04_08-15_03-2,Buy,500,BN/NEMO,2023-04-08T21:00:00,2023-04-08T22:00:00,2023-04-08T14:35:00,90,128.87,123.4,125.98,500,1674,,232,268,,,
2023-04-08T23:46:23,,2023_04_09-00_04,2023_04_09-00_04-1,Buy,400,BN/NEMO,2023-04-09T04:00:00,2023-04-09T05:00:00,2023-04-08T23:35:00,85,113.98,105.69,109.11,400,2091,,280,120,,,
2023-04-08T23:46:23,,2023_04_09-00_04,2023_04_09-00_04-2,Buy,800,BN/NEMO,2023-04-09T05:00:00,2023-04-09T06:00:00,2023-04-08T23:35:00,85,116.8,104.8,111.53,583,2890,,493,90,,,
2023-04-08T23:46:23,,2023_04_09-00_04,2023_04_09-00_04-3,Buy,300,BN/NEMO,2023-04-09T06:00:00,2023-04-09T07:00:00,2023-04-08T23:35:00,95,120.39,105.69,113.78,300,1838,,300,,,,
2023-04-08T23:46:23,,2023_04_09-00_04,2023_04_09-00_04-4,Buy,300,BN/NEMO,2023-04-09T07:00:00,2023-04-09T08:00:00,2023-04-08T23:35:00,90,111.55,103.01,108.8,300,1687,,300,,,,
2023-04-08T23:46:23,,2023_04_09-00_04,2023_04_09-00_04-5,Sell,300,IFA1/IFA2/EL/BN/NEMO,2023-04-09T09:00:00,2023-04-09T10:00:00,2023-04-08T23:35:00,120,66.5,71.41,68.21,300,3226,,200,100,,,
2023-04-08T23:46:23,,2023_04_09-00_04,2023_04_09-00_04-6,Sell,300,IFA1/IFA2/EL/BN/NEMO,2023-04-09T10:00:00,2023-04-09T11:00:00,2023-04-08T23:35:00,100,57.66,60.37,59.15,300,3084,,100,200,,,
2023-04-08T23:46:23,,2023_04_09-00_04,2023_04_09-00_04-7,Sell,300,IFA1/IFA2/EL/BN/NEMO,2023-04-09T11:00:00,2023-04-09T12:00:00,2023-04-08T23:35:00,90,39.22,42,40.73,300,3080,,100,200,,,
2023-04-09T22:20:32,,2023_04_09-22_41,2023_04_09-22_41-1,Sell,500,IFA1/BN/NEMO/IFA2,2023-04-10T01:00:00,2023-04-10T02:00:00,2023-04-09T22:15:00,75,33.1,38.45,35.64,500,3519,402,,98,,,
2023-04-09T22:20:32,,2023_04_09-22_41,2023_04_09-22_41-2,Sell,500,IFA1/BN/NEMO/IFA2,2023-04-10T02:00:00,2023-04-10T03:00:00,2023-04-09T22:15:00,75,30.51,40.16,34.83,500,3624,402,48,50,,,
2023-04-09T22:20:32,,2023_04_09-22_41,2023_04_09-22_41-3,Sell,1000,IFA1/BN/NEMO/IFA2,2023-04-10T03:00:00,2023-04-10T04:00:00,2023-04-09T22:15:00,80,32.21,44.43,35.64,1000,4182,447,315,95,143,,
2023-04-09T22:20:32,,2023_04_09-22_41,2023_04_09-22_41-4,Sell,1000,IFA1/BN/NEMO/IFA2/EL,2023-04-10T04:00:00,2023-04-10T05:00:00,2023-04-09T22:15:00,80,39.66,51,44,1000,5744,370,100,415,,115,
2023-04-10T00:36:18,,2023_04_10-00_45,2023_04_10-00_45-1,Sell,500,IFA1/BN/NEMO/IFA2/EL,2023-04-10T06:00:00,2023-04-10T07:00:00,2023-04-10T00:25:00,85,37.22,38.62,37.92,500,14157,150,50,199,101,,
2023-04-10T00:36:18,,2023_04_10-00_45,2023_04_10-00_45-2,Sell,1400,IFA1/BN/NEMO/IFA2/EL,2023-04-10T07:00:00,2023-04-10T08:00:00,2023-04-10T00:25:00,90,18.31,28,21.22,1400,14070,290,75,300,335,400,
2023-04-10T00:36:18,,2023_04_10-00_45,2023_04_10-00_45-3,Sell,700,IFA1/BN/NEMO/IFA2/EL,2023-04-10T08:00:00,2023-04-10T09:00:00,2023-04-10T00:25:00,80,3.1,10.5,6.3,700,8326,250,100,100,50,200,
2023-04-10T00:36:18,,2023_04_10-00_45,2023_04_10-00_45-4,Sell,1400,IFA1/BN/NEMO/IFA2/EL,2023-04-10T09:00:00,2023-04-10T10:00:00,2023-04-10T00:25:00,80,-5.97,14,2.31,1400,9070,540,100,100,310,350,
2023-04-10T00:36:18,,2023_04_10-00_45,2023_04_10-00_45-5,Sell,1800,IFA1/BN/NEMO/IFA2/EL,2023-04-10T10:00:00,2023-04-10T11:00:00,2023-04-10T00:25:00,65,-19,0.01,-10.52,1800,9995,640,100,390,220,450,
2023-04-10T00:36:18,,2023_04_10-00_45,2023_04_10-00_45-6,Sell,2500,BN/NEMO,2023-04-10T11:00:00,2023-04-10T12:00:00,2023-04-10T00:25:00,70,-46.57,-16.97,-37.31,2500,7216,,750,1750,,,
2023-04-10T08:24:06,,2023_04_10-08_54,2023_04_10-08_54-1,Sell,200,IFA1/IFA2/BN/NEMO,2023-04-10T10:00:00,2023-04-10T11:00:00,2023-04-10T08:20:00,60,-46.61,-38.14,-42.99,200,1682,200,,,,,
2023-04-10T08:24:06,,2023_04_10-08_54,2023_04_10-08_54-2,Sell,200,IFA1/IFA2/BN/NEMO,2023-04-10T11:00:00,2023-04-10T12:00:00,2023-04-10T08:20:00,65,-57.21,-38.14,-51.22,200,1749,200,,,,,
2023-04-10T10:33:46,"Due to French electricity system conditions, NGESO is unable to trade on the interconnectors joining GB and France. For more information, see this link to French margin graph: https://www.services-rte.com/en/view-data-published-by-rte/balancing-capacities.html#:~:text=RTE%20proposes%20on%20this%20web,best%20hypothesis%20at%20our%20disposal",2023_04_10-11_01,2023_04_10-11_01-1,Sell,3700,IFA1/IFA2/BN/NEMO,2023-04-10T12:00:00,2023-04-10T13:00:00,2023-04-10T10:25:00,60,-118.63,-85.61,-103.71,850,7630,400,450,,,,
2023-04-10T10:33:46,"Due to French electricity system conditions, NGESO is unable to trade on the interconnectors joining GB and France. For more information, see this link to French margin graph: https://www.services-rte.com/en/view-data-published-by-rte/balancing-capacities.html#:~:text=RTE%20proposes%20on%20this%20web,best%20hypothesis%20at%20our%20disposal",2023_04_10-11_01,2023_04_10-11_01-2,Sell,3700,IFA1/IFA2/BN/NEMO,2023-04-10T13:00:00,2023-04-10T14:00:00,2023-04-10T10:25:00,55,-113.21,-85.61,-99.03,1050,7660,400,650,,,,
2023-04-10T12:41:18,,2023_04_10-12_51,2023_04_10-12_51-1,Sell,1844,BN/NEMO,2023-04-10T14:00:00,2023-04-10T15:00:00,2023-04-10T12:30:00,70,-123,-98,-109.87,1844,4129,,1844,,,,
2023-04-10T12:41:18,,2023_04_10-12_51,2023_04_10-12_51-2,Sell,2000,BN/NEMO,2023-04-10T15:00:00,2023-04-10T16:00:00,2023-04-10T12:30:00,80,-74,-21.96,-67.53,2000,3485,,1599,401,,,
2023-04-10T12:41:18,,2023_04_10-12_51,2023_04_10-12_51-3,Sell,500,BN/NEMO,2023-04-10T16:00:00,2023-04-10T17:00:00,2023-04-10T12:30:00,110,2,12.06,6.54,500,3254,,350,150,,,
2023-04-10T18:51:55,,2023_04_10-19_11,2023_04_10-19_11-1,Sell,500,IFA1/IFA2/BN/NEMO,2023-04-10T21:00:00,2023-04-10T22:00:00,2023-04-10T18:50:00,80,23.81,29.96,25.99,500,3568,350,,,150,,
2023-04-10T18:51:55,,2023_04_10-19_11,2023_04_10-19_11-2,Sell,2200,IFA1/IFA2/BN/NEMO/EL,2023-04-10T22:00:00,2023-04-10T23:00:00,2023-04-10T18:50:00,60,-26.26,-6.31,-19.23,2200,7775,1428,250,250,272,,
2023-04-10T18:51:55,,2023_04_10-19_11,2023_04_10-19_11-3,Sell,2700,IFA1/IFA2/BN/NEMO/EL,2023-04-10T23:00:00,2023-04-11T00:00:00,2023-04-10T18:50:00,50,-35,-6.31,-23.96,2700,7211,1297,399,556,448,,
2023-04-10T18:51:55,,2023_04_10-19_11,2023_04_10-19_11-4,Sell,2400,IFA1/IFA2/BN/NEMO/EL,2023-04-11T00:00:00,2023-04-11T01:00:00,2023-04-10T18:50:00,50,-32.54,-6.31,-23.35,2400,7410,1202,250,550,398,,
2023-04-10T18:51:55,,2023_04_10-19_11,2023_04_10-19_11-5,Sell,2200,IFA1/IFA2/BN/NEMO/EL,2023-04-11T01:00:00,2023-04-11T02:00:00,2023-04-10T18:50:00,50,-32.53,-5,-21.54,2200,6668,1198,250,376,376,,
2023-04-10T18:51:55,,2023_04_10-19_11,2023_04_10-19_11-6,Sell,1600,IFA1/IFA2/BN/NEMO/EL,2023-04-11T02:00:00,2023-04-11T03:00:00,2023-04-10T18:50:00,50,-28.36,-6.31,-19.76,1600,5827,847,205,200,348,,
2023-04-11T00:33:20,,2023_04_11-01_00,2023_04_11-01_00-1,Buy,600,IFA1/IFA2/EL/BN/NEMO,2023-04-11T05:00:00,2023-04-11T06:00:00,2023-04-11T00:30:00,90,128.29,118.26,123.92,600,5171,25,249,326,,,
2023-04-11T00:33:20,,2023_04_11-01_00,2023_04_11-01_00-2,Buy,600,IFA1/IFA2/EL/BN/NEMO,2023-04-11T06:00:00,2023-04-11T07:00:00,2023-04-11T00:30:00,100,141.32,130.55,136.61,600,6297,50,275,275,,,
2023-04-11T11:30:05,,2023_04_11-11_47,2023_04_11-11_47-1,Buy,200,IFA1/BN/NEMO/IFA2/EL,2023-04-11T16:00:00,2023-04-11T17:00:00,2023-04-11T11:25:00,100,128.06,88.25,122.07,200,2730,,125,50,,25,
2023-04-11T11:30:05,,2023_04_11-11_47,2023_04_11-11_47-2,Buy,500,IFA1/BN/NEMO/IFA2/EL,2023-04-11T17:00:00,2023-04-11T18:00:00,2023-04-11T11:25:00,105,159.42,145.25,156.76,500,4411,100,152,150,,98,
2023-04-11T11:30:05,,2023_04_11-11_47,2023_04_11-11_47-3,Buy,500,IFA1/BN/NEMO/IFA2/EL,2023-04-11T18:00:00,2023-04-11T19:00:00,2023-04-11T11:25:00,100,158.79,152.19,156.36,500,4936,110,142,150,,98,
2023-04-11T11:30:05,,2023_04_11-11_47,2023_04_11-11_47-4,Buy,500,IFA1/NEMO/IFA2/EL,2023-04-11T19:00:00,2023-04-11T20:00:00,2023-04-11T11:25:00,90,131,124.43,128.48,500,3771,202,,150,,148,
2023-04-11T11:30:05,,2023_04_11-11_47,2023_04_11-11_47-5,Buy,500,IFA1/NEMO/IFA2/EL,2023-04-11T20:00:00,2023-04-11T21:00:00,2023-04-11T11:25:00,80,118,112.77,116.07,500,3726,300,,150,,50,
2023-04-12T00:56:37,,2023_04_12-01_05,2023_04_12-01_05-1,Buy,1300,IFA1/BN/IFA2/NEMO,2023-04-12T05:00:00,2023-04-12T06:00:00,2023-04-12T00:45:00,90,153,140.24,147.58,1300,7428,223,593,325,159,,
2023-04-12T00:56:37,,2023_04_12-01_05,2023_04_12-01_05-2,Buy,1300,IFA1/BN/IFA2/NEMO,2023-04-12T06:00:00,2023-04-12T07:00:00,2023-04-12T00:45:00,90,164,146.98,158.99,1300,9189,325,287,440,248,,
2023-04-12T14:40:23,,2023_04_12-15_01,2023_04_12-15_01-1,Buy,700,IFA1/NEMO/IFA2,2023-04-12T17:00:00,2023-04-12T18:00:00,2023-04-12T14:35:00,105,166.11,154.98,161.9,700,1740,485,,167,48,,
2023-04-12T14:40:23,,2023_04_12-15_01,2023_04_12-15_01-2,Buy,700,IFA1/NEMO/IFA2/EL,2023-04-12T18:00:00,2023-04-12T19:00:00,2023-04-12T14:35:00,100,159,147.15,154.41,700,5199,75,,,195,430,
2023-04-12T14:40:23,,2023_04_12-15_01,2023_04_12-15_01-3,Buy,700,IFA1/NEMO/IFA2/EL,2023-04-12T19:00:00,2023-04-12T20:00:00,2023-04-12T14:35:00,90,141.85,127.4,134.59,700,5180,125,,99,170,306,
2023-04-12T18:32:46,,2023_04_12-19_01,2023_04_12-19_01-1,Sell,500,BN/NEMO,2023-04-12T22:00:00,2023-04-12T23:00:00,2023-04-12T18:30:00,100,68.73,79.23,73.33,500,4040,,132,368,,,
2023-04-13T12:33:40,"Due to French electricity system conditions, NGESO is unable to trade on the interconnectors joining GB and France.",2023_04_13-12_45,2023_04_13-12_45-1,Buy,200,IFA1/BN/NEMO/IFA2,2023-04-13T16:00:00,2023-04-13T17:00:00,2023-04-13T12:10:00,95,136.46,132.3,134.76,200,5561,200,,,,,
2023-04-13T12:33:40,"Due to French electricity system conditions, NGESO is unable to trade on the interconnectors joining GB and France.",2023_04_13-12_45,2023_04_13-12_45-2,Buy,300,IFA1/BN/NEMO/IFA2,2023-04-13T17:00:00,2023-04-13T18:00:00,2023-04-13T12:10:00,115,202.34,176.3,183.05,300,6413,200,65,35,,,
2023-04-13T12:33:40,"Due to French electricity system conditions, NGESO is unable to trade on the interconnectors joining GB and France.",2023_04_13-12_45,2023_04_13-12_45-3,Buy,1150,IFA1/BN/NEMO/IFA2/EL,2023-04-13T18:00:00,2023-04-13T19:00:00,2023-04-13T12:10:00,120,213.33,187.72,201.32,1150,10461,635,450,,65,,
2023-04-13T12:33:40,"Due to French electricity system conditions, NGESO is unable to trade on the interconnectors joining GB and France.",2023_04_13-12_45,2023_04_13-12_45-4,Buy,800,IFA1/BN/NEMO/IFA2/EL,2023-04-13T19:00:00,2023-04-13T20:00:00,2023-04-13T12:10:00,120,204.18,18.44,159.23,800,8757,431,,100,115,154,
2023-04-16T22:48:59,,2023_04_16-22_29,2023_04_16-22_29-1,Buy,200,NEMO,2023-04-17T04:00:00,2023-04-17T05:00:00,2023-04-16T22:05:00,100,135.61,135.61,135.61,200,1886,,,200,,,
2023-04-16T22:48:59,"Due to French electricity system conditions, NGESO is unable to trade on the interconnectors joining GB and France. For more information, see this link to French margin graph: https://www.services-rte.com/en/view-data-published-by-rte/balancing-capacities.html#:~:text=RTE%20proposes%20on%20this%20web,best%20hypothesis%20at%20our%20disposal",2023_04_16-22_29,2023_04_16-22_29-2,Buy,650,NEMO/EL/IFA1/IFA2,2023-04-17T05:00:00,2023-04-17T06:00:00,2023-04-16T22:05:00,115,176.91,174,176,650,7058,400,,150,100,,
2023-04-16T22:48:59,"Due to French electricity system conditions, NGESO is unable to trade on the interconnectors joining GB and France. For more information, see this link to French margin graph: https://www.services-rte.com/en/view-data-published-by-rte/balancing-capacities.html#:~:text=RTE%20proposes%20on%20this%20web,best%20hypothesis%20at%20our%20disposal",2023_04_16-22_29,2023_04_16-22_29-3,Buy,900,NEMO/EL/IFA1/IFA2,2023-04-17T06:00:00,2023-04-17T07:00:00,2023-04-16T22:05:00,125,213.5,205.63,209.92,900,10508,480,,100,295,,
2023-04-16T22:48:59,"Due to French electricity system conditions, NGESO is unable to trade on the interconnectors joining GB and France. For more information, see this link to French margin graph: https://www.services-rte.com/en/view-data-published-by-rte/balancing-capacities.html#:~:text=RTE%20proposes%20on%20this%20web,best%20hypothesis%20at%20our%20disposal",2023_04_16-22_29,2023_04_16-22_29-4,Buy,800,BN/NEMO/EL/IFA1/IFA2,2023-04-17T06:00:00,2023-04-17T07:00:00,2023-04-16T22:05:00,125,218.32,213.5,215.1,800,12678,126,200,400,0,,
2023-04-17T02:32:48,,2023_04_17-02_59,2023_04_17-02_59-1,Buy,300,IFA1/IFA2/NEMO,2023-04-17T05:00:00,2023-04-17T06:00:00,2023-04-17T02:30:00,115,184.46,181.97,182.86,300,2829,102,,,198,,
2023-04-17T21:25:15,,2023_04_17-21_44,2023_04_17-21_44-1,Buy,600,IFA1/IFA2/BN/NEMO/EL,2023-04-18T04:00:00,2023-04-18T05:00:00,2023-04-17T21:15:00,80,127.64,122.84,125.32,600,3767,149,298,28,125,,
2023-04-17T21:25:15,,2023_04_17-21_44,2023_04_17-21_44-2,Buy,600,IFA1/IFA2/BN/NEMO/EL,2023-04-18T05:00:00,2023-04-18T06:00:00,2023-04-17T21:15:00,100,144,137.3,140.55,600,3864,226,249,,125,,
2023-04-17T21:25:15,,2023_04_17-21_44,2023_04_17-21_44-3,Buy,600,IFA1/IFA2/BN/NEMO/EL,2023-04-18T06:00:00,2023-04-18T07:00:00,2023-04-17T21:15:00,100,153,149.04,151.76,600,4580,100,227,,173,100,
2023-04-17T21:25:15,,2023_04_17-21_44,2023_04_17-21_44-4,Buy,600,IFA1/IFA2/NEMO/EL,2023-04-18T08:00:00,2023-04-18T09:00:00,2023-04-17T21:15:00,80,111.03,103.88,108.49,600,3331,362,,98,40,100,
2023-04-18T22:07:52,,2023_04_18-22_44,2023_04_18-22_44-1,Buy,600,IFA1/IFA2/BN/NEMO/EL,2023-04-19T04:00:00,2023-04-19T05:00:00,2023-04-18T22:05:00,90,122.7,118.91,120.99,600,4512,129,346,125,,,
2023-04-18T22:07:52,,2023_04_18-22_44,2023_04_18-22_44-2,Buy,600,IFA1/IFA2/BN/NEMO/EL,2023-04-19T05:00:00,2023-04-19T06:00:00,2023-04-18T22:05:00,100,129.22,125.98,128,600,4543,20,356,125,,99,
2023-04-20T20:48:52,,2023_04_20-21_13,2023_04_20-21_13-1,Buy,250,IFA1/BN/NEMO/IFA2,2023-04-21T03:00:00,2023-04-21T04:00:00,2023-04-20T20:45:00,70,101.69,94.8,99,250,2636,,158,,92,,
2023-04-20T20:48:52,,2023_04_20-21_13,2023_04_20-21_13-2,Buy,700,IFA1/BN/NEMO/IFA2/EL,2023-04-21T04:00:00,2023-04-21T05:00:00,2023-04-20T20:45:00,85,122.07,110.67,117.77,700,4542,253,297,150,,,
2023-04-20T20:48:52,,2023_04_20-21_13,2023_04_20-21_13-3,Buy,500,IFA1/BN/NEMO/IFA2/EL,2023-04-21T05:00:00,2023-04-21T06:00:00,2023-04-20T20:45:00,100,129.96,124.26,127.81,500,4642,55,198,149,,98,
2023-04-20T20:48:52,,2023_04_20-21_13,2023_04_20-21_13-4,Buy,200,IFA1/BN/NEMO/IFA2/EL,2023-04-21T06:00:00,2023-04-21T07:00:00,2023-04-20T20:45:00,110,141.49,129.9,139.53,200,2890,,,,102,98,
2023-04-20T21:57:43,,2023_04_20-22_27,2023_04_20-22_27-1,Buy,700,IFA1/IFA2/NEMO,2023-04-21T03:00:00,2023-04-21T04:00:00,2023-04-20T21:55:50,70,104.9,100.95,103.07,700,3934,340,,360,,,
2023-04-20T22:22:37,,2023_04_20-23_01,2023_04_20-23_01-1,Buy,300,IFA1/IFA2/NEMO,2023-04-21T04:00:00,2023-04-21T05:00:00,2023-04-20T22:20:00,85,122.53,121.3,121.71,300,2526,,,200,100,,
2023-04-21T11:21:08,,2023_04_21-11_41,2023_04_21-11_41-1,Buy,700,BN/NEMO/IFA2/EL,2023-04-21T15:00:00,2023-04-21T16:00:00,2023-04-21T11:15:00,70,94.92,85.5,90.57,700,3918,,98,80,407,115,
2023-04-21T11:21:08,,2023_04_21-11_41,2023_04_21-11_41-2,Buy,700,IFA1/BN/NEMO/IFA2/EL,2023-04-21T16:00:00,2023-04-21T17:00:00,2023-04-21T11:15:00,85,133.45,114.6,126.91,700,6517,290,325,,35,50,
2023-04-21T20:17:54,,2023_04_21-20_37,2023_04_21-20_37-1,Buy,600,IFA1/IFA2/EL/BN/NEMO,2023-04-22T04:00:00,2023-04-22T05:00:00,2023-04-21T20:10:00,80,101.05,95.62,98.75,600,3309,130,100,180,95,95,
2023-04-21T20:17:54,,2023_04_21-20_37,2023_04_21-20_37-2,Buy,900,IFA1/IFA2/EL/BN/NEMO,2023-04-22T05:00:00,2023-04-22T06:00:00,2023-04-21T20:10:00,80,107.17,97.56,103.85,900,2857,193,132,280,245,50,
2023-04-24T14:33:17,,2023_04_24-14_45,2023_04_24-14_45-1,Buy,700,IFA1/IFA2/BN/NEMO/EL,2023-04-24T18:00:00,2023-04-24T19:00:00,2023-04-24T14:30:00,101.05,131.13,124.9,128.84,700,5345,270,49,155,128,98,
2023-04-24T14:33:17,,2023_04_24-14_45,2023_04_24-14_45-2,Buy,300,IFA1/IFA2/BN/NEMO/EL,2023-04-24T19:00:00,2023-04-24T20:00:00,2023-04-24T14:30:00,99.52,124.9,121.58,123.14,300,3988,50,2,,150,98,
2023-04-24T14:33:17,,2023_04_24-14_45,2023_04_24-14_45-3,Buy,500,IFA1/IFA2/BN/NEMO/EL,2023-04-24T20:00:00,2023-04-24T21:00:00,2023-04-24T14:30:00,91.37,120.45,111.3,116.87,500,4930,140,60,,300,,
2023-04-24T14:33:17,,2023_04_24-14_45,2023_04_24-14_45-4,Buy,200,IFA1/IFA2/BN/NEMO/EL,2023-04-24T21:00:00,2023-04-24T22:00:00,2023-04-24T14:30:00,80.4,104.67,101.19,102.69,200,3624,50,109,,41,,
2023-04-24T20:40:29,,2023_04_24-21_03,2023_04_24-21_03-1,Buy,500,IFA1/IFA2/EL/NEMO,2023-04-25T04:00:00,2023-04-25T05:00:00,2023-04-24T20:35:00,95,117.91,114.75,116.66,500,4321,271,,65,66,98,
2023-04-25T16:22:28,,2023_04_25-16_45,2023_04_25-16_45-1,Buy,700,IFA1/IFA2/BN/NEMO,2023-04-25T21:00:00,2023-04-25T22:00:00,2023-04-25T16:15:00,90,114,104.89,110.05,700,1631,245,73,369,13,,
2023-04-26T16:33:07,,2023_04_26-16_47,2023_04_26-16_47-1,Buy,900,IFA1/IFA2/BN/NEMO,2023-04-26T20:00:00,2023-04-26T21:00:00,2023-04-26T16:25:00,110,126.53,119.8,123.44,900,2417,49,682,120,49,,
2023-04-26T16:33:07,,2023_04_26-16_47,2023_04_26-16_47-2,Buy,400,IFA1/IFA2/BN/NEMO,2023-04-26T21:00:00,2023-04-26T22:00:00,2023-04-26T16:25:00,95,111.94,109.29,110.67,400,3001,80,315,5,,,
2023-04-26T16:33:07,,2023_04_26-16_47,2023_04_26-16_47-3,Buy,600,IFA1/IFA2/BN/NEMO/EL,2023-04-26T22:00:00,2023-04-26T23:00:00,2023-04-26T16:25:00,80,104.38,97.77,102.07,600,4426,275,25,,,300,
2023-04-26T20:53:47,,2023_04_26-21_12,2023_04_26-21_12-1,Buy,700,IFA1/IFA2/EL/BN/NEMO,2023-04-27T04:00:00,2023-04-27T05:00:00,2023-04-26T20:45:00,90,116.01,111.59,114.23,700,6761,305,395,,,,
2023-04-26T20:53:47,,2023_04_26-21_12,2023_04_26-21_12-2,Buy,1300,IFA1/IFA2/EL/BN/NEMO,2023-04-27T05:00:00,2023-04-27T06:00:00,2023-04-26T20:45:00,100,139.2,129.3,135.44,1300,6733,755,307,40,100,98,
2023-04-26T20:53:47,,2023_04_26-21_12,2023_04_26-21_12-3,Buy,800,IFA1/IFA2/EL/BN/NEMO,2023-04-27T06:00:00,2023-04-27T07:00:00,2023-04-26T20:45:00,110,130.05,123.98,128.25,800,5555,360,50,,292,98,
2023-04-27T13:17:55,,2023_04_27-13_20,2023_04_27-13_20-1,Buy,850,IFA1/EL/NEMO,2023-04-27T18:00:00,2023-04-27T19:00:00,2023-04-27T13:10:00,100,128,120.55,124.94,850,8321,424,,129,,297,
2023-04-27T13:17:55,,2023_04_27-13_20,2023_04_27-13_20-2,Buy,1000,IFA1/EL/NEMO,2023-04-27T19:00:00,2023-04-27T20:00:00,2023-04-27T13:10:00,95,124.42,113,121.45,1000,10284,278,,425,,297,
2023-04-27T13:17:55,,2023_04_27-13_20,2023_04_27-13_20-3,Buy,900,IFA1/EL/NEMO,2023-04-27T20:00:00,2023-04-27T21:00:00,2023-04-27T13:10:00,80,117.03,106.4,114.29,900,9043,252,,350,,298,
2023-04-27T13:17:55,,2023_04_27-13_20,2023_04_27-13_20-4,Buy,1000,IFA1/EL/NEMO,2023-04-27T21:00:00,2023-04-27T22:00:00,2023-04-27T13:10:00,65,104.85,99.18,102.77,1000,9205,299,,281,,420,
2023-04-27T13:17:55,,2023_04_27-13_20,2023_04_27-13_20-5,Buy,1750,IFA1/IFA2/NEMO,2023-04-27T15:00:00,2023-04-27T16:00:00,2023-04-27T13:10:00,70,99.52,87.99,93.17,1180,2688,596,,383,201,,
2023-04-27T13:17:55,,2023_04_27-13_20,2023_04_27-13_20-6,Buy,1200,IFA1/IFA2/NEMO,2023-04-27T16:00:00,2023-04-27T17:00:00,2023-04-27T13:10:00,90,110.88,104.71,108.77,630,5020,380,,150,100,,
2023-04-27T13:17:55,,2023_04_27-13_20,2023_04_27-13_20-7,Buy,850,IFA1/IFA2/BN/NEMO,2023-04-27T17:00:00,2023-04-27T18:00:00,2023-04-27T13:10:00,100,122.24,116.38,119.35,280,5811,50,,230,,,
2023-04-27T13:17:55,,2023_04_27-13_20,2023_04_27-13_20-8,Buy,700,IFA1/IFA2/EL/BN/NEMO,2023-04-27T18:00:00,2023-04-27T19:00:00,2023-04-27T13:10:00,100,128.5,128,128.13,130,10643,30,29,71,,0,
2023-04-27T13:17:55,,2023_04_27-13_20,2023_04_27-13_20-9,Buy,700,IFA1/IFA2/EL/BN/NEMO,2023-04-27T19:00:00,2023-04-27T20:00:00,2023-04-27T13:10:00,95,124.42,121.07,123.39,130,12662,54,76,0,,0,
2023-05-03T00:15:14,,2023_05_03-00_40,2023_05_03-00_40-1,Buy,700,IFA1/BN/NEMO/IFA2/EL,2023-05-03T05:00:00,2023-05-03T06:00:00,2023-05-03T00:10:00,90,121.01,116.42,118.81,700,2992,329,,,271,100,
2023-05-03T00:15:14,,2023_05_03-00_40,2023_05_03-00_40-2,Buy,600,IFA1/BN/NEMO/IFA2/EL,2023-05-03T06:00:00,2023-05-03T07:00:00,2023-05-03T00:10:00,100,121.4,116.42,118.41,600,2610,120,113,45,198,124,
2023-05-03T22:27:11,,2023_05_03-22_53,2023_05_03-22_53-1,Sell,500,IFA1/IFA2/BN/NEMO,2023-05-04T01:00:00,2023-05-04T02:00:00,2023-05-03T22:20:00,90,46.65,51.57,48.3,500,2046,200,50,200,50,,
2023-05-03T22:27:11,,2023_05_03-22_53,2023_05_03-22_53-2,Sell,500,IFA1/IFA2/BN/NEMO,2023-05-04T02:00:00,2023-05-04T03:00:00,2023-05-03T22:20:00,90,45.49,53.49,47.7,500,1851,280,,100,120,,
2023-05-03T22:27:11,,2023_05_03-22_53,2023_05_03-22_53-3,Sell,500,IFA1/IFA2/NEMO,2023-05-04T03:00:00,2023-05-04T04:00:00,2023-05-03T22:20:00,95,46.65,54.37,49.57,500,1343,300,,50,150,,
2023-05-04T00:23:46,,2023_05_04-00_50,2023_05_04-00_50-1,Buy,1200,IFA1/IFA2/BN/NEMO/EL,2023-05-04T05:00:00,2023-05-04T06:00:00,2023-05-04T00:20:00,85,121.54,114.35,118.32,1200,3865,237,434,150,161,218,
2023-05-04T00:23:46,,2023_05_04-00_50,2023_05_04-00_50-2,Buy,1200,IFA1/IFA2/BN/NEMO/EL,2023-05-04T06:00:00,2023-05-04T07:00:00,2023-05-04T00:20:00,90,118.82,113.33,116.51,1200,3892,145,192,250,148,465,
2023-05-04T10:04:15,,2023_05_04-10_30,2023_05_04-10_30-1,Sell,500,IFA1/IFA2/BN/NEMO,2023-05-04T12:00:00,2023-05-04T13:00:00,2023-05-04T10:00:00,70,26.75,31.28,28.42,500,3161,373,,25,102,,
2023-05-04T10:04:15,,2023_05_04-10_30,2023_05_04-10_30-2,Sell,500,IFA1/IFA2/BN/NEMO,2023-05-04T13:00:00,2023-05-04T14:00:00,2023-05-04T10:00:00,70,32.66,37.27,35.21,500,3277,240,,85,175,,
2023-05-04T13:04:02,,2023_05_04-13_30,2023_05_04-13_30-1,Buy,750,IFA1/IFA2/BN/NEMO/EL,2023-05-04T18:00:00,2023-05-04T19:00:00,2023-05-04T13:00:00,90,112.33,107.04,110.72,750,8413,199,236,,50,265,
2023-05-04T13:04:02,,2023_05_04-13_30,2023_05_04-13_30-2,Buy,450,IFA1/IFA2/BN/NEMO/EL,2023-05-04T19:00:00,2023-05-04T20:00:00,2023-05-04T13:00:00,90,106.14,100.69,104.04,450,6566,75,250,,50,75,
2023-05-04T13:04:02,,2023_05_04-13_30,2023_05_04-13_30-3,Buy,350,IFA1/IFA2/BN/NEMO/EL,2023-05-04T20:00:00,2023-05-04T21:00:00,2023-05-04T13:00:00,80,99.01,93.41,95.98,350,5877,3,347,,,,
2023-05-04T13:04:02,,2023_05_04-13_30,2023_05_04-13_30-4,Buy,600,IFA1/IFA2/BN/NEMO/EL,2023-05-04T21:00:00,2023-05-04T22:00:00,2023-05-04T13:00:00,70,95.46,91.08,93.65,600,7497,198,100,,100,202,
2023-05-04T16:14:12,,2023_05_04-16_49,2023_05_04-16_49-1,Buy,500,IFA1/IFA2/BN/NEMO,2023-05-04T18:00:00,2023-05-04T19:00:00,2023-05-04T16:10:00,90,116.23,111.4,114.87,500,3194,425,,,75,,
2023-05-04T16:14:12,,2023_05_04-16_49,2023_05_04-16_49-2,Buy,500,IFA1/IFA2/BN/NEMO,2023-05-04T19:00:00,2023-05-04T20:00:00,2023-05-04T16:10:00,90,115.33,112.38,114,500,3211,275,150,,75,,
2023-05-04T16:14:12,"Due to French electricity system conditions, NGESO is unable to trade on the interconnectors joining GB and France.",2023_05_04-16_49,2023_05_04-16_49-3,Buy,500,IFA1/IFA2/BN/NEMO,2023-05-04T20:00:00,2023-05-04T21:00:00,2023-05-04T16:10:00,80,138.81,99.89,109.69,500,2858,50,332,118,,,
2023-05-04T23:32:19,,2023_05_05-00_00,2023_05_05-00_00-1,Buy,600,IFA1/IFA2/BN/NEMO/EL,2023-05-05T05:00:00,2023-05-05T06:00:00,2023-05-04T23:25:00,80,112.75,109.88,111.52,600,3356,372,50,,128,50,
2023-05-04T23:32:19,,2023_05_05-00_00,2023_05_05-00_00-2,Buy,900,IFA1/IFA2/BN/NEMO/EL,2023-05-05T06:00:00,2023-05-05T07:00:00,2023-05-04T23:25:00,90,118.18,109.88,114.96,900,4248,450,50,,201,199,
2023-05-05T19:19:34,,2023_05_05-19_38,2023_05_05-19_38-1,Sell,500,IFA2,2023-05-06T09:00:00,2023-05-06T10:00:00,2023-05-05T19:15:00,120,54.1,58.62,55.65,500,1133,,,,500,,
2023-05-05T19:19:34,,2023_05_05-19_38,2023_05_05-19_38-2,Sell,500,IFA2,2023-05-06T10:00:00,2023-05-06T11:00:00,2023-05-05T19:15:00,110,52.8,56.11,53.98,500,3830,,,,500,,
2023-05-05T19:19:34,,2023_05_05-19_38,2023_05_05-19_38-3,Sell,500,IFA2,2023-05-06T11:00:00,2023-05-06T12:00:00,2023-05-05T19:15:00,100,38.11,41.9,39.83,500,3980,,,,500,,
2023-05-05T19:19:34,,2023_05_05-19_38,2023_05_05-19_38-4,Sell,500,IFA2,2023-05-06T12:00:00,2023-05-06T13:00:00,2023-05-05T19:15:00,85,34.34,37.49,35.47,500,3980,,,,500,,
2023-05-05T19:19:34,,2023_05_05-19_38,2023_05_05-19_38-5,Sell,500,IFA2,2023-05-06T13:00:00,2023-05-06T14:00:00,2023-05-05T19:15:00,85,45.58,48.94,46.55,500,3980,,,,500,,
2023-05-05T19:19:34,,2023_05_05-19_38,2023_05_05-19_38-6,Sell,500,IFA2,2023-05-06T14:00:00,2023-05-06T15:00:00,2023-05-05T19:15:00,85,54.96,58.62,56.21,500,3980,,,,500,,
2023-05-08T14:43:44,,2023_05_08-15_07,2023_05_08-15_07-1,Buy,800,IFA1/BN/NEMO/IFA2/EL,2023-05-08T20:00:00,2023-05-08T21:00:00,2023-05-08T14:40:00,80,117,110.2,114.74,800,6185,400,,,220,180,
2023-05-08T14:43:44,,2023_05_08-15_07,2023_05_08-15_07-2,Buy,1800,IFA1/BN/NEMO/IFA2/EL,2023-05-08T21:00:00,2023-05-08T22:00:00,2023-05-08T14:40:00,70,112.98,98.3,107.67,1800,8793,1244,,,244,312,
2023-05-08T19:35:00,"Due to French electricity system conditions, NGESO is unable to trade on the interconnectors joining GB and France.",2023_05_08-19_59,2023_05_08-19_59-1,Buy,1000,IFA1/BN/NEMO/IFA2/EL,2023-05-09T06:00:00,2023-05-09T07:00:00,2023-05-08T19:30:00,85,134.04,108.49,121.92,1000,3231,410,150,350,90,,
2023-05-08T19:35:00,,2023_05_08-19_59,2023_05_08-19_59-2,Buy,700,BN/NEMO,2023-05-09T10:00:00,2023-05-09T11:00:00,2023-05-08T19:30:00,75,132,125,128.58,700,4407,,110,590,,,
2023-05-10T21:08:59,,2023_05_10-21_37,2023_05_10-21_37-1,Buy,500,IFA1/IFA2/EL/BN/NEMO,2023-05-11T05:00:00,2023-05-11T06:00:00,2023-05-10T21:05:00,90,136.12,127.44,132.63,500,4585,98,157,100,50,95,
2023-05-10T21:08:59,"Due to French electricity system conditions, NGESO is unable to trade on the interconnectors joining GB and France. For more information, see this link to French margin graph: https://www.services-rte.com/en/view-data-published-by-rte/balancing-capacities.html#:~:text=RTE%20proposes%20on%20this%20web,best%20hypothesis%20at%20our%20disposal",2023_05_10-21_37,2023_05_10-21_37-2,Buy,1000,IFA1/IFA2/EL/BN/NEMO,2023-05-11T06:00:00,2023-05-11T07:00:00,2023-05-10T21:05:00,100,160,144.8,153.77,1000,6588,191,500,,25,284,
2023-05-11T23:33:38,,2023_05_11-23_56,2023_05_11-23_56-1,Buy,900,IFA1/IFA2/NEMO/BN/EL,2023-05-12T05:00:00,2023-05-12T06:00:00,2023-05-11T23:30:00,85,116.97,109.88,114.24,900,5762,526,75,100,199,,
2023-05-11T23:33:38,,2023_05_11-23_56,2023_05_11-23_56-2,Buy,500,IFA1/IFA2/NEMO/BN/EL,2023-05-12T06:00:00,2023-05-12T07:00:00,2023-05-11T23:30:00,90,122.16,116.88,119.66,500,6484,200,,50,250,,
2023-05-13T06:41:43,,2023_05_13-07_11,2023_05_13-07_11-1,Sell,300,NEMO,2023-05-13T10:00:00,2023-05-13T11:00:00,2023-05-13T06:40:00,80,-40,-5,-27.29,300,1788,,,300,,,
2023-05-13T06:41:43,,2023_05_13-07_11,2023_05_13-07_11-2,Sell,300,NEMO,2023-05-13T11:00:00,2023-05-13T12:00:00,2023-05-13T06:40:00,65,-54.1,-30,-40.57,300,1820,,,300,,,
2023-05-13T10:11:39,,2023_05_13-10_41,2023_05_13-10_41-1,Sell,300,NEMO,2023-05-13T12:00:00,2023-05-13T13:00:00,2023-05-13T10:25:00,80,,,,,0,,,,,,
2023-05-13T10:11:39,,2023_05_13-10_41,2023_05_13-10_41-2,Sell,400,NEMO,2023-05-13T13:00:00,2023-05-13T14:00:00,2023-05-13T10:25:00,80,,,,,0,,,,,,
2023-05-13T10:11:39,,2023_05_13-10_41,2023_05_13-10_41-3,Sell,300,IFA1/NEMO/IFA2,2023-05-13T14:00:00,2023-05-13T15:00:00,2023-05-13T10:25:00,80,,,,,0,,,,,,
2023-05-13T10:11:39,,2023_05_13-10_41,2023_05_13-10_41-4,Sell,200,IFA1/NEMO/IFA2/EL,2023-05-13T15:00:00,2023-05-13T16:00:00,2023-05-13T10:25:00,85,,,,,0,,,,,,
2023-05-14T14:22:46,,2023_05_14-14_55,2023_05_14-14_55-1,Buy,400,BN/NEMO,2023-05-14T18:00:00,2023-05-14T19:00:00,2023-05-14T14:20:00,90,129,122.7,126.31,400,1771,,400,,,,
2023-05-15T00:37:31,,2023_05_15-00_47,2023_05_15-00_47-1,Buy,500,IFA1/BN/NEMO/EL,2023-05-15T04:00:00,2023-05-15T05:00:00,2023-05-15T00:30:42,58,108.53,93.5,104.2,500,4881,247,,,,253,
2023-05-15T00:37:31,,2023_05_15-00_47,2023_05_15-00_47-2,Buy,1350,IFA1/BN/NEMO/EL,2023-05-15T05:00:00,2023-05-15T06:00:00,2023-05-15T00:30:42,72,132.87,118,127.38,1350,6057,895,,111,,344,
2023-05-15T00:37:31,,2023_05_15-00_47,2023_05_15-00_47-3,Buy,700,IFA1/BN/NEMO/EL,2023-05-15T06:00:00,2023-05-15T07:00:00,2023-05-15T00:30:42,83,132.7,118.98,127.16,700,7138,617,,,,83,
2023-05-15T00:37:31,,2023_05_15-00_47,2023_05_15-00_47-4,Buy,500,IFA1/BN/NEMO/IFA2/EL,2023-05-15T04:00:00,2023-05-15T05:00:00,2023-05-15T00:30:42,58,0,93.5,0,0,5394,0,,,,0,
2023-05-15T00:37:31,,2023_05_15-00_47,2023_05_15-00_47-5,Buy,900,IFA1/BN/NEMO/IFA2/EL,2023-05-15T05:00:00,2023-05-15T06:00:00,2023-05-15T00:30:42,72,121.84,116.3,117.28,200,6703,0,,0,200,0,
2023-05-15T00:37:31,,2023_05_15-00_47,2023_05_15-00_47-6,Buy,800,IFA1/BN/NEMO/IFA2/EL,2023-05-15T06:00:00,2023-05-15T07:00:00,2023-05-15T00:30:42,83,123.75,120.86,121.7,100,7712,0,,,100,0,
2023-05-15T00:37:31,,2023_05_15-00_47,2023_05_15-00_47-7,Buy,500,IFA1/BN/NEMO/IFA2/EL,2023-05-15T07:00:00,2023-05-15T08:00:00,2023-05-15T00:30:42,76,0,0,0,0,5678,,,,,,
2023-05-15T20:11:17,"Due to French electricity system conditions, NGESO is unable to trade on the interconnectors joining GB and France.",2023_05_15-20_32,2023_05_15-20_32-1,Buy,1000,IFA1/IFA2/EL/NEMO/BN,2023-05-16T05:00:00,2023-05-16T06:00:00,2023-05-15T20:05:00,70,109.81,102,104.44,1000,3759,202,500,,,298,
2023-05-18T11:58:31,,2023_05_18-12_20,2023_05_18-12_20-1,Buy,600,BN,2023-05-18T17:00:00,2023-05-18T18:00:00,2023-05-18T11:55:00,80,89.58,80,84.51,600,3594,,600,,,,
2023-05-18T11:58:31,,2023_05_18-12_20,2023_05_18-12_20-2,Buy,500,BN,2023-05-18T18:00:00,2023-05-18T19:00:00,2023-05-18T11:55:00,90,99.8,95,96.95,500,3394,,500,,,,
2023-05-18T11:58:31,,2023_05_18-12_20,2023_05_18-12_20-3,Buy,700,BN,2023-05-18T19:00:00,2023-05-18T20:00:00,2023-05-18T11:55:00,90,101,95.59,98.86,700,3794,,700,,,,
2023-05-18T11:58:31,,2023_05_18-12_20,2023_05_18-12_20-4,Buy,400,BN,2023-05-18T20:00:00,2023-05-18T21:00:00,2023-05-18T11:55:00,80,98.6,93.98,96.21,400,3946,,400,,,,
2023-05-18T11:58:31,,2023_05_18-12_20,2023_05_18-12_20-5,Buy,400,BN/NEMO,2023-05-18T20:00:00,2023-05-18T21:00:00,2023-05-18T11:55:00,80,99.49,97.6,98.76,400,5754,,280,120,,,
2023-05-18T11:58:31,,2023_05_18-12_20,2023_05_18-12_20-6,Buy,700,BN,2023-05-18T21:00:00,2023-05-18T22:00:00,2023-05-18T11:55:00,70,88.69,84.13,87,700,3794,,700,,,,
2023-05-18T18:54:15,,2023_05_18-19_17,2023_05_18-19_17-1,Buy,400,IFA1/BN/NEMO/IFA2/EL,2023-05-19T06:00:00,2023-05-19T07:00:00,2023-05-18T18:50:00,76,102.48,97.22,99.6,400,2740,100,200,50,,50,
2023-05-19T18:53:13,,2023_05_19-19_13,2023_05_19-19_13-1,Sell,800,IFA1/IFA2/BN/NEMO/EL,2023-05-20T01:00:00,2023-05-20T02:00:00,2023-05-19T18:50:00,80,42.16,54.12,45.11,800,6765,322,228,250,,,
2023-05-19T18:53:13,,2023_05_19-19_13,2023_05_19-19_13-2,Sell,1000,IFA1/IFA2/BN/NEMO/EL,2023-05-20T02:00:00,2023-05-20T03:00:00,2023-05-19T18:50:00,75,39.44,53.61,43.38,1000,6716,352,318,330,,,
2023-05-19T18:53:13,,2023_05_19-19_13,2023_05_19-19_13-3,Sell,1200,IFA1/IFA2/BN/NEMO/EL,2023-05-20T03:00:00,2023-05-20T04:00:00,2023-05-19T18:50:00,75,35,51.68,40.23,1200,6498,252,400,548,,,
2023-05-19T18:53:13,,2023_05_19-19_13,2023_05_19-19_13-4,Sell,700,IFA1/IFA2/BN/NEMO/EL,2023-05-20T04:00:00,2023-05-20T05:00:00,2023-05-19T18:50:00,75,45.83,54.01,48.13,700,6637,202,178,120,,200,
2023-05-19T18:53:13,,2023_05_19-19_13,2023_05_19-19_13-5,Sell,800,IFA1/IFA2/BN/NEMO/EL,2023-05-20T05:00:00,2023-05-20T06:00:00,2023-05-19T18:50:00,80,47.76,54.34,49.46,800,7309,102,78,420,,200,
2023-05-19T18:53:13,,2023_05_19-19_13,2023_05_19-19_13-6,Sell,1000,IFA1/IFA2/BN/NEMO/EL,2023-05-20T06:00:00,2023-05-20T07:00:00,2023-05-19T18:50:00,80,45,55.34,46.9,1000,8404,252,78,370,100,200,
2023-05-20T09:23:08,,2023_05_20-09_52,2023_05_20-09_52-1,Sell,300,IFA1/BN/NEMO,2023-05-20T11:00:00,2023-05-20T12:00:00,2023-05-20T09:20:00,80,-49.71,-33.85,-37.8,300,2808,200,,100,,,
2023-05-20T09:23:08,,2023_05_20-09_52,2023_05_20-09_52-2,Sell,600,IFA1/BN/NEMO,2023-05-20T12:00:00,2023-05-20T13:00:00,2023-05-20T09:20:00,75,-56,-25.48,-39.08,600,4336,200,44,356,,,
2023-05-20T10:58:27,,2023_05_20-11_21,2023_05_20-11_21-1,Sell,1000,IFA1/BN/NEMO/IFA2,2023-05-20T13:00:00,2023-05-20T14:00:00,2023-05-20T10:55:00,65,-47.77,-17.83,-31.83,1000,7282,200,315,385,100,,
2023-05-20T10:58:27,,2023_05_20-11_21,2023_05_20-11_21-2,Sell,800,IFA1/BN/NEMO/IFA2,2023-05-20T14:00:00,2023-05-20T15:00:00,2023-05-20T10:55:00,60,-28.9,-11.04,-21.72,800,8043,200,61,464,75,,
2023-05-20T20:49:41,,2023_05_20-21_11,2023_05_20-21_11-1,Sell,500,IFA1/IFA2/BN/NEMO,2023-05-21T01:00:00,2023-05-21T02:00:00,2023-05-20T20:45:00,85,27.95,31.22,28.72,500,4773,201,201,,98,,
2023-05-20T20:49:41,,2023_05_20-21_11,2023_05_20-21_11-2,Sell,900,IFA1/IFA2/BN/NEMO,2023-05-21T02:00:00,2023-05-21T03:00:00,2023-05-20T20:45:00,80,23.33,25.73,23.89,900,5817,399,501,,,,
2023-05-20T20:49:41,,2023_05_20-21_11,2023_05_20-21_11-3,Sell,900,IFA1/IFA2/BN/NEMO,2023-05-21T03:00:00,2023-05-21T04:00:00,2023-05-20T20:45:00,70,22.76,24.32,23.45,900,5718,460,440,,,,
2023-05-20T20:49:41,,2023_05_20-21_11,2023_05_20-21_11-4,Sell,1300,IFA1/IFA2/BN/NEMO/EL,2023-05-21T04:00:00,2023-05-21T05:00:00,2023-05-20T20:45:00,65,19.3,26.47,21.66,1300,7581,498,502,200,,100,
2023-05-20T20:49:41,,2023_05_20-21_11,2023_05_20-21_11-5,Sell,1200,IFA1/IFA2/BN/NEMO/EL,2023-05-21T05:00:00,2023-05-21T06:00:00,2023-05-20T20:45:00,65,15.4,23.67,17.46,1200,7351,509,489,,102,100,
2023-05-20T20:49:41,,2023_05_20-21_11,2023_05_20-21_11-6,Sell,500,IFA1/IFA2/BN/NEMO/EL,2023-05-21T06:00:00,2023-05-21T07:00:00,2023-05-20T20:45:00,75,11.82,19.89,14.04,500,5775,259,139,,102,,
2023-05-20T20:49:41,,2023_05_20-21_11,2023_05_20-21_11-7,Sell,350,IFA1/IFA2/BN/NEMO/EL,2023-05-21T07:00:00,2023-05-21T08:00:00,2023-05-20T20:45:00,95,-2.11,11.95,0.98,350,4946,50,,,300,,
2023-05-21T02:54:39,,2023_05_21-02_59,2023_05_21-02_59-1,Sell,600,IFA1/IFA2/BN/NEMO,2023-05-21T06:00:00,2023-05-21T07:00:00,2023-05-21T02:45:00,75,26,29.25,28.03,600,5192,,510,,90,,
2023-05-21T02:54:39,,2023_05_21-02_59,2023_05_21-02_59-2,Sell,600,IFA1/IFA2/BN/NEMO,2023-05-21T07:00:00,2023-05-21T08:00:00,2023-05-21T02:45:00,95,5.6,11,7.04,600,5142,100,150,250,100,,
2023-05-21T02:54:39,,2023_05_21-02_59,2023_05_21-02_59-3,Sell,600,IFA1/IFA2/BN/NEMO,2023-05-21T08:00:00,2023-05-21T09:00:00,2023-05-21T02:45:00,95,-3.11,1.12,-0.98,600,5285,250,,250,100,,
2023-05-21T02:54:39,,2023_05_21-02_59,2023_05_21-02_59-4,Sell,600,IFA1/IFA2/BN/NEMO/EL,2023-05-21T09:00:00,2023-05-21T10:00:00,2023-05-21T02:45:00,90,-4.25,1.1,-2.58,600,5909,500,,,100,,
2023-05-21T02:54:39,,2023_05_21-02_59,2023_05_21-02_59-5,Sell,600,IFA1/IFA2/BN/NEMO/EL,2023-05-21T10:00:00,2023-05-21T11:00:00,2023-05-21T02:45:00,85,-4.11,0.5,-1.72,600,6162,459,,,100,41,
2023-05-21T02:54:39,,2023_05_21-02_59,2023_05_21-02_59-6,Sell,600,IFA1/IFA2/BN/NEMO/EL,2023-05-21T11:00:00,2023-05-21T12:00:00,2023-05-21T02:45:00,90,-14.64,-7,-11.83,600,6062,450,,,150,,
2023-05-21T04:05:20,,2023_05_21-04_25,2023_05_21-04_25-1,Sell,500,IFA1/IFA2/BN/NEMO,2023-05-21T06:00:00,2023-05-21T07:00:00,2023-05-21T04:00:00,75,23,35.99,28.12,500,4888,,500,,,,
2023-05-21T04:05:20,,2023_05_21-04_25,2023_05_21-04_25-2,Sell,500,IFA1/IFA2/BN/NEMO,2023-05-21T07:00:00,2023-05-21T08:00:00,2023-05-21T04:00:00,95,10.05,12.09,10.9,500,4619,150,19,181,150,,
2023-05-21T04:05:20,,2023_05_21-04_25,2023_05_21-04_25-3,Sell,500,IFA1/IFA2/BN/NEMO,2023-05-21T08:00:00,2023-05-21T09:00:00,2023-05-21T04:00:00,95,1.09,8.09,4.37,500,5267,,,410,90,,
2023-05-21T04:05:20,,2023_05_21-04_25,2023_05_21-04_25-4,Sell,500,IFA1/IFA2/BN/NEMO/EL,2023-05-21T09:00:00,2023-05-21T10:00:00,2023-05-21T04:00:00,90,0.1,3.04,1.02,500,6224,200,,109,150,41,
2023-05-21T04:05:20,,2023_05_21-04_25,2023_05_21-04_25-5,Sell,500,IFA1/IFA2/BN/NEMO/EL,2023-05-21T10:00:00,2023-05-21T11:00:00,2023-05-21T04:00:00,85,-4,1.09,-1.05,500,5837,300,,,,200,
2023-05-21T04:05:20,,2023_05_21-04_25,2023_05_21-04_25-6,Sell,500,IFA1/IFA2/BN/NEMO/EL,2023-05-21T11:00:00,2023-05-21T12:00:00,2023-05-21T04:00:00,90,-16.21,-11.62,-13.48,500,6130,309,,,50,141,
2023-05-21T10:10:39,"Due to French electricity system conditions, NGESO is unable to trade on the interconnectors joining GB and France.",2023_05_21-10_15,2023_05_21-10_15-1,Sell,2200,IFA1/IFA2/BN/NEMO,2023-05-21T12:00:00,2023-05-21T13:00:00,2023-05-21T10:00:00,80,-74.43,-10,-37.69,2200,6005,764,249,951,236,,
2023-05-21T10:10:39,"Due to French electricity system conditions, NGESO is unable to trade on the interconnectors joining GB and France.",2023_05_21-10_15,2023_05_21-10_15-2,Sell,2200,IFA1/IFA2/BN/NEMO,2023-05-21T13:00:00,2023-05-21T14:00:00,2023-05-21T10:00:00,70,-71.83,-12,-37.21,2200,5847,776,199,1001,224,,
2023-05-21T10:10:39,"Due to French electricity system conditions, NGESO is unable to trade on the interconnectors joining GB and France.",2023_05_21-10_15,2023_05_21-10_15-3,Sell,2200,IFA1/IFA2/BN/NEMO,2023-05-21T14:00:00,2023-05-21T15:00:00,2023-05-21T10:00:00,70,-46.55,-2,-19.18,2200,8298,725,323,877,275,,
2023-05-21T10:10:39,"Due to French electricity system conditions, NGESO is unable to trade on the interconnectors joining GB and France.",2023_05_21-10_15,2023_05_21-10_15-4,Sell,1200,IFA1/IFA2/BN/NEMO/EL,2023-05-21T15:00:00,2023-05-21T16:00:00,2023-05-21T10:00:00,85,-0.4,6.93,3.51,1200,8850,750,,200,,250,
2023-05-21T18:53:13,,2023_05_21-19_25,2023_05_21-19_25-1,Sell,500,IFA1/IFA2/BN/NEMO/EL,2023-05-21T23:00:00,2023-05-22T00:00:00,2023-05-21T18:50:00,75,78.59,89.45,81.98,500,5573,,420,80,,,
2023-05-21T18:53:13,,2023_05_21-19_25,2023_05_21-19_25-2,Sell,500,IFA1/IFA2/BN/NEMO/EL,2023-05-22T01:00:00,2023-05-22T02:00:00,2023-05-21T18:50:00,75,72,77,74.92,500,5594,,250,250,,,
2023-05-21T18:53:13,,2023_05_21-19_25,2023_05_21-19_25-3,Sell,200,IFA1/IFA2/BN/NEMO/EL,2023-05-22T02:00:00,2023-05-22T03:00:00,2023-05-21T18:50:00,75,75,79,76.79,200,4341,,50,150,,,
2023-05-21T22:07:23,,2023_05_21-22_40,2023_05_21-22_40-1,Buy,500,IFA1/IFA2/NEMO/EL,2023-05-22T05:00:00,2023-05-22T06:00:00,2023-05-21T22:05:00,75,96,90,93.62,500,3233,224,,,211,65,
2023-05-22T10:44:00,,2023_05_22-10_56,2023_05_22-10_56-1,Buy,250,NEMO,2023-05-22T15:00:00,2023-05-22T16:00:00,2023-05-22T10:35:00,60,96.9,95.8,96.62,250,1092,,,250,,,
2023-05-22T10:44:00,,2023_05_22-10_56,2023_05_22-10_56-2,Buy,500,NEMO,2023-05-22T18:00:00,2023-05-22T19:00:00,2023-05-22T10:35:00,85,134,115,119.84,379,3655,,,379,,,
2023-05-22T19:03:12,,2023_05_22-19_07,2023_05_22-19_07-1,Sell,200,IFA1/NEMO/IFA2,2023-05-23T01:00:00,2023-05-23T02:00:00,2023-05-22T19:00:00,72,66.96,75.73,73.44,200,3509,,,100,100,,
2023-05-22T19:03:12,,2023_05_22-19_07,2023_05_22-19_07-2,Sell,500,IFA1/NEMO/IFA2,2023-05-23T02:00:00,2023-05-23T03:00:00,2023-05-22T19:00:00,72,45,80.81,72.12,500,4779,98,,302,100,,
2023-05-22T19:03:12,,2023_05_22-19_07,2023_05_22-19_07-3,Sell,500,IFA1/NEMO/IFA2,2023-05-23T03:00:00,2023-05-23T04:00:00,2023-05-22T19:00:00,72,69.01,90.45,80.85,500,4750,57,,300,143,,
2023-05-24T20:29:03,,2023_05_24-19_34,2023_05_24-19_34-1,Sell,300,IFA1/IFA2/NEMO,2023-05-25T02:00:00,2023-05-25T03:00:00,2023-05-24T19:10:00,65,56.15,61.15,58.04,300,2682,125,,100,25,,
2023-05-24T22:13:36,,2023_05_24-22_39,2023_05_24-22_39-1,Sell,300,IFA1/IFA2,2023-05-25T01:00:00,2023-05-25T02:00:00,2023-05-24T22:10:00,67,48.07,57.74,51.3,300,1396,300,,,,,
2023-05-27T00:32:11,,2023_05_27-00_54,2023_05_27-00_54-1,Sell,400,IFA1/IFA2/EL/BN/NEMO,2023-05-27T05:00:00,2023-05-27T06:00:00,2023-05-27T00:30:00,80,62.07,66.24,63.47,400,2231,300,,,,100,
2023-05-27T00:32:11,,2023_05_27-00_54,2023_05_27-00_54-2,Sell,400,IFA1/IFA2/EL/BN/NEMO,2023-05-27T06:00:00,2023-05-27T07:00:00,2023-05-27T00:30:00,80,53.13,56.9,54.34,400,2356,100,,,200,100,
2023-05-27T00:32:11,,2023_05_27-00_54,2023_05_27-00_54-3,Sell,400,IFA1/IFA2/EL/BN/NEMO,2023-05-27T07:00:00,2023-05-27T08:00:00,2023-05-27T00:30:00,80,35,43,38.38,400,2716,100,,300,,,
2023-05-27T00:32:11,,2023_05_27-00_54,2023_05_27-00_54-4,Sell,400,IFA1/IFA2/EL/BN/NEMO,2023-05-27T08:00:00,2023-05-27T09:00:00,2023-05-27T00:30:00,80,-7.64,1,-4.46,400,2591,160,,,140,100,
2023-05-27T00:32:11,,2023_05_27-00_54,2023_05_27-00_54-5,Sell,1000,IFA1/IFA2/EL/BN/NEMO,2023-05-27T09:00:00,2023-05-27T10:00:00,2023-05-27T00:30:00,80,-28.91,-10.19,-19.82,1000,4631,400,,,200,400,
2023-05-27T00:32:11,,2023_05_27-00_54,2023_05_27-00_54-6,Sell,1800,IFA1/IFA2/EL/BN/NEMO,2023-05-27T10:00:00,2023-05-27T11:00:00,2023-05-27T00:30:00,60,-37.33,-10.16,-24.91,1800,5290,835,,10,455,500,
2023-05-27T00:32:11,,2023_05_27-00_54,2023_05_27-00_54-7,Sell,2300,IFA1/IFA2/EL/BN/NEMO,2023-05-27T11:00:00,2023-05-27T12:00:00,2023-05-27T00:30:00,40,-39.24,-10.16,-26.73,2300,5411,1193,50,10,605,442,
2023-05-27T08:38:06,,2023_05_27-09_11,2023_05_27-09_11-1,Sell,500,IFA1/IFA2/BN/NEMO,2023-05-27T11:00:00,2023-05-27T12:00:00,2023-05-27T08:35:00,30,-2.33,3.47,0.45,500,3401,325,,,175,,
2023-05-27T10:16:44,,2023_05_27-10_00,2023_05_27-10_00-1,Sell,3400,IFA1/IFA2/BN/NEMO,2023-05-27T12:00:00,2023-05-27T13:00:00,2023-05-27T10:10:00,25,-38.63,-12.74,-23.51,2700,8519,1585,,206,909,,
2023-05-27T10:16:44,,2023_05_27-10_00,2023_05_27-10_00-2,Sell,3400,IFA1/IFA2/BN/NEMO,2023-05-27T13:00:00,2023-05-27T14:00:00,2023-05-27T10:10:00,20,-40.53,-15.29,-26.45,2800,6482,1505,,421,874,,
2023-05-27T10:16:44,,2023_05_27-10_00,2023_05_27-10_00-3,Sell,3800,IFA1/IFA2/BN/NEMO,2023-05-27T14:00:00,2023-05-27T15:00:00,2023-05-27T10:10:00,25,-36.89,-12.64,-25.42,3300,10818,1930,25,230,1115,,
2023-05-27T10:16:44,,2023_05_27-10_00,2023_05_27-10_00-4,Sell,3500,IFA1/IFA2/BN/NEMO/EL,2023-05-27T15:00:00,2023-05-27T16:00:00,2023-05-27T10:10:00,60,5.21,25.48,15.91,3100,11581,1545,25,315,1215,,
2023-05-27T15:06:17,,2023_05_27-15_35,2023_05_27-15_35-1,Buy,300,BN/NEMO,2023-05-27T18:00:00,2023-05-27T19:00:00,2023-05-27T15:00:00,70,115.74,109,112.65,300,1218,,149,151,,,
2023-05-27T15:06:17,,2023_05_27-15_35,2023_05_27-15_35-2,Buy,400,BN/NEMO,2023-05-27T19:00:00,2023-05-27T20:00:00,2023-05-27T15:00:00,70,110.11,102.32,106.3,400,1119,,177,223,,,
2023-05-27T20:02:05,,2023_05_27-20_19,2023_05_27-20_19-1,Sell,600,IFA1/IFA2/NEMO/BN,2023-05-27T22:00:00,2023-05-27T23:00:00,2023-05-27T20:00:00,95,62.33,69.45,66.68,600,4644,165,175,260,,,
2023-05-27T20:02:05,,2023_05_27-20_19,2023_05_27-20_19-2,Sell,1000,IFA1/IFA2/NEMO/BN,2023-05-27T23:00:00,2023-05-28T00:00:00,2023-05-27T20:00:00,85,51.28,62.65,57.14,1000,4512,412,288,300,,,
2023-05-27T20:02:05,,2023_05_27-20_19,2023_05_27-20_19-3,Sell,1500,IFA1/IFA2/NEMO/BN,2023-05-28T00:00:00,2023-05-28T01:00:00,2023-05-27T20:00:00,80,48.01,63,53.55,1500,4497,837,288,375,,,
2023-05-27T20:02:05,,2023_05_27-20_19,2023_05_27-20_19-4,Sell,2000,IFA1/IFA2/NEMO/BN,2023-05-28T01:00:00,2023-05-28T02:00:00,2023-05-27T20:00:00,75,39,58,47.26,2000,4362,1123,438,369,70,,
2023-05-27T20:02:05,,2023_05_27-20_19,2023_05_27-20_19-5,Sell,2400,IFA1/IFA2/NEMO/BN,2023-05-28T02:00:00,2023-05-28T03:00:00,2023-05-27T20:00:00,75,36,58,45.29,2400,4388,1395,395,510,100,,
2023-05-27T20:02:05,,2023_05_27-20_19,2023_05_27-20_19-6,Sell,2800,IFA1/IFA2/NEMO/BN,2023-05-28T03:00:00,2023-05-28T04:00:00,2023-05-27T20:00:00,75,29.77,57.3,42.31,2800,4565,1457,478,540,325,,
2023-05-27T23:30:25,,2023_05_27-23_33,2023_05_27-23_33-1,Sell,2300,IFA1/IFA2/BN/NEMO/EL,2023-05-28T04:00:00,2023-05-28T05:00:00,2023-05-27T23:25:00,75,21.26,35.59,27.66,2300,5389,706,250,200,494,650,
2023-05-27T23:30:25,,2023_05_27-23_33,2023_05_27-23_33-2,Sell,2600,IFA1/IFA2/BN/NEMO/EL,2023-05-28T05:00:00,2023-05-28T06:00:00,2023-05-27T23:25:00,70,9.55,24.63,17.04,2600,5167,1050,302,200,427,621,
2023-05-27T23:30:25,,2023_05_27-23_33,2023_05_27-23_33-3,Sell,2100,IFA1/IFA2/BN/NEMO/EL,2023-05-28T06:00:00,2023-05-28T07:00:00,2023-05-27T23:25:00,65,-11,1.7,-4.59,2100,5696,964,300,100,300,436,
2023-05-27T23:30:25,,2023_05_27-23_33,2023_05_27-23_33-4,Sell,1200,IFA1/IFA2/BN/NEMO/EL,2023-05-28T07:00:00,2023-05-28T08:00:00,2023-05-27T23:25:00,85,-33.75,-23.78,-27.7,1200,4835,400,,50,250,500,
2023-05-27T23:30:25,,2023_05_27-23_33,2023_05_27-23_33-5,Sell,600,IFA1/IFA2/BN/NEMO/EL,2023-05-28T08:00:00,2023-05-28T09:00:00,2023-05-27T23:25:00,85,-21.16,-16.88,-19.54,600,4426,99,,51,150,300,
2023-05-27T23:30:25,,2023_05_27-23_33,2023_05_27-23_33-6,Sell,800,IFA1/IFA2/BN/NEMO/EL,2023-05-28T09:00:00,2023-05-28T10:00:00,2023-05-27T23:25:00,85,-27.71,-20.25,-23.7,800,4021,300,,,100,400,
2023-05-27T23:30:25,,2023_05_27-23_33,2023_05_27-23_33-7,Sell,800,IFA1/IFA2/BN/NEMO/EL,2023-05-28T10:00:00,2023-05-28T11:00:00,2023-05-27T23:25:00,75,-27.33,-18.56,-22.94,800,4825,300,,,200,300,
2023-05-27T23:30:25,,2023_05_27-23_33,2023_05_27-23_33-8,Sell,1000,IFA1/IFA2/BN/NEMO/EL,2023-05-28T11:00:00,2023-05-28T12:00:00,2023-05-27T23:25:00,80,-64.14,-42.19,-51.57,1000,4710,400,,,190,410,
2023-05-28T09:56:05,,2023_05_28-10_12,2023_05_28-10_12-1,Sell,2000,IFA1/IFA2/BN/NEMO,2023-05-28T12:00:00,2023-05-28T13:00:00,2023-05-28T09:50:00,60,-109.02,-82.95,-94.18,2000,4376,1470,,,530,,
2023-05-28T09:56:05,,2023_05_28-10_12,2023_05_28-10_12-2,Sell,2000,IFA1/IFA2/BN/NEMO,2023-05-28T13:00:00,2023-05-28T14:00:00,2023-05-28T09:50:00,30,-109.02,-84.64,-94.73,2000,4541,1500,,,500,,
2023-05-28T09:56:05,,2023_05_28-10_12,2023_05_28-10_12-3,Sell,2200,IFA1/IFA2/BN/NEMO,2023-05-28T14:00:00,2023-05-28T15:00:00,2023-05-28T09:50:00,30,-64.87,-49.26,-56.89,2200,9474,1700,75,25,400,,
2023-05-28T09:56:05,,2023_05_28-10_12,2023_05_28-10_12-4,Sell,1400,IFA1/IFA2/EL/BN/NEMO,2023-05-28T15:00:00,2023-05-28T16:00:00,2023-05-28T09:50:00,80,-21.23,0,-16.38,1400,8951,1100,75,25,200,,
2023-05-28T20:21:57,,2023_05_28-20_48,2023_05_28-20_48-1,Sell,2800,IFA1/IFA2/BN/NEMO,2023-05-28T22:00:00,2023-05-28T23:00:00,2023-05-28T20:20:00,90,11.92,30.32,20.89,2800,4693,917,1065,312,506,,
2023-05-28T21:18:03,,2023_05_28-21_36,2023_05_28-21_36-1,Sell,1700,IFA1/IFA2/BN/NEMO,2023-05-28T23:00:00,2023-05-29T00:00:00,2023-05-28T21:15:00,70,5,16.14,10.32,1700,4788,502,440,274,484,,
2023-05-28T21:18:03,,2023_05_28-21_36,2023_05_28-21_36-2,Sell,2200,IFA1/IFA2/BN/NEMO,2023-05-29T00:00:00,2023-05-29T01:00:00,2023-05-28T21:15:00,70,2,16.99,9.49,2200,4903,612,660,365,563,,
2023-05-28T21:18:03,,2023_05_28-21_36,2023_05_28-21_36-3,Sell,2200,IFA1/IFA2/BN/NEMO,2023-05-29T01:00:00,2023-05-29T02:00:00,2023-05-28T21:15:00,70,-20.08,7.63,-6.86,2200,4749,801,360,364,675,,
2023-05-28T21:18:03,"Due to French electricity system conditions, NGESO is unable to trade on the interconnectors joining GB and France. For more information, see this link to French margin graph: https://www.services-rte.com/en/view-data-published-by-rte/balancing-capacities.html#:~:text=RTE%20proposes%20on%20this%20web,best%20hypothesis%20at%20our%20disposal",2023_05_28-21_36,2023_05_28-21_36-4,Sell,2600,IFA1/IFA2/BN/NEMO,2023-05-29T02:00:00,2023-05-29T03:00:00,2023-05-28T21:15:00,70,-37.67,-6.74,-22.01,2600,4979,825,669,431,675,,
2023-05-28T21:18:03,,2023_05_28-21_36,2023_05_28-21_36-5,Sell,2600,IFA1/IFA2/BN/NEMO,2023-05-29T03:00:00,2023-05-29T04:00:00,2023-05-28T21:15:00,70,-35.15,5.05,-21.98,2600,5014,718,741,431,710,,
2023-05-28T21:18:03,"Due to French electricity system conditions, NGESO is unable to trade on the interconnectors joining GB and France. For more information, see this link to French margin graph: https://www.services-rte.com/en/view-data-published-by-rte/balancing-capacities.html#:~:text=RTE%20proposes%20on%20this%20web,best%20hypothesis%20at%20our%20disposal",2023_05_28-21_36,2023_05_28-21_36-6,Sell,2700,IFA1/IFA2/EL/BN/NEMO,2023-05-29T04:00:00,2023-05-29T05:00:00,2023-05-28T21:15:00,70,-24.99,16.83,-9.33,2700,5930,548,1010,190,325,627,
2023-05-28T21:18:03,,2023_05_28-21_36,2023_05_28-21_36-7,Sell,2300,IFA1/IFA2/EL/BN/NEMO,2023-05-29T05:00:00,2023-05-29T06:00:00,2023-05-28T21:15:00,70,10.52,25.26,15.56,2300,5892,552,698,125,374,551,
2023-05-29T00:39:53,,2023_05_29-00_40,2023_05_29-00_40-1,Sell,500,BN/NEMO,2023-05-29T02:00:00,2023-05-29T03:00:00,2023-05-29T00:20:00,70,-176.8,-80,-131.1,500,844,,195,305,,,
2023-05-29T00:39:53,,2023_05_29-00_40,2023_05_29-00_40-2,Sell,500,BN/NEMO,2023-05-29T03:00:00,2023-05-29T04:00:00,2023-05-29T00:20:00,70,-116.11,-35,-77.87,500,879,,50,450,,,
2023-05-29T00:39:53,,2023_05_29-00_40,2023_05_29-00_40-3,Sell,500,BN/NEMO,2023-05-29T04:00:00,2023-05-29T05:00:00,2023-05-29T00:20:00,70,-59.03,-29.72,-41.05,500,1925,,,500,,,
2023-05-29T00:39:53,,2023_05_29-00_40,2023_05_29-00_40-4,Sell,500,BN/NEMO,2023-05-29T05:00:00,2023-05-29T06:00:00,2023-05-29T00:20:00,70,-41.67,-21.23,-28.83,500,1976,,25,475,,,
2023-05-29T00:39:53,"Due to French electricity system conditions, NGESO is unable to trade on the interconnectors joining GB and France.",2023_05_29-00_40,2023_05_29-00_40-5,Sell,2500,IFA1/IFA2/EL/BN/NEMO,2023-05-29T06:00:00,2023-05-29T07:00:00,2023-05-29T00:20:00,80,-59.03,-20.84,-38.75,2500,7325,770,725,275,270,460,
2023-05-29T00:39:53,,2023_05_29-00_40,2023_05_29-00_40-6,Sell,1200,IFA1/IFA2/EL/BN/NEMO,2023-05-29T07:00:00,2023-05-29T08:00:00,2023-05-29T00:20:00,90,-55.58,-34.03,-46.94,1200,6895,420,,225,170,385,
2023-05-29T00:39:53,,2023_05_29-00_40,2023_05_29-00_40-7,Sell,1000,BN/NEMO,2023-05-29T08:00:00,2023-05-29T09:00:00,2023-05-29T00:20:00,100,-113.57,-52.09,-74.7,1000,3539,,200,800,,,
2023-05-29T00:39:53,,2023_05_29-00_40,2023_05_29-00_40-8,Sell,1400,BN/NEMO,2023-05-29T09:00:00,2023-05-29T10:00:00,2023-05-29T00:20:00,90,-170.36,-81.6,-116.19,1177,3879,,200,977,,,
2023-05-29T00:39:53,,2023_05_29-00_40,2023_05_29-00_40-9,Sell,2200,BN/NEMO,2023-05-29T10:00:00,2023-05-29T11:00:00,2023-05-29T00:20:00,80,-171.01,-114.59,-136.98,825,3829,,100,725,,,
2023-05-29T00:39:53,,2023_05_29-00_40,2023_05_29-00_40-10,Sell,2800,BN/NEMO,2023-05-29T11:00:00,2023-05-29T12:00:00,2023-05-29T00:20:00,70,-175.36,-168.42,-172.29,475,3729,,,475,,,
2023-05-29T02:04:26,,2023_05_29-02_31,2023_05_29-02_31-1,Sell,200,BN/NEMO,2023-05-29T10:00:00,2023-05-29T11:00:00,2023-05-29T02:00:00,80,-278.1,-199.67,-235.37,200,2120,,150,50,,,
2023-05-29T02:04:26,,2023_05_29-02_31,2023_05_29-02_31-2,Sell,1000,BN/NEMO,2023-05-29T11:00:00,2023-05-29T12:00:00,2023-05-29T02:00:00,70,-563.9,-283.08,-404.71,1000,3818,,496,504,,,
2023-05-29T10:35:03,,2023_05_29-10_31,2023_05_29-10_31-1,Sell,1400,BN/NEMO,2023-05-29T12:00:00,2023-05-29T13:00:00,2023-05-29T10:20:00,50,-449,-253.41,-338.26,1400,3848,,408,992,,,
2023-05-29T10:35:03,,2023_05_29-10_31,2023_05_29-10_31-2,Sell,1700,BN/NEMO,2023-05-29T13:00:00,2023-05-29T14:00:00,2023-05-29T10:20:00,35,-449.3,-203.15,-331.92,1700,3824,,583,1117,,,
2023-05-29T10:35:03,,2023_05_29-10_31,2023_05_29-10_31-3,Sell,1300,BN/NEMO,2023-05-29T14:00:00,2023-05-29T15:00:00,2023-05-29T10:20:00,45,-184.59,-111.65,-153.1,1300,6349,,1040,260,,,
2023-05-29T10:35:03,"Due to French electricity system conditions, NGESO is unable to trade on the interconnectors joining GB and France.",2023_05_29-10_31,2023_05_29-10_31-4,Sell,1700,IFA1/IFA2/BN/NEMO/EL,2023-05-29T15:00:00,2023-05-29T16:00:00,2023-05-29T10:20:00,80,-71.05,-13,-33.3,1700,13874,750,500,200,250,,
2023-05-29T19:48:31,,2023_05_29-20_05,2023_05_29-20_05-1,Sell,600,IFA1/IFA2/BN/NEMO,2023-05-29T23:00:00,2023-05-30T00:00:00,2023-05-29T19:45:00,70,56.05,57.71,57.15,600,7027,202,258,65,75,,
2023-05-29T19:48:31,,2023_05_29-20_05,2023_05_29-20_05-2,Sell,900,IFA1/IFA2/BN/NEMO,2023-05-30T00:00:00,2023-05-30T01:00:00,2023-05-29T19:45:00,70,50.11,55.97,52.81,900,8122,461,175,210,54,,
2023-05-29T19:48:31,,2023_05_29-20_05,2023_05_29-20_05-3,Sell,1200,IFA1/IFA2/BN/NEMO,2023-05-30T01:00:00,2023-05-30T02:00:00,2023-05-29T19:45:00,65,30.73,48,36,1200,8178,282,728,170,20,,
2023-05-29T19:48:31,,2023_05_29-20_05,2023_05_29-20_05-4,Sell,1200,IFA1/IFA2/BN/NEMO,2023-05-30T02:00:00,2023-05-30T03:00:00,2023-05-29T19:45:00,65,32.27,49.19,36.91,1200,8330,317,687,130,66,,
2023-05-29T19:48:31,,2023_05_29-20_05,2023_05_29-20_05-5,Sell,900,IFA1/IFA2/BN/NEMO,2023-05-30T03:00:00,2023-05-30T04:00:00,2023-05-29T19:45:00,75,38.58,57.37,44.3,900,6964,446,95,307,52,,
2023-05-29T19:48:31,,2023_05_29-20_05,2023_05_29-20_05-6,Sell,500,IFA1/IFA2/BN/NEMO/EL,2023-05-30T04:00:00,2023-05-30T05:00:00,2023-05-29T19:45:00,80,53.32,57.66,54.96,500,6234,320,150,30,,,
2023-05-30T10:28:16,,2023_05_30-10_53,2023_05_30-10_53-1,Sell,500,BN/NEMO,2023-05-30T13:00:00,2023-05-30T14:00:00,2023-05-30T10:20:00,60,15.62,23.32,17.95,500,3574,,255,245,,,
2023-05-30T10:28:16,,2023_05_30-10_53,2023_05_30-10_53-2,Sell,500,BN/NEMO,2023-05-30T14:00:00,2023-05-30T15:00:00,2023-05-30T10:20:00,65,22.66,29.12,24.03,500,6028,,320,180,,,
2023-05-30T13:16:41,,2023_05_30-13_42,2023_05_30-13_42-1,Buy,500,BN/NEMO/IFA1/IFA2,2023-05-30T16:00:00,2023-05-30T17:00:00,2023-05-30T13:10:00,65,97.76,89.56,95.01,500,3998,,165,335,,,
2023-05-30T13:16:41,,2023_05_30-13_42,2023_05_30-13_42-2,Buy,500,BN/NEMO/IFA1/IFA2,2023-05-30T17:00:00,2023-05-30T18:00:00,2023-05-30T13:10:00,75,109.37,104.93,106.89,500,4346,,,500,,,
2023-05-30T13:16:41,,2023_05_30-13_42,2023_05_30-13_42-3,Buy,500,BN/NEMO/IFA1/IFA2,2023-05-30T18:00:00,2023-05-30T19:00:00,2023-05-30T13:10:00,75,110.94,106.67,109.1,500,4938,,,500,,,
2023-05-31T10:24:31,,2023_05_31-10_42,2023_05_31-10_42-1,Sell,400,BN/NEMO,2023-05-31T13:00:00,2023-05-31T14:00:00,2023-05-31T10:20:00,60,-11,-5,-8.43,400,2625,,75,325,,,
2023-05-31T10:24:31,,2023_05_31-10_42,2023_05_31-10_42-2,Sell,1000,BN/NEMO,2023-05-31T14:00:00,2023-05-31T15:00:00,2023-05-31T10:20:00,60,-5.98,10.39,0.19,1000,5932,,124,876,,,
2023-05-31T14:36:10,,2023_05_31-14_55,2023_05_31-14_55-1,Buy,950,IFA1/IFA2/BN/NEMO,2023-05-31T16:00:00,2023-05-31T17:00:00,2023-05-31T14:25:00,55,86.72,79.78,84.63,950,1823,98,343,203,306,,
2023-05-31T14:36:10,,2023_05_31-14_55,2023_05_31-14_55-2,Buy,700,IFA1/IFA2/BN/NEMO,2023-05-31T17:00:00,2023-05-31T18:00:00,2023-05-31T14:25:00,70,98.32,92.1,95.49,700,1410,272,192,133,103,,
2023-05-31T14:36:10,,2023_05_31-14_55,2023_05_31-14_55-3,Buy,1350,IFA1/IFA2/EL/BN/NEMO,2023-05-31T18:00:00,2023-05-31T19:00:00,2023-05-31T14:25:00,75,108.63,98.88,104.61,1350,5542,630,343,188,140,49,
2023-05-31T14:36:10,,2023_05_31-14_55,2023_05_31-14_55-4,Buy,750,IFA1/IFA2/EL/BN/NEMO,2023-05-31T19:00:00,2023-05-31T20:00:00,2023-05-31T14:25:00,70,99.18,94.46,96.92,750,5092,330,205,102,15,98,
2023-05-31T16:17:32,,2023_05_31-16_45,2023_05_31-16_45-1,Buy,750,IFA1/IFA2/BN/NEMO,2023-05-31T21:00:00,2023-05-31T22:00:00,2023-05-31T16:15:00,60,87,80.56,84.42,750,3409,438,89,163,60,,
2023-05-31T21:13:38,,2023_05_31-21_27,2023_05_31-21_27-1,Sell,700,BN/NEMO/IFA1/IFA2,2023-06-01T01:00:00,2023-06-01T02:00:00,2023-05-31T21:10:00,70,50.72,54.95,52.65,700,4735,600,,50,50,,
2023-05-31T21:13:38,,2023_05_31-21_27,2023_05_31-21_27-2,Sell,400,BN/NEMO/IFA1/IFA2,2023-06-01T02:00:00,2023-06-01T03:00:00,2023-05-31T21:10:00,70,53.26,55.79,54.53,400,3644,400,,,,,
2023-05-31T20:28:19,,2023_05_31-21_27,2023_05_31-21_27-3,Buy,1500,BN/NEMO/IFA1/IFA2/EL,2023-06-01T05:00:00,2023-06-01T06:00:00,2023-05-31T21:00:00,70,,,,,,,,,,,
2023-05-31T20:28:19,,2023_05_31-21_27,2023_05_31-21_27-4,Buy,950,BN/NEMO/IFA1/IFA2/EL,2023-06-01T06:00:00,2023-06-01T07:00:00,2023-05-31T21:00:00,75,,,,,,,,,,,
2023-05-31T23:34:39,,2023_06_01-00_05,2023_06_01-00_05-1,Buy,700,BN/NEMO/IFA1/IFA2/EL,2023-06-01T05:00:00,2023-06-01T06:00:00,2023-05-31T23:30:00,70,106.26,99.89,103.93,700,4097,82,245,100,198,75,
2023-06-01T12:59:04,,2023_06_01-13_23,2023_06_01-13_23-1,Buy,200,IFA1/IFA2/BN/NEMO,2023-06-01T17:00:00,2023-06-01T18:00:00,2023-06-01T12:55:00,75,92.73,91.03,91.48,200,2616,77,,25,98,,
2023-06-01T12:59:04,,2023_06_01-13_23,2023_06_01-13_23-2,Buy,300,IFA1/IFA2/BN/NEMO,2023-06-01T18:00:00,2023-06-01T19:00:00,2023-06-01T12:55:00,85,94.15,91.5,92.82,300,4104,300,,,,,
2023-06-02T10:27:26,,2023_06_02-10_51,2023_06_02-10_51-1,Sell,500,IFA1/IFA2/BN/NEMO,2023-06-02T12:00:00,2023-06-02T13:00:00,2023-06-02T10:25:00,75,43.01,48.47,44.77,500,7184,225,111,40,124,,
2023-06-02T10:27:26,,2023_06_02-10_51,2023_06_02-10_51-2,Sell,1500,IFA1/IFA2/BN/NEMO,2023-06-02T13:00:00,2023-06-02T14:00:00,2023-06-02T10:25:00,65,36.04,42.78,38.91,1500,8545,840,161,225,274,,
2023-06-02T10:27:26,,2023_06_02-10_51,2023_06_02-10_51-3,Sell,800,IFA1/IFA2/BN/NEMO,2023-06-02T14:00:00,2023-06-02T15:00:00,2023-06-02T10:25:00,70,45.48,50.24,47.12,800,8398,475,130,175,20,,
2023-06-02T12:54:13,,2023_06_02-13_20,2023_06_02-13_20-1,Buy,500,IFA1/IFA2/BN/NEMO,2023-06-02T16:00:00,2023-06-02T17:00:00,2023-06-02T12:50:00,60,79.4,73.29,77.15,500,3888,25,65,300,110,,
2023-06-02T20:03:01,,2023_06_02-20_30,2023_06_02-20_30-1,Sell,300,IFA1/IFA2/BN/NEMO/EL,2023-06-03T04:00:00,2023-06-03T05:00:00,2023-06-02T20:00:00,70,54.66,58.7,56.53,300,3391,62,,,50,188,
2023-06-02T23:39:22,,2023_06_02-23_50,2023_06_02-23_50-1,Sell,300,IFA1/IFA2/BN/NEMO/EL,2023-06-03T05:00:00,2023-06-03T06:00:00,2023-06-02T23:35:00,75,60.33,60.33,60.33,300,3772,,,,100,200,
2023-06-02T23:39:22,,2023_06_02-23_50,2023_06_02-23_50-2,Sell,700,IFA1/IFA2/BN/NEMO/EL,2023-06-03T06:00:00,2023-06-03T07:00:00,2023-06-02T23:35:00,70,54.63,57.57,55.87,700,5190,400,,,300,,
2023-06-02T23:39:22,,2023_06_02-23_50,2023_06_02-23_50-3,Sell,200,IFA1/IFA2/BN/NEMO/EL,2023-06-03T09:00:00,2023-06-03T10:00:00,2023-06-02T23:35:00,70,0,0.28,0.14,200,3625,100,,,100,,
2023-06-02T23:39:22,,2023_06_02-23_50,2023_06_02-23_50-4,Sell,1000,IFA1/IFA2/BN/NEMO/EL,2023-06-03T10:00:00,2023-06-03T11:00:00,2023-06-02T23:35:00,75,-4.17,0.09,-1.19,1000,8017,950,,,,50,
2023-06-02T23:39:22,"Due to French electricity system conditions, NGESO is unable to trade on the interconnectors joining GB and France.",2023_06_02-23_50,2023_06_02-23_50-5,Sell,1600,IFA1/IFA2/BN/NEMO/EL,2023-06-03T11:00:00,2023-06-03T12:00:00,2023-06-02T23:35:00,60,-36.94,-8.4,-17.33,1600,8356,1000,,600,,,
2023-06-03T09:24:04,"Due to French electricity system conditions, NGESO is unable to trade on the interconnectors joining GB and France. For more information, see this link to French margin graph: https://www.services-rte.com/en/view-data-published-by-rte/balancing-capacities.html#:~:text=RTE%20proposes%20on%20this%20web,best%20hypothesis%20at%20our%20disposal",2023_06_03-09_43,2023_06_03-09_43-1,Sell,2200,IFA1/IFA2/BN/NEMO,2023-06-03T12:00:00,2023-06-03T13:00:00,2023-06-03T09:20:00,50,-44.4,-8.1,-27.07,2200,8797,585,304,896,415,,
2023-06-03T09:24:04,"Due to French electricity system conditions, NGESO is unable to trade on the interconnectors joining GB and France. For more information, see this link to French margin graph: https://www.services-rte.com/en/view-data-published-by-rte/balancing-capacities.html#:~:text=RTE%20proposes%20on%20this%20web,best%20hypothesis%20at%20our%20disposal",2023_06_03-09_43,2023_06_03-09_43-2,Sell,2300,IFA1/IFA2/BN/NEMO,2023-06-03T13:00:00,2023-06-03T14:00:00,2023-06-03T09:20:00,40,-41.9,-8.1,-24.73,2300,8888,650,359,941,350,,
2023-06-03T09:24:04,"Due to French electricity system conditions, NGESO is unable to trade on the interconnectors joining GB and France. For more information, see this link to French margin graph: https://www.services-rte.com/en/view-data-published-by-rte/balancing-capacities.html#:~:text=RTE%20proposes%20on%20this%20web,best%20hypothesis%20at%20our%20disposal",2023_06_03-09_43,2023_06_03-09_43-3,Sell,2200,IFA1/IFA2/BN/NEMO,2023-06-03T14:00:00,2023-06-03T15:00:00,2023-06-03T09:20:00,45,-38.97,-7.56,-18.71,2200,11202,660,554,646,340,,
2023-06-03T09:24:04,,2023_06_03-09_43,2023_06_03-09_43-4,Sell,1600,IFA1/IFA2/BN/NEMO/EL,2023-06-03T15:00:00,2023-06-03T16:00:00,2023-06-03T09:20:00,80,23.89,33.62,27.38,1600,12119,760,200,100,510,30,
2023-06-03T13:02:45,,2023_06_03-13_19,2023_06_03-13_19-1,Buy,300,IFA1/IFA2/BN/NEMO,2023-06-03T16:00:00,2023-06-03T17:00:00,2023-06-03T12:55:00,45,75.17,71.18,73.6,300,1979,122,,178,,,
2023-06-03T13:02:45,,2023_06_03-13_19,2023_06_03-13_19-2,Buy,300,IFA1/IFA2/BN/NEMO,2023-06-03T17:00:00,2023-06-03T18:00:00,2023-06-03T12:55:00,50,79.57,75.56,77.75,300,1699,97,,203,,,
2023-06-03T19:03:57,,2023_06_03-19_27,2023_06_03-19_27-1,Sell,1500,IFA1/IFA2/BN/NEMO,2023-06-03T22:00:00,2023-06-03T23:00:00,2023-06-03T19:00:00,95,51.79,62.55,55.79,1500,6872,675,375,50,400,,
2023-06-03T19:03:57,,2023_06_03-19_27,2023_06_03-19_27-2,Sell,1400,IFA1/IFA2/BN/NEMO,2023-06-03T23:00:00,2023-06-04T00:00:00,2023-06-03T19:00:00,85,45.54,55.39,50.17,1400,6454,609,500,150,141,,
2023-06-03T20:33:04,,2023_06_03-21_07,2023_06_03-21_07-1,Sell,500,IFA1/IFA2/BN/NEMO,2023-06-03T22:00:00,2023-06-03T23:00:00,2023-06-03T20:30:00,95,50.56,56.71,53.12,500,2385,194,70,200,36,,
2023-06-03T20:33:04,,2023_06_03-21_07,2023_06_03-21_07-2,Sell,200,IFA1/IFA2/BN/NEMO,2023-06-03T23:00:00,2023-06-04T00:00:00,2023-06-03T20:30:00,85,48.48,51.19,49.2,200,1689,50,,150,,,
2023-06-03T21:26:09,,2023_06_03-21_42,2023_06_03-21_42-1,Sell,2200,IFA1/IFA2/BN/NEMO,2023-06-04T00:00:00,2023-06-04T01:00:00,2023-06-03T21:20:00,85,28.41,41.84,34.61,2200,4807,718,873,559,50,,
2023-06-03T21:26:09,,2023_06_03-21_42,2023_06_03-21_42-2,Sell,1900,IFA1/IFA2/BN/NEMO,2023-06-04T01:00:00,2023-06-04T02:00:00,2023-06-03T21:20:00,75,23.66,41.84,31.86,1900,4492,1074,596,230,,,
2023-06-03T21:26:09,,2023_06_03-21_42,2023_06_03-21_42-3,Sell,2200,IFA1/IFA2/BN/NEMO,2023-06-04T02:00:00,2023-06-04T03:00:00,2023-06-03T21:20:00,75,18.13,41.56,27.71,2200,4407,1354,470,326,50,,
2023-06-03T21:26:09,,2023_06_03-21_42,2023_06_03-21_42-4,Sell,2500,IFA1/IFA2/BN/NEMO,2023-06-04T03:00:00,2023-06-04T04:00:00,2023-06-03T21:20:00,70,15.12,41.56,27.4,2500,4219,1316,584,400,200,,
2023-06-03T21:26:09,,2023_06_03-21_42,2023_06_03-21_42-5,Sell,2800,IFA1/IFA2/BN/NEMO/EL,2023-06-04T04:00:00,2023-06-04T05:00:00,2023-06-03T21:20:00,70,22.43,42.02,31.74,2800,6023,1213,637,400,350,200,
2023-06-03T21:26:09,,2023_06_03-21_42,2023_06_03-21_42-6,Sell,2500,IFA1/IFA2/BN/NEMO/EL,2023-06-04T05:00:00,2023-06-04T06:00:00,2023-06-03T21:20:00,70,31.05,46.22,36.29,2500,6798,1025,725,350,250,150,
2023-06-03T23:12:44,,2023_06_03-23_28,2023_06_03-23_28-1,Sell,2900,IFA1/IFA2/BN/NEMO/EL,2023-06-04T06:00:00,2023-06-04T07:00:00,2023-06-03T22:59:00,60,6,16.81,11.29,2900,8718,2000,649,101,150,,
2023-06-03T23:12:44,,2023_06_03-23_28,2023_06_03-23_28-2,Sell,2400,IFA1/IFA2/BN/NEMO/EL,2023-06-04T07:00:00,2023-06-04T08:00:00,2023-06-03T22:59:00,80,-12.89,0,-6.87,2400,8928,1375,500,200,125,200,
2023-06-03T23:12:44,,2023_06_03-23_28,2023_06_03-23_28-3,Sell,1600,IFA1/IFA2/BN/NEMO/EL,2023-06-04T08:00:00,2023-06-04T09:00:00,2023-06-03T22:59:00,90,-16.81,-8.4,-13.12,1600,8279,1500,,,50,50,
2023-06-03T23:12:44,,2023_06_03-23_28,2023_06_03-23_28-4,Sell,1900,IFA1/IFA2/BN/NEMO/EL,2023-06-04T09:00:00,2023-06-04T10:00:00,2023-06-03T22:59:00,80,-25.21,-8.4,-16.68,1900,8454,1550,,,250,100,
2023-06-03T23:12:44,,2023_06_03-23_28,2023_06_03-23_28-5,Sell,2500,IFA1/IFA2/BN/NEMO/EL,2023-06-04T10:00:00,2023-06-04T11:00:00,2023-06-03T22:59:00,80,-28.72,-8.34,-14.37,2500,8986,2000,,101,200,199,
2023-06-03T23:12:44,"Due to French electricity system conditions, NGESO is unable to trade on the interconnectors joining GB and France.",2023_06_03-23_28,2023_06_03-23_28-6,Sell,2500,IFA1/IFA2/BN/NEMO/EL,2023-06-04T11:00:00,2023-06-04T12:00:00,2023-06-03T22:59:00,80,-109.5,-16.69,-41.54,2500,8836,1350,20,980,100,50,
2023-06-04T09:51:27,"Due to French electricity system conditions, NGESO is unable to trade on the interconnectors joining GB and France.",2023_06_04-10_00,2023_06_04-10_00-1,Sell,2900,IFA1/IFA2/BN/NEMO,2023-06-04T12:00:00,2023-06-04T13:00:00,2023-06-04T09:45:00,60,-50,-26.67,-37.7,2900,8213,905,360,1040,595,,
2023-06-04T09:51:27,"Due to French electricity system conditions, NGESO is unable to trade on the interconnectors joining GB and France.",2023_06_04-10_00,2023_06_04-10_00-2,Sell,3200,IFA1/IFA2/BN/NEMO,2023-06-04T13:00:00,2023-06-04T14:00:00,2023-06-04T09:45:00,50,-47.65,-8.4,-27.36,3200,8118,1070,274,1426,430,,
2023-06-04T09:51:27,,2023_06_04-10_00,2023_06_04-10_00-3,Sell,2700,IFA1/IFA2/BN/NEMO,2023-06-04T14:00:00,2023-06-04T15:00:00,2023-06-04T09:45:00,50,-23.2,-6.72,-16.2,2700,11717,1354,325,270,751,,
2023-06-04T09:51:27,,2023_06_04-10_00,2023_06_04-10_00-4,Sell,2200,IFA1/IFA2/BN/NEMO/EL,2023-06-04T15:00:00,2023-06-04T16:00:00,2023-06-04T09:45:00,80,14.69,23.53,17.63,2200,12401,1325,300,100,275,200,
2023-06-05T16:26:49,,2023_06_05-16_45,2023_06_05-16_45-1,Buy,600,IFA1/IFA2/BN/NEMO,2023-06-05T19:00:00,2023-06-05T20:00:00,2023-06-05T16:20:00,80,101.96,93.15,98.09,600,2179,120,,405,75,,
2023-06-05T16:26:49,,2023_06_05-16_45,2023_06_05-16_45-2,Buy,500,IFA1/IFA2/BN/NEMO,2023-06-05T20:00:00,2023-06-05T21:00:00,2023-06-05T16:20:00,75,92.13,75,90.2,500,2228,174,6,65,255,,
2023-06-05T20:45:45,"Due to French electricity system conditions, NGESO is unable to trade on the interconnectors joining GB and France.",2023_06_05-21_12,2023_06_05-21_12-1,Buy,800,BN/NEMO/IFA1/IFA2/EL,2023-06-06T06:00:00,2023-06-06T07:00:00,2023-06-05T20:40:00,75,117.09,100.37,111.25,800,6590,60,269,381,87,3,
2023-06-08T15:05:30,,2023_06_08-15_29,2023_06_08-15_29-1,Buy,400,BN/NEMO,2023-06-08T17:00:00,2023-06-08T18:00:00,2023-06-08T15:00:00,65,0,0,0,0,1441,,,,,,
2023-06-08T15:05:30,,2023_06_08-15_29,2023_06_08-15_29-2,Buy,700,BN/NEMO,2023-06-08T18:00:00,2023-06-08T19:00:00,2023-06-08T15:00:00,70,0,0,0,0,2435,,,,,,
2023-06-09T09:04:36,,2023_06_09-09_29,2023_06_09-09_29-1,Sell,200,IFA1/IFA2/BN/NEMO,2023-06-09T11:00:00,2023-06-09T12:00:00,2023-06-09T09:00:00,70,58.13,58.13,58.13,200,2196,200,,,,,
2023-06-09T09:04:36,,2023_06_09-09_29,2023_06_09-09_29-2,Sell,200,IFA1/IFA2/BN/NEMO,2023-06-09T13:00:00,2023-06-09T14:00:00,2023-06-09T09:00:00,70,56.43,60.66,57.59,200,2094,100,,100,,,
2023-06-09T14:48:34,,2023_06_09-15_09,2023_06_09-15_09-1,Buy,500,IFA1/IFA2/BN/NEMO/EL,2023-06-09T20:00:00,2023-06-09T21:00:00,2023-06-09T14:45:00,70,91,87.99,89.3,500,5946,,326,124,,50,
2023-06-09T14:48:34,,2023_06_09-15_09,2023_06_09-15_09-2,Buy,500,IFA1/IFA2/BN/NEMO/EL,2023-06-09T21:00:00,2023-06-09T22:00:00,2023-06-09T14:45:00,60,81.31,78,79.87,500,6262,,295,124,,81,
2023-06-09T19:47:48,,2023_06_09-20_06,2023_06_09-20_06-1,Sell,1200,BN/NEMO/IFA1/IFA2,2023-06-09T23:00:00,2023-06-10T00:00:00,2023-06-09T19:40:00,85,59.64,69.05,62.09,1200,7030,452,140,319,289,,
2023-06-09T19:47:48,,2023_06_09-20_06,2023_06_09-20_06-2,Sell,1600,BN/NEMO/IFA1/IFA2,2023-06-10T00:00:00,2023-06-10T01:00:00,2023-06-09T19:40:00,80,55.62,65.01,59.67,1600,7301,636,367,325,272,,
2023-06-09T19:47:48,,2023_06_09-20_06,2023_06_09-20_06-3,Sell,1700,BN/NEMO/IFA1/IFA2,2023-06-10T01:00:00,2023-06-10T02:00:00,2023-06-09T19:40:00,80,52.87,62.08,57.35,1700,7406,732,302,325,341,,
2023-06-09T19:47:48,,2023_06_09-20_06,2023_06_09-20_06-4,Sell,2000,BN/NEMO/IFA1/IFA2,2023-06-10T02:00:00,2023-06-10T03:00:00,2023-06-09T19:40:00,80,45.4,58,51.7,2000,7489,808,448,371,373,,
2023-06-09T19:47:48,,2023_06_09-20_06,2023_06_09-20_06-5,Sell,2300,BN/NEMO/IFA1/IFA2,2023-06-10T03:00:00,2023-06-10T04:00:00,2023-06-09T19:40:00,80,44,58,50.08,2300,7501,849,468,500,483,,
2023-06-09T19:47:48,,2023_06_09-20_06,2023_06_09-20_06-6,Sell,2200,BN/NEMO/IFA1/IFA2/EL,2023-06-10T04:00:00,2023-06-10T05:00:00,2023-06-09T19:40:00,80,43,57,49.93,2200,6279,782,471,430,319,198,
2023-06-09T19:47:48,,2023_06_09-20_06,2023_06_09-20_06-7,Sell,1500,BN/NEMO/IFA1/IFA2/EL,2023-06-10T05:00:00,2023-06-10T06:00:00,2023-06-09T19:40:00,80,52.61,61.33,56.41,1500,6462,728,157,225,189,201,
2023-06-09T23:39:22,,2023_06_09-23_57,2023_06_09-23_57-1,Sell,1000,BN/NEMO/IFA1/IFA2/EL,2023-06-10T06:00:00,2023-06-10T07:00:00,2023-06-09T23:30:00,80,52.14,60.93,55.22,1000,10199,204,30,166,150,450,
2023-06-09T23:39:22,,2023_06_09-23_57,2023_06_09-23_57-2,Sell,800,BN/NEMO/IFA1/IFA2/EL,2023-06-10T07:00:00,2023-06-10T08:00:00,2023-06-09T23:30:00,80,39.97,49.74,43.51,800,8869,160,15,66,,559,
2023-06-09T23:39:22,,2023_06_09-23_57,2023_06_09-23_57-3,Sell,650,BN/NEMO/IFA1/IFA2/EL,2023-06-10T08:00:00,2023-06-10T09:00:00,2023-06-09T23:30:00,85,25.5,33.57,27.42,650,8401,135,,115,,400,
2023-06-09T23:39:22,,2023_06_09-23_57,2023_06_09-23_57-4,Sell,1800,BN/NEMO/IFA1/IFA2/EL,2023-06-10T09:00:00,2023-06-10T10:00:00,2023-06-09T23:30:00,80,2.58,27.43,8.87,1800,10975,310,,380,107,1003,
2023-06-09T23:39:22,,2023_06_09-23_57,2023_06_09-23_57-5,Sell,2500,BN/NEMO/IFA1/IFA2/EL,2023-06-10T10:00:00,2023-06-10T11:00:00,2023-06-09T23:30:00,65,-9.51,16.27,-4.14,2500,15009,610,,632,200,1058,
2023-06-09T23:39:22,,2023_06_09-23_57,2023_06_09-23_57-6,Sell,2600,BN/NEMO/IFA1/IFA2/EL,2023-06-10T11:00:00,2023-06-10T12:00:00,2023-06-09T23:30:00,40,-16.28,21.08,-8.52,2600,14737,900,,496,435,769,
2023-06-10T08:48:18,"Due to French electricity system conditions, NGESO is unable to trade on the interconnectors joining GB and France. For more information, see this link to French margin graph: https://www.services-rte.com/en/view-data-published-by-rte/balancing-capacities.html#:~:text=RTE%20proposes%20on%20this%20web,best%20hypothesis%20at%20our%20disposal",2023_06_10-09_16,2023_06_10-09_16-1,Sell,3100,IFA1/BN/NEMO/IFA2/EL,2023-06-10T12:00:00,2023-06-10T13:00:00,2023-06-10T08:46:05,20,-25,0.01,-14.72,3100,5298,551,300,800,699,750,
2023-06-10T08:48:18,"Due to French electricity system conditions, NGESO is unable to trade on the interconnectors joining GB and France. For more information, see this link to French margin graph: https://www.services-rte.com/en/view-data-published-by-rte/balancing-capacities.html#:~:text=RTE%20proposes%20on%20this%20web,best%20hypothesis%20at%20our%20disposal",2023_06_10-09_16,2023_06_10-09_16-2,Sell,4100,IFA1/BN/NEMO/IFA2/EL,2023-06-10T13:00:00,2023-06-10T14:00:00,2023-06-10T08:46:05,20,-49.77,0.01,-20.24,4100,5190,590,961,1139,731,679,
2023-06-10T08:48:18,"Due to French electricity system conditions, NGESO is unable to trade on the interconnectors joining GB and France. For more information, see this link to French margin graph: https://www.services-rte.com/en/view-data-published-by-rte/balancing-capacities.html#:~:text=RTE%20proposes%20on%20this%20web,best%20hypothesis%20at%20our%20disposal",2023_06_10-09_16,2023_06_10-09_16-3,Sell,4600,IFA1/BN/NEMO/IFA2/EL,2023-06-10T14:00:00,2023-06-10T15:00:00,2023-06-10T08:46:05,25,-59,-1.67,-22.19,4600,13762,865,1041,1559,350,785,
2023-06-10T10:47:30,"Due to French electricity system conditions, NGESO is unable to trade on the interconnectors joining GB and France.",2023_06_10-10_59,2023_06_10-10_59-1,Sell,3100,IFA1/IFA2/EL/BN/NEMO,2023-06-10T15:00:00,2023-06-10T16:00:00,2023-06-10T10:45:00,50,-4.5,35.15,17.63,3100,12380,1292,123,977,250,458,
2023-06-10T10:47:30,,2023_06_10-10_59,2023_06_10-10_59-2,Sell,750,IFA1/IFA2/EL/BN/NEMO,2023-06-10T16:00:00,2023-06-10T17:00:00,2023-06-10T10:45:00,75,56.14,61.65,58.71,750,9247,228,93,101,,328,
2023-06-10T18:44:13,,2023_06_10-18_55,2023_06_10-18_55-1,Sell,1000,IFA1/BN/NEMO/IFA2/EL,2023-06-10T22:00:00,2023-06-10T23:00:00,2023-06-10T18:40:00,95,63.15,77.23,68.25,1000,8046,444,280,100,125,51,
2023-06-10T18:44:13,,2023_06_10-18_55,2023_06_10-18_55-2,Sell,2000,IFA1/BN/NEMO/IFA2/EL,2023-06-10T23:00:00,2023-06-11T00:00:00,2023-06-10T18:40:00,85,49.95,63.67,54.49,2000,9040,855,200,125,468,352,
2023-06-10T18:44:13,,2023_06_10-18_55,2023_06_10-18_55-3,Sell,2300,IFA1/BN/NEMO/IFA2/EL,2023-06-11T00:00:00,2023-06-11T01:00:00,2023-06-10T18:40:00,80,42.1,59.92,47.07,2300,9362,925,470,25,630,250,
2023-06-10T18:44:13,,2023_06_10-18_55,2023_06_10-18_55-4,Sell,2500,IFA1/BN/NEMO/IFA2/EL,2023-06-11T01:00:00,2023-06-11T02:00:00,2023-06-10T18:40:00,84,35.38,58.21,40.23,2500,9484,945,320,125,660,450,
2023-06-10T18:44:13,,2023_06_10-18_55,2023_06_10-18_55-5,Sell,2600,IFA1/BN/NEMO/IFA2/EL,2023-06-11T02:00:00,2023-06-11T03:00:00,2023-06-10T18:40:00,82,29.88,45.76,35.82,2600,9904,926,320,329,475,550,
2023-06-10T18:44:13,,2023_06_10-18_55,2023_06_10-18_55-6,Sell,2600,IFA1/BN/NEMO/IFA2/EL,2023-06-11T03:00:00,2023-06-11T04:00:00,2023-06-10T18:40:00,81,29.28,54.59,34.45,2600,9865,845,330,425,450,550,
2023-06-10T18:44:13,,2023_06_10-18_55,2023_06_10-18_55-7,Sell,2600,IFA1/BN/NEMO/IFA2/EL,2023-06-11T04:00:00,2023-06-11T05:00:00,2023-06-10T18:40:00,75,25.83,39.84,30.29,2600,9244,945,305,200,850,300,
2023-06-10T18:44:13,,2023_06_10-18_55,2023_06_10-18_55-8,Sell,1700,IFA1/BN/NEMO/IFA2/EL,2023-06-11T05:00:00,2023-06-11T06:00:00,2023-06-10T18:40:00,87,24.98,36.6,28.54,1700,8632,840,115,25,560,160,
2023-06-10T18:44:13,,2023_06_10-18_55,2023_06_10-18_55-9,Sell,100,IFA1/BN/NEMO/IFA2/EL,2023-06-11T06:00:00,2023-06-11T07:00:00,2023-06-10T18:40:00,67,19.48,19.48,19.48,100,3060,,,,100,,
2023-06-11T14:32:27,,2023_06_11-14_58,2023_06_11-14_58-1,Buy,400,IFA2/EL/BN/NEMO,2023-06-11T20:00:00,2023-06-11T21:00:00,2023-06-11T14:25:00,75,119.3,105.98,113.51,400,1752,,208,,50,142,
2023-06-11T14:32:27,,2023_06_11-14_58,2023_06_11-14_58-2,Buy,400,IFA2/EL/BN/NEMO,2023-06-11T21:00:00,2023-06-11T22:00:00,2023-06-11T14:25:00,70,114,100.88,106.85,400,1598,,45,117,100,138,
2023-06-11T22:19:20,,2023_06_11-22_25,2023_06_11-22_25-1,Buy,1200,IFA1/IFA2/NEMO/BN,2023-06-12T03:00:00,2023-06-12T04:00:00,2023-06-11T22:00:00,70,101,85,96.79,1200,2594,99,529,347,225,,
2023-06-11T22:19:20,"Due to French electricity system conditions, NGESO is unable to trade on the interconnectors joining GB and France. For more information, see this link to French margin graph: https://www.services-rte.com/en/view-data-published-by-rte/balancing-capacities.html#:~:text=RTE%20proposes%20on%20this%20web,best%20hypothesis%20at%20our%20disposal",2023_06_11-22_25,2023_06_11-22_25-2,Buy,1050,IFA1/IFA2/EL/NEMO/BN,2023-06-12T04:00:00,2023-06-12T05:00:00,2023-06-11T22:00:00,75,117.1,95,113.48,1050,4869,99,220,530,201,,
2023-06-11T22:19:20,,2023_06_11-22_25,2023_06_11-22_25-3,Buy,1300,IFA1/IFA2/EL/NEMO/BN,2023-06-12T05:00:00,2023-06-12T06:00:00,2023-06-11T22:00:00,90,141,115,137.18,1300,4483,20,482,589,209,,
2023-06-11T22:19:20,,2023_06_11-22_25,2023_06_11-22_25-4,Buy,300,IFA1/IFA2/EL/NEMO/BN,2023-06-12T06:00:00,2023-06-12T07:00:00,2023-06-11T22:00:00,100,154.18,124.08,144.34,300,1875,16,195,74,15,,
2023-06-12T19:11:36,,2023_06_12-19_24,2023_06_12-19_24-1,Buy,150,IFA1/IFA2/NEMO/BN,2023-06-13T03:00:00,2023-06-13T04:00:00,2023-06-12T19:00:00,60,81.69,81.16,81.43,150,1394,75,75,,,,
2023-06-12T19:11:36,,2023_06_12-19_24,2023_06_12-19_24-2,Buy,1100,IFA1/IFA2/NEMO/BN/EL,2023-06-13T05:00:00,2023-06-13T06:00:00,2023-06-12T19:00:00,80,120.61,112.84,117.52,1100,4233,148,557,125,197,73,
2023-06-12T19:11:36,,2023_06_12-19_24,2023_06_12-19_24-3,Buy,500,IFA1/IFA2/NEMO/BN/EL,2023-06-13T06:00:00,2023-06-13T07:00:00,2023-06-12T19:00:00,90,119.25,115.7,117.49,500,3467,75,25,25,302,73,
2023-06-13T11:12:59,,2023_06_13-11_35,2023_06_13-11_35-1,Buy,600,IFA1/IFA2/EL/BN/NEMO,2023-06-13T18:00:00,2023-06-13T19:00:00,2023-06-13T11:00:00,90,119.24,115.15,118,600,7622,,100,110,365,25,
2023-06-13T11:12:59,,2023_06_13-11_35,2023_06_13-11_35-2,Buy,400,IFA2/EL/BN/NEMO,2023-06-13T19:00:00,2023-06-13T20:00:00,2023-06-13T11:00:00,85,109.81,106.58,108.39,400,6349,,,150,161,89,
2023-06-13T11:12:59,,2023_06_13-11_35,2023_06_13-11_35-3,Buy,400,IFA1/IFA2/EL/BN/NEMO,2023-06-13T20:00:00,2023-06-13T21:00:00,2023-06-13T11:00:00,80,100.39,97.16,99.03,400,6969,100,,81,125,94,
2023-06-14T02:21:34,,2023_06_14-02_52,2023_06_14-02_52-1,Buy,500,BN/NEMO/IFA1/IFA2,2023-06-14T05:00:00,2023-06-14T06:00:00,2023-06-14T02:15:00,80,109.89,102.87,104.48,500,2776,50,,450,,,
2023-06-14T19:46:26,,2023_06_14-20_09,2023_06_14-20_09-1,Buy,800,IFA1/BN/NEMO/IFA2/EL,2023-06-15T05:00:00,2023-06-15T06:00:00,2023-06-14T19:40:00,85,125.1,115.35,121.19,800,4976,422,,,208,170,
2023-06-14T19:46:26,,2023_06_14-20_09,2023_06_14-20_09-2,Buy,800,IFA1/BN/NEMO/IFA2/EL,2023-06-15T06:00:00,2023-06-15T07:00:00,2023-06-14T19:40:00,90,134.93,129.55,132.83,800,6242,218,175,75,233,99,
2023-06-14T22:05:43,,2023_06_14-22_34,2023_06_14-22_34-1,Buy,300,IFA1/BN/NEMO/IFA2/EL,2023-06-15T05:00:00,2023-06-15T06:00:00,2023-06-14T22:00:00,85,127.42,123.62,125.44,300,3204,10,90,200,,,
2023-06-14T22:05:43,,2023_06_14-22_34,2023_06_14-22_34-2,Buy,300,IFA1/BN/NEMO/IFA2/EL,2023-06-15T06:00:00,2023-06-15T07:00:00,2023-06-14T22:00:00,90,136.63,134.9,135.58,300,3591,100,,200,,,
2023-06-16T02:39:43,,2023_06_16-02_56,2023_06_16-02_56-1,Buy,1200,IFA1/IFA2/BN/NEMO,2023-06-16T05:00:00,2023-06-16T06:00:00,2023-06-16T02:35:00,118.36,129.77,124.26,127.49,1200,3623,554,,450,196,,
2023-06-16T02:39:43,,2023_06_16-02_56,2023_06_16-02_56-2,Buy,250,IFA1/IFA2/BN/NEMO,2023-06-16T06:00:00,2023-06-16T07:00:00,2023-06-16T02:35:00,127.65,123.48,120.2,122,250,2885,180,,21,49,,
2023-06-16T16:29:57,,2023_06_16-16_49,2023_06_16-16_49-1,Buy,300,IFA1/IFA2/EL/BN/NEMO,2023-06-16T22:00:00,2023-06-16T23:00:00,2023-06-16T16:15:00,90,0,0,0,0,4794,,,,,,
2023-06-16T16:29:57,,2023_06_16-16_49,2023_06_16-16_49-2,Buy,300,IFA1/IFA2/EL/BN/NEMO,2023-06-16T23:00:00,2023-06-17T00:00:00,2023-06-16T16:15:00,80,0,0,0,0,4872,,,,,,
2023-06-17T16:48:21,,2023_06_17-17_22,2023_06_17-17_22-1,Buy,650,IFA1/IFA2/BN/NEMO,2023-06-17T21:00:00,2023-06-17T22:00:00,2023-06-17T16:45:00,90,121.21,114.36,118.16,650,2992,420,,,230,,
2023-06-18T15:03:42,,2023_06_18-15_19,2023_06_18-15_19-1,Buy,700,IFA1/IFA2/BN/NEMO,2023-06-18T18:00:00,2023-06-18T19:00:00,2023-06-18T15:00:00,100,123.49,118.65,121.11,700,5362,500,,,200,,
2023-06-18T15:03:42,,2023_06_18-15_19,2023_06_18-15_19-2,Buy,800,IFA1/IFA2/BN/NEMO,2023-06-18T19:00:00,2023-06-18T20:00:00,2023-06-18T15:00:00,100,127.73,122.52,125.38,800,6096,604,,,196,,
2023-06-18T15:03:42,,2023_06_18-15_19,2023_06_18-15_19-3,Buy,900,IFA1/IFA2/BN/NEMO,2023-06-18T20:00:00,2023-06-18T21:00:00,2023-06-18T15:00:00,95,125.56,120.42,123.26,900,6463,825,,,75,,
2023-06-18T15:03:42,,2023_06_18-15_19,2023_06_18-15_19-4,Buy,500,IFA1/IFA2/BN/NEMO,2023-06-18T21:00:00,2023-06-18T22:00:00,2023-06-18T15:00:00,85,108.09,105.53,106.32,500,5260,450,,50,,,
2023-06-18T23:22:50,,2023_06_18-23_32,2023_06_18-23_32-1,Buy,1000,IFA1/IFA2/BN/NEMO/EL,2023-06-19T04:00:00,2023-06-19T05:00:00,2023-06-18T23:20:00,70,106,102.5,104.65,1000,8544,650,,350,,,
2023-06-18T23:22:50,,2023_06_18-23_32,2023_06_18-23_32-2,Buy,1600,IFA1/IFA2/BN/NEMO/EL,2023-06-19T05:00:00,2023-06-19T06:00:00,2023-06-18T23:20:00,80,126.88,121.68,124.49,1600,9158,502,,550,100,448,
2023-06-18T23:22:50,,2023_06_18-23_32,2023_06_18-23_32-3,Buy,700,IFA1/IFA2/BN/NEMO/EL,2023-06-19T06:00:00,2023-06-19T07:00:00,2023-06-18T23:20:00,95,124.8,122,123.93,700,12097,50,50,300,0,300,
2023-06-18T23:22:50,,2023_06_18-23_32,2023_06_18-23_32-4,Buy,100,IFA1/IFA2/BN/NEMO/EL,2023-06-19T05:00:00,2023-06-19T06:00:00,2023-06-18T23:20:00,80,127.45,126.88,127.28,100,9158,30,,0,0,70,
2023-06-18T23:22:50,,2023_06_18-23_32,2023_06_18-23_32-5,Buy,1100,IFA1/IFA2/BN/NEMO/EL,2023-06-19T06:00:00,2023-06-19T07:00:00,2023-06-18T23:20:00,95,128.12,124.8,126.56,1100,12097,386,270,150,148,146,
2023-06-18T22:47:30,,2023_06_18-23_32,2023_06_18-23_32-6,Buy,200,IFA1/BN/NEMO/EL,2023-06-19T07:00:00,2023-06-19T08:00:00,2023-06-18T23:20:00,90,,,,,,,,,,,
2023-06-18T22:33:45,,2023_06_18-23_32,2023_06_18-23_32-7,Buy,300,IFA1/BN/NEMO/EL,2023-06-19T08:00:00,2023-06-19T09:00:00,2023-06-18T23:20:00,80,,,,,,,,,,,
2023-06-18T22:33:45,,2023_06_18-23_32,2023_06_18-23_32-8,Buy,300,IFA1/BN/NEMO/EL,2023-06-19T09:00:00,2023-06-19T10:00:00,2023-06-18T23:20:00,75,,,,,,,,,,,
2023-06-18T22:33:45,,2023_06_18-23_32,2023_06_18-23_32-9,Buy,300,IFA1/BN/NEMO/EL,2023-06-19T10:00:00,2023-06-19T11:00:00,2023-06-18T23:20:00,70,,,,,,,,,,,
2023-06-19T13:33:11,,2023_06_19-13_35,2023_06_19-13_35-1,Buy,500,IFA1/BN/NEMO,2023-06-19T16:00:00,2023-06-19T17:00:00,2023-06-19T13:30:00,92,122.96,117.87,119.66,500,3705,,500,,,,
2023-06-19T13:33:11,,2023_06_19-13_35,2023_06_19-13_35-2,Buy,1300,IFA1/BN/NEMO,2023-06-19T17:00:00,2023-06-19T18:00:00,2023-06-19T13:30:00,110,160.67,152.92,157.8,1300,4699,209,766,325,,,
2023-06-19T13:33:11,,2023_06_19-13_35,2023_06_19-13_35-3,Buy,1100,IFA1/BN/NEMO/EL,2023-06-19T18:00:00,2023-06-19T19:00:00,2023-06-19T13:30:00,113,166.79,157.36,163.33,1100,7277,950,,,,150,
2023-06-19T13:33:11,,2023_06_19-13_35,2023_06_19-13_35-4,Buy,300,IFA1/BN/NEMO/EL,2023-06-19T19:00:00,2023-06-19T20:00:00,2023-06-19T13:30:00,105,138.83,132.82,135.68,300,5172,300,,,,,
2023-06-19T13:33:11,,2023_06_19-13_35,2023_06_19-13_35-5,Buy,200,IFA1/BN/NEMO/EL,2023-06-19T20:00:00,2023-06-19T21:00:00,2023-06-19T13:30:00,99,132.16,129.17,130.67,200,4163,200,,,,,
2023-06-19T21:46:39,,2023_06_19-21_52,2023_06_19-21_52-1,Buy,1000,BN/NEMO/IFA1/EL,2023-06-20T05:00:00,2023-06-20T06:00:00,2023-06-19T21:40:00,90,130,115.88,122.25,1000,5383,492,,,,508,
2023-06-19T21:46:39,,2023_06_19-21_52,2023_06_19-21_52-2,Buy,1400,BN/NEMO/IFA1/EL,2023-06-20T06:00:00,2023-06-20T07:00:00,2023-06-19T21:40:00,100,143.55,131.2,137.54,1400,7708,550,175,275,,400,
2023-06-19T21:46:39,,2023_06_19-21_52,2023_06_19-21_52-3,Buy,1050,BN/NEMO/IFA1/EL,2023-06-20T07:00:00,2023-06-20T08:00:00,2023-06-19T21:40:00,95,140,121.93,128.61,1010,5426,430,300,,,280,
2023-06-20T13:02:21,,2023_06_20-13_05,2023_06_20-13_05-1,Buy,200,IFA1/BN/NEMO,2023-06-20T15:00:00,2023-06-20T16:00:00,2023-06-20T12:50:00,82.86,114.5,108.63,111.76,200,1116,173,,27,,,
2023-06-20T13:02:21,,2023_06_20-13_05,2023_06_20-13_05-2,Buy,200,IFA1/BN/NEMO,2023-06-20T16:00:00,2023-06-20T17:00:00,2023-06-20T12:50:00,98.79,128,124.96,126.49,200,2100,144,,56,,,
2023-06-20T13:02:21,,2023_06_20-13_05,2023_06_20-13_05-3,Buy,662,IFA1/BN/NEMO,2023-06-20T17:00:00,2023-06-20T18:00:00,2023-06-20T12:50:00,112.64,167.7,140.18,152.67,662,4630,642,,20,,,
2023-06-20T13:02:21,,2023_06_20-13_05,2023_06_20-13_05-4,Buy,662,IFA1/BN/NEMO/EL,2023-06-20T18:00:00,2023-06-20T19:00:00,2023-06-20T12:50:00,116.37,185.39,149.11,162.19,662,5949,200,49,364,,49,
2023-06-20T14:27:13,,2023_06_20-15_06,2023_06_20-15_06-1,Buy,650,IFA1/BN,2023-06-20T16:00:00,2023-06-20T17:00:00,2023-06-20T14:25:00,110,164.26,117.11,136.33,650,848,543,107,,,,
2023-06-20T14:27:13,,2023_06_20-15_06,2023_06_20-15_06-2,Buy,650,IFA1/BN,2023-06-20T17:00:00,2023-06-20T18:00:00,2023-06-20T14:25:00,120,195.46,140.7,172.9,650,826,347,303,,,,
2023-06-20T14:27:13,,2023_06_20-15_06,2023_06_20-15_06-3,Buy,650,IFA1/BN/EL,2023-06-20T18:00:00,2023-06-20T19:00:00,2023-06-20T14:25:00,120,202,145.94,182.07,650,3141,,398,,,252,
2023-06-20T18:39:10,,2023_06_20-19_09,2023_06_20-19_09-1,Buy,400,IFA1/BN/NEMO/EL,2023-06-20T22:00:00,2023-06-20T23:00:00,2023-06-20T18:35:00,80,105,101.13,103.23,400,3871,153,147,100,,,
2023-06-20T20:23:16,,2023_06_20-20_38,2023_06_20-20_38-1,Buy,1450,IFA1/BN/NEMO/EL,2023-06-21T04:00:00,2023-06-21T05:00:00,2023-06-20T20:15:00,75,119.47,109.43,117.8,1450,7979,880,174,150,,246,
2023-06-20T20:23:16,,2023_06_20-20_38,2023_06_20-20_38-2,Buy,500,IFA1/BN/NEMO/EL,2023-06-21T05:00:00,2023-06-21T06:00:00,2023-06-20T20:15:00,90,126.94,123.99,124.93,500,5872,273,138,50,,39,
2023-06-20T20:23:16,,2023_06_20-20_38,2023_06_20-20_38-3,Buy,500,IFA1/BN/NEMO/EL,2023-06-21T05:00:00,2023-06-21T06:00:00,2023-06-20T20:15:00,90,127.64,126.94,127.21,500,5872,98,44,175,,183,
2023-06-20T20:23:16,,2023_06_20-20_38,2023_06_20-20_38-4,Buy,900,IFA1/BN/NEMO/EL,2023-06-21T06:00:00,2023-06-21T07:00:00,2023-06-20T20:15:00,95,131.59,128.09,129.79,900,7484,350,75,250,,225,
2023-06-21T13:33:02,,2023_06_21-13_49,2023_06_21-13_49-1,Buy,250,IFA1/BN/NEMO,2023-06-21T16:00:00,2023-06-21T17:00:00,2023-06-21T13:25:00,100,115.7,113.75,114.59,250,2087,100,150,,,,
2023-06-21T13:33:02,,2023_06_21-13_49,2023_06_21-13_49-2,Buy,250,IFA1/BN/NEMO,2023-06-21T17:00:00,2023-06-21T18:00:00,2023-06-21T13:25:00,110,142.56,139.3,140.46,250,2491,250,,,,,
2023-06-21T13:33:02,,2023_06_21-13_49,2023_06_21-13_49-3,Buy,250,IFA1/BN/NEMO/EL,2023-06-21T18:00:00,2023-06-21T19:00:00,2023-06-21T13:25:00,120,156.56,154,155.14,250,3312,85,,,,165,
2023-06-21T14:33:18,,2023_06_21-15_09,2023_06_21-15_09-1,Buy,200,IFA1/BN/NEMO,2023-06-21T16:00:00,2023-06-21T17:00:00,2023-06-21T14:30:00,100,109.17,104.17,106.17,200,1234,,195,5,,,
2023-06-21T14:33:18,,2023_06_21-15_09,2023_06_21-15_09-2,Buy,200,IFA1/BN/NEMO,2023-06-21T17:00:00,2023-06-21T18:00:00,2023-06-21T14:30:00,110,134.26,131.48,133.22,200,1280,175,25,,,,
2023-06-21T19:03:12,,2023_06_21-19_26,2023_06_21-19_26-1,Buy,780,IFA1/BN/NEMO/EL,2023-06-22T05:00:00,2023-06-22T06:00:00,2023-06-21T19:00:00,93,142.18,134.34,139.71,780,3578,213,247,198,,122,
2023-06-21T19:03:12,,2023_06_21-19_26,2023_06_21-19_26-2,Buy,380,IFA1/BN/NEMO/EL,2023-06-22T06:00:00,2023-06-22T07:00:00,2023-06-21T19:00:00,100,137.98,132.42,134.05,380,4407,380,,,,,
2023-06-22T11:17:03,,2023_06_22-11_38,2023_06_22-11_38-1,Sell,350,IFA1/EL,2023-06-22T16:00:00,2023-06-22T17:00:00,2023-06-22T11:15:00,120,121.02,122.74,121.72,350,4304,150,,,,200,
2023-06-22T11:17:03,,2023_06_22-11_38,2023_06_22-11_38-2,Sell,70,IFA1/EL,2023-06-22T17:00:00,2023-06-22T18:00:00,2023-06-22T11:15:00,140,137.93,142.8,139.84,70,1169,21,,,,49,
2023-06-22T11:17:03,,2023_06_22-11_38,2023_06_22-11_38-3,Sell,300,IFA1/EL,2023-06-22T19:00:00,2023-06-22T20:00:00,2023-06-22T11:15:00,150,118.45,121.92,119.43,300,3805,300,,,,,
2023-06-22T11:17:03,,2023_06_22-11_38,2023_06_22-11_38-4,Sell,150,IFA1/EL,2023-06-22T20:00:00,2023-06-22T21:00:00,2023-06-22T11:15:00,150,110.64,115,112.09,150,2315,150,,,,,
2023-06-22T21:05:41,,2023_06_22-21_18,2023_06_22-21_18-1,Buy,800,IFA1/NEMO/BN/EL,2023-06-23T06:00:00,2023-06-23T07:00:00,2023-06-22T20:55:00,105,122.4,118.18,121.32,800,5589,585,25,25,,165,
2023-06-22T21:05:41,,2023_06_22-21_18,2023_06_22-21_18-2,Sell,150,IFA1/EL,2023-06-23T08:00:00,2023-06-23T09:00:00,2023-06-22T20:55:00,110,88.46,88.46,88.46,150,1210,,,,,150,
2023-06-22T21:05:41,,2023_06_22-21_18,2023_06_22-21_18-3,Sell,100,IFA1/EL,2023-06-23T09:00:00,2023-06-23T10:00:00,2023-06-22T20:55:00,105,80.69,80.69,80.69,100,928,,,,,100,
2023-06-22T21:05:41,,2023_06_22-21_18,2023_06_22-21_18-4,Sell,100,IFA1/EL,2023-06-23T10:00:00,2023-06-23T11:00:00,2023-06-22T20:55:00,95,76.31,76.31,76.31,100,877,,,,,100,
2023-06-23T08:33:42,,2023_06_23-08_57,2023_06_23-08_57-1,Sell,400,IFA1/NEMO,2023-06-23T11:00:00,2023-06-23T12:00:00,2023-06-23T08:30:00,95,75,79.14,76,400,2528,245,,155,,,
2023-06-23T08:33:42,,2023_06_23-08_57,2023_06_23-08_57-2,Sell,600,IFA1/EL/NEMO,2023-06-23T12:00:00,2023-06-23T13:00:00,2023-06-23T08:30:00,95,70.27,73.18,71.61,600,3900,87,,114,,399,
2023-06-23T08:33:42,,2023_06_23-08_57,2023_06_23-08_57-3,Sell,600,IFA1/EL/NEMO,2023-06-23T13:00:00,2023-06-23T14:00:00,2023-06-23T08:30:00,92,66.96,71.24,68.5,600,3691,,,25,,575,
2023-06-23T08:33:42,,2023_06_23-08_57,2023_06_23-08_57-4,Sell,300,IFA1/EL/NEMO,2023-06-23T14:00:00,2023-06-23T15:00:00,2023-06-23T08:30:00,92,69.84,72.56,71.13,300,4162,220,,,,80,
2023-06-23T23:22:34,,2023_06_23-23_51,2023_06_23-23_51-1,Sell,100,IFA1/IFA2/BN/NEMO,2023-06-24T03:00:00,2023-06-24T04:00:00,2023-06-23T23:15:00,100,75.5,75.5,75.5,100,1801,,,100,,,
2023-06-23T23:22:34,,2023_06_23-23_51,2023_06_23-23_51-2,Sell,300,IFA1/IFA2/BN/NEMO/EL,2023-06-24T04:00:00,2023-06-24T05:00:00,2023-06-23T23:15:00,100,74,76.2,74.79,300,3136,23,226,51,,,
2023-06-23T23:22:34,,2023_06_23-23_51,2023_06_23-23_51-3,Sell,100,IFA1/IFA2/BN/NEMO/EL,2023-06-24T05:00:00,2023-06-24T06:00:00,2023-06-23T23:15:00,100,75.79,75.96,75.88,100,1985,50,,,,50,
2023-06-23T23:22:34,,2023_06_23-23_51,2023_06_23-23_51-4,Sell,800,IFA1/IFA2/BN/NEMO/EL,2023-06-24T06:00:00,2023-06-24T07:00:00,2023-06-23T23:15:00,100,73.65,75.79,74.79,800,7720,292,152,81,,275,
2023-06-24T03:56:09,,2023_06_24-04_27,2023_06_24-04_27-1,Sell,100,IFA1/IFA2/BN/NEMO,2023-06-24T08:00:00,2023-06-24T09:00:00,2023-06-24T03:50:00,95,53.56,54.71,54.14,100,795,,,50,50,,
2023-06-24T03:56:09,,2023_06_24-04_27,2023_06_24-04_27-2,Sell,200,IFA1/IFA2/BN/NEMO/EL,2023-06-24T10:00:00,2023-06-24T11:00:00,2023-06-24T03:50:00,100,12.16,13.68,12.97,200,1201,,,150,,50,
2023-06-24T03:56:09,,2023_06_24-04_27,2023_06_24-04_27-3,Sell,200,IFA1/IFA2/BN/NEMO/EL,2023-06-24T11:00:00,2023-06-24T12:00:00,2023-06-24T03:50:00,95,-0.76,0.09,-0.12,200,1201,,,150,,50,
2023-06-24T08:47:47,,2023_06_24-09_21,2023_06_24-09_21-1,Sell,300,IFA1/IFA2/BN/NEMO,2023-06-24T11:00:00,2023-06-24T12:00:00,2023-06-24T08:45:00,85,0.5,0.75,0.63,300,4633,300,,,,,
2023-06-24T10:32:00,,2023_06_24-10_54,2023_06_24-10_54-1,Sell,1500,IFA1/IFA2/BN/NEMO,2023-06-24T12:00:00,2023-06-24T13:00:00,2023-06-24T10:30:00,70,-20.91,-10.04,-15.35,1500,6612,922,,390,188,,
2023-06-24T10:32:00,,2023_06_24-10_54,2023_06_24-10_54-2,Sell,2100,IFA1/IFA2/BN/NEMO,2023-06-24T13:00:00,2023-06-24T14:00:00,2023-06-24T10:30:00,70,-13.36,-3,-8.03,2100,6884,1672,,190,238,,
2023-06-24T10:32:00,,2023_06_24-10_54,2023_06_24-10_54-3,Sell,2400,IFA1/IFA2/BN/NEMO,2023-06-24T14:00:00,2023-06-24T15:00:00,2023-06-24T10:30:00,80,7.69,12.52,11.59,2400,10074,1000,266,134,1000,,
2023-06-24T10:32:00,,2023_06_24-10_54,2023_06_24-10_54-4,Sell,1400,IFA1/IFA2/EL/BN/NEMO,2023-06-24T15:00:00,2023-06-24T16:00:00,2023-06-24T10:30:00,100,50.19,58,53.09,1400,10322,407,350,228,15,400,
2023-06-24T21:06:02,,2023_06_24-21_24,2023_06_24-21_24-1,Sell,1700,IFA1/IFA2/BN/NEMO,2023-06-25T00:00:00,2023-06-25T01:00:00,2023-06-24T21:00:00,100,59.69,71.11,63.78,1700,5179,987,186,226,301,,
2023-06-24T21:06:02,,2023_06_24-21_24,2023_06_24-21_24-2,Sell,2300,IFA1/IFA2/BN/NEMO,2023-06-25T01:00:00,2023-06-25T02:00:00,2023-06-24T21:00:00,90,50,61.55,55.98,2300,5497,1324,346,329,301,,
2023-06-24T21:06:02,,2023_06_24-21_24,2023_06_24-21_24-3,Sell,2300,IFA1/IFA2/BN/NEMO,2023-06-25T02:00:00,2023-06-25T03:00:00,2023-06-24T21:00:00,90,40.9,62.59,50.93,2300,4876,1530,240,51,479,,
2023-06-24T23:18:05,,2023_06_24-23_23,2023_06_24-23_23-1,Sell,3600,IFA1/IFA2/BN/NEMO,2023-06-25T03:00:00,2023-06-25T04:00:00,2023-06-24T23:00:00,80,-9.83,38.2,13.48,3600,5348,2000,351,544,705,,
2023-06-24T23:18:05,,2023_06_24-23_23,2023_06_24-23_23-2,Sell,4200,IFA1/IFA2/EL/BN/NEMO,2023-06-25T04:00:00,2023-06-25T05:00:00,2023-06-24T23:00:00,80,-47.18,39.66,-0.58,4200,7434,2000,371,60,864,905,
2023-06-24T23:18:05,,2023_06_24-23_23,2023_06_24-23_23-3,Sell,3000,IFA1/IFA2/EL/BN/NEMO,2023-06-25T05:00:00,2023-06-25T06:00:00,2023-06-24T23:00:00,80,0,34.6,10.85,3000,7186,1475,406,50,317,752,
2023-06-25T04:35:49,,2023_06_25-04_46,2023_06_25-04_46-1,Sell,3000,IFA1/IFA2/BN/NEMO,2023-06-25T06:00:00,2023-06-25T07:00:00,2023-06-25T04:30:00,80,-8,17.2,6.2,3000,4623,1949,750,51,250,,
2023-06-25T04:35:49,,2023_06_25-04_46,2023_06_25-04_46-2,Sell,3800,IFA1/IFA2/BN/NEMO,2023-06-25T07:00:00,2023-06-25T08:00:00,2023-06-25T04:30:00,60,-43,-12.52,-27.62,3800,6452,2000,750,764,286,,
2023-06-25T04:35:49,,2023_06_25-04_46,2023_06_25-04_46-3,Sell,4100,IFA1/IFA2/BN/NEMO,2023-06-25T08:00:00,2023-06-25T09:00:00,2023-06-25T04:30:00,40,-60.2,-25.05,-41.91,4100,6540,2000,921,730,449,,
2023-06-25T04:35:49,,2023_06_25-04_46,2023_06_25-04_46-4,Sell,4200,IFA1/IFA2/EL/BN/NEMO,2023-06-25T09:00:00,2023-06-25T10:00:00,2023-06-25T04:30:00,30,-68,-25.05,-44.84,4200,6997,2000,766,1060,374,,
2023-06-25T04:35:49,,2023_06_25-04_46,2023_06_25-04_46-5,Sell,3200,IFA1/IFA2/EL/BN/NEMO,2023-06-25T10:00:00,2023-06-25T11:00:00,2023-06-25T04:30:00,20,-58.42,-29,-43.21,3200,9848,2000,250,600,200,150,
2023-06-25T04:35:49,"Due to French electricity system conditions, NGESO is unable to trade on the interconnectors joining GB and France. For more information, see this link to French margin graph: https://www.services-rte.com/en/view-data-published-by-rte/balancing-capacities.html#:~:text=RTE%20proposes%20on%20this%20web,best%20hypothesis%20at%20our%20disposal",2023_06_25-04_46,2023_06_25-04_46-6,Sell,3600,IFA1/IFA2/EL/BN/NEMO,2023-06-25T11:00:00,2023-06-25T12:00:00,2023-06-25T04:30:00,20,-77.4,-29.92,-49.69,3600,9967,1500,700,1400,,,
2023-06-25T10:34:00,"Due to French electricity system conditions, NGESO is unable to trade on the interconnectors joining GB and France. For more information, see this link to French margin graph: https://www.services-rte.com/en/view-data-published-by-rte/balancing-capacities.html#:~:text=RTE%20proposes%20on%20this%20web,best%20hypothesis%20at%20our%20disposal",2023_06_25-11_00,2023_06_25-11_00-1,Sell,3600,IFA1/IFA2/BN/NEMO,2023-06-25T12:00:00,2023-06-25T13:00:00,2023-06-25T10:30:00,20,-47.01,-12.55,-25.58,3600,9142,1050,1331,869,350,,
2023-06-25T10:34:00,,2023_06_25-11_00,2023_06_25-11_00-2,Sell,4300,IFA1/IFA2/BN/NEMO,2023-06-25T13:00:00,2023-06-25T14:00:00,2023-06-25T10:30:00,25,-42,-20.91,-33.09,4300,9017,2237,1008,255,800,,
2023-06-25T10:34:00,,2023_06_25-11_00,2023_06_25-11_00-3,Sell,3900,IFA1/IFA2/BN/NEMO,2023-06-25T14:00:00,2023-06-25T15:00:00,2023-06-25T10:30:00,45,-30.3,-14.1,-23.68,3900,16400,2145,1136,309,310,,
2023-06-25T10:34:00,,2023_06_25-11_00,2023_06_25-11_00-4,Sell,2600,IFA1/IFA2/BN/NEMO/EL,2023-06-25T15:00:00,2023-06-25T16:00:00,2023-06-25T10:30:00,80,16.73,32.48,23.93,2600,15129,932,1018,,,650,
2023-06-25T10:34:00,,2023_06_25-11_00,2023_06_25-11_00-5,Sell,1300,IFA1/IFA2/BN/NEMO/EL,2023-06-25T16:00:00,2023-06-25T17:00:00,2023-06-25T10:30:00,100,52.28,66.67,56.15,1300,13777,399,500,,,401,
2023-06-25T20:24:57,,2023_06_25-20_46,2023_06_25-20_46-1,Sell,500,IFA1/IFA2/BN/NEMO,2023-06-25T22:00:00,2023-06-25T23:00:00,2023-06-25T20:20:00,105,81.8,82.06,82.04,500,4359,346,,,154,,
2023-06-25T20:24:57,,2023_06_25-20_46,2023_06_25-20_46-2,Sell,1600,IFA1/IFA2/BN/NEMO,2023-06-25T23:00:00,2023-06-26T00:00:00,2023-06-25T20:20:00,100,64.11,69.24,67.18,1600,4725,1207,,182,211,,
2023-06-25T20:24:57,,2023_06_25-20_46,2023_06_25-20_46-3,Sell,2000,IFA1/IFA2/BN/NEMO,2023-06-26T00:00:00,2023-06-26T01:00:00,2023-06-25T20:20:00,95,53.38,68.38,58.14,2000,4218,783,394,530,293,,
2023-06-25T20:24:57,,2023_06_25-20_46,2023_06_25-20_46-4,Sell,1900,IFA1/IFA2/BN/NEMO,2023-06-26T01:00:00,2023-06-26T02:00:00,2023-06-25T20:20:00,95,34.12,58.13,43.13,1900,4114,579,699,291,331,,
2023-06-25T20:24:57,,2023_06_25-20_46,2023_06_25-20_46-5,Sell,1400,IFA1/IFA2/BN/NEMO,2023-06-26T02:00:00,2023-06-26T03:00:00,2023-06-25T20:20:00,90,42.83,58.13,46.67,1400,3866,622,348,155,275,,
2023-06-25T20:24:57,,2023_06_25-20_46,2023_06_25-20_46-6,Sell,1200,IFA1/IFA2/BN/NEMO,2023-06-26T03:00:00,2023-06-26T04:00:00,2023-06-25T20:20:00,95,50.29,61.16,55.09,1200,2434,747,50,303,100,,
2023-06-25T20:24:57,,2023_06_25-20_46,2023_06_25-20_46-7,Sell,400,IFA1/IFA2/BN/NEMO/EL,2023-06-26T04:00:00,2023-06-26T05:00:00,2023-06-25T20:20:00,100,59.33,67.11,61.53,400,3076,100,75,27,98,100,
2023-06-26T13:28:23,,2023_06_26-13_19,2023_06_26-13_19-1,Buy,580,IFA1/IFA2/BN/NEMO,2023-06-26T17:00:00,2023-06-26T18:00:00,2023-06-26T13:25:00,83,112.27,102.3,107.5,580,3074,349,80,,151,,
2023-06-26T13:28:23,,2023_06_26-13_19,2023_06_26-13_19-2,Buy,930,IFA1/IFA2/BN/NEMO/EL,2023-06-26T18:00:00,2023-06-26T19:00:00,2023-06-26T13:25:00,89.5,124.62,115.62,120.63,930,6145,350,30,135,254,161,
2023-06-26T13:28:23,,2023_06_26-13_19,2023_06_26-13_19-3,Buy,680,IFA1/IFA2/BN/NEMO/EL,2023-06-26T19:00:00,2023-06-26T20:00:00,2023-06-26T13:25:00,88.75,123.31,114,119.73,680,6204,350,30,100,125,75,
2023-06-26T13:28:23,,2023_06_26-13_19,2023_06_26-13_19-4,Buy,280,IFA1/IFA2/BN/NEMO/EL,2023-06-26T20:00:00,2023-06-26T21:00:00,2023-06-26T13:25:00,86.64,111.06,109.72,110.4,280,5026,50,,,230,,
2023-06-26T19:02:25,,2023_06_26-19_31,2023_06_26-19_31-1,Buy,300,IFA1/BN/NEMO/IFA2,2023-06-26T21:00:00,2023-06-26T22:00:00,2023-06-26T19:00:00,75,94.79,91.99,93.09,300,1615,,245,55,,,
2023-06-26T20:20:40,,2023_06_26-20_43,2023_06_26-20_43-1,Buy,700,IFA1/BN/NEMO/IFA2/EL,2023-06-27T05:00:00,2023-06-27T06:00:00,2023-06-26T20:15:00,85,113.22,107.69,110.16,700,5440,150,270,,25,255,
2023-06-26T20:20:40,,2023_06_26-20_43,2023_06_26-20_43-2,Buy,1600,IFA1/BN/NEMO/IFA2/EL,2023-06-27T06:00:00,2023-06-27T07:00:00,2023-06-26T20:15:00,85,126.21,116.65,121.92,1600,8546,331,550,200,421,98,
2023-06-27T16:19:48,,2023_06_27-16_46,2023_06_27-16_46-1,Buy,900,IFA1/IFA2/BN/NEMO,2023-06-27T18:00:00,2023-06-27T19:00:00,2023-06-27T16:15:00,80,122.93,117,120.81,900,3826,510,,316,74,,
2023-06-27T16:19:48,,2023_06_27-16_46,2023_06_27-16_46-2,Buy,400,IFA1/IFA2/BN/NEMO,2023-06-27T19:00:00,2023-06-27T20:00:00,2023-06-27T16:15:00,75,120.03,117.14,118.67,400,3596,276,,99,25,,
2023-06-28T00:24:38,,2023_06_28-00_35,2023_06_28-00_35-1,Buy,800,BN/NEMO,2023-06-28T05:00:00,2023-06-28T06:00:00,2023-06-28T00:10:00,95,120.33,114.79,117.59,800,5434,,470,330,,,
2023-06-28T00:24:38,,2023_06_28-00_35,2023_06_28-00_35-2,Buy,400,BN/NEMO,2023-06-28T06:00:00,2023-06-28T07:00:00,2023-06-28T00:10:00,95,120.33,116.85,118.47,400,4812,,320,80,,,
2023-06-28T00:24:38,,2023_06_28-00_35,2023_06_28-00_35-3,Buy,0,IFA2,2023-06-28T07:00:00,2023-06-28T08:00:00,2023-06-28T00:10:00,85,0,0,0,0,63,,,,,,
2023-06-28T13:25:33,,2023_06_28-13_30,2023_06_28-13_30-1,Buy,700,BN/NEMO,2023-06-28T16:00:00,2023-06-28T17:00:00,2023-06-28T13:20:00,80,112,106.91,110.05,700,3165,,287,413,,,
2023-06-28T13:25:33,,2023_06_28-13_30,2023_06_28-13_30-2,Buy,1400,IFA1/IFA2/BN/NEMO,2023-06-28T17:00:00,2023-06-28T18:00:00,2023-06-28T13:20:00,90,135.98,128.13,132.77,1400,5459,395,446,447,112,,
2023-06-28T13:25:33,,2023_06_28-13_30,2023_06_28-13_30-3,Buy,600,IFA1/IFA2/BN/NEMO/EL,2023-06-28T18:00:00,2023-06-28T19:00:00,2023-06-28T13:20:00,95,133.2,128.3,131.31,600,7902,295,,50,150,105,
2023-06-28T13:25:33,,2023_06_28-13_30,2023_06_28-13_30-4,Buy,500,IFA1/IFA2/BN/NEMO/EL,2023-06-28T19:00:00,2023-06-28T20:00:00,2023-06-28T13:20:00,90,131,127.43,129.42,500,7895,200,,50,150,100,
2023-06-29T10:52:22,,2023_06_29-11_13,2023_06_29-11_13-1,Buy,400,IFA1/IFA2/EL/NEMO/BN,2023-06-29T15:00:00,2023-06-29T16:00:00,2023-06-29T10:45:00,70,93.68,91.52,92.83,400,5896,137,,,116,147,
2023-06-29T10:52:22,,2023_06_29-11_13,2023_06_29-11_13-2,Buy,400,IFA1/IFA2/EL/NEMO/BN,2023-06-29T16:00:00,2023-06-29T17:00:00,2023-06-29T10:45:00,85,107,103,105.58,400,6577,75,25,125,77,98,
2023-06-29T10:52:22,,2023_06_29-11_13,2023_06_29-11_13-3,Buy,400,IFA1/IFA2/EL/NEMO/BN,2023-06-29T17:00:00,2023-06-29T18:00:00,2023-06-29T10:45:00,95,113.28,111,111.89,400,5857,78,,174,75,73,
2023-06-29T10:52:22,,2023_06_29-11_13,2023_06_29-11_13-4,Buy,400,IFA1/IFA2/EL/NEMO/BN,2023-06-29T18:00:00,2023-06-29T19:00:00,2023-06-29T10:45:00,100,111.98,107.35,110.28,400,5683,,,300,100,,
2023-06-29T10:52:22,,2023_06_29-11_13,2023_06_29-11_13-5,Buy,300,IFA1/IFA2/EL/NEMO/BN,2023-06-29T19:00:00,2023-06-29T20:00:00,2023-06-29T10:45:00,95,113.88,109.78,112.02,300,5233,,,200,100,,
2023-06-29T15:23:43,,2023_06_29-15_41,2023_06_29-15_41-1,Buy,88,NEMO/BN,2023-06-29T20:00:00,2023-06-29T21:00:00,2023-06-29T15:15:00,90,125.33,121.82,123.91,88,2443,,88,,,,
2023-06-29T22:25:01,,2023_06_29-22_57,2023_06_29-22_57-1,Buy,700,IFA1/IFA2/BN/NEMO/EL,2023-06-30T06:00:00,2023-06-30T07:00:00,2023-06-29T22:20:00,80,120.14,117.54,119.06,700,3872,300,197,,164,39,
2023-06-29T22:25:01,,2023_06_29-22_57,2023_06_29-22_57-2,Buy,400,IFA2/BN/NEMO/EL,2023-06-30T08:00:00,2023-06-30T09:00:00,2023-06-29T22:20:00,70,99.48,94.56,97.44,400,1558,,60,43,174,123,
2023-06-30T16:23:37,,2023_06_30-16_46,2023_06_30-16_46-1,Buy,300,IFA1/NEMO/BN,2023-06-30T19:00:00,2023-06-30T20:00:00,2023-06-30T16:20:00,80,88,85.8,86.83,300,2845,198,102,0,,,
2023-06-30T16:23:37,,2023_06_30-16_46,2023_06_30-16_46-2,Buy,650,IFA1/NEMO/BN,2023-06-30T20:00:00,2023-06-30T21:00:00,2023-06-30T16:20:00,80,92.51,86.16,90.12,650,4052,0,145,505,,,
2023-06-30T16:23:37,"Due to French electricity system conditions, NGESO is unable to trade on the interconnectors joining GB and France.",2023_06_30-16_46,2023_06_30-16_46-3,Buy,900,IFA1/NEMO/BN,2023-06-30T21:00:00,2023-06-30T22:00:00,2023-06-30T16:20:00,75,88.41,83.54,86.65,900,3763,500,112,288,,,
2023-06-30T16:23:37,,2023_06_30-16_46,2023_06_30-16_46-4,Buy,200,IFA1/IFA2/NEMO/BN,2023-06-30T19:00:00,2023-06-30T20:00:00,2023-06-30T16:20:00,80,88.24,86.92,87.84,200,3350,0,43,75,82,,
2023-06-30T16:23:37,,2023_06_30-16_46,2023_06_30-16_46-5,Buy,500,IFA1/IFA2/NEMO/BN,2023-06-30T20:00:00,2023-06-30T21:00:00,2023-06-30T16:20:00,80,94.33,92.4,93.64,500,4546,100,160,142,98,,
2023-06-30T18:48:31,,2023_06_30-19_17,2023_06_30-19_17-1,Sell,2050,IFA1/IFA2/BN/EL,2023-06-30T22:00:00,2023-06-30T23:00:00,2023-06-30T18:45:00,105,23,55,36.32,2050,3024,1276,,,238,536,
2023-06-30T18:48:31,,2023_06_30-19_17,2023_06_30-19_17-2,Sell,1850,IFA1/IFA2/BN/EL,2023-06-30T23:00:00,2023-07-01T00:00:00,2023-06-30T18:45:00,100,17,49.23,28.31,1850,2873,1115,,,219,516,
2023-06-30T21:19:58,,2023_06_30-21_41,2023_06_30-21_41-1,Sell,2000,IFA1/IFA2/BN/NEMO,2023-07-01T00:00:00,2023-07-01T01:00:00,2023-06-30T21:10:00,85,-67.36,23.48,-21.64,2000,2012,1180,,75,745,,
2023-06-30T21:19:58,,2023_06_30-21_41,2023_06_30-21_41-2,Sell,2982,IFA1/IFA2/BN/NEMO,2023-07-01T01:00:00,2023-07-01T02:00:00,2023-06-30T21:10:00,70,-90.94,6.94,-40.13,2982,2996,1927,,201,854,,
2023-06-30T21:19:58,,2023_06_30-21_41,2023_06_30-21_41-3,Sell,2300,IFA1/IFA2/BN/NEMO,2023-07-01T02:00:00,2023-07-01T03:00:00,2023-06-30T21:10:00,60,-84.49,-5.63,-42.24,2300,2356,1576,,,724,,
2023-06-30T21:19:58,,2023_06_30-21_41,2023_06_30-21_41-4,Sell,1850,IFA1/IFA2/BN/NEMO,2023-07-01T03:00:00,2023-07-01T04:00:00,2023-06-30T21:10:00,60,-78.6,0.29,-37.69,1850,1898,1235,,,615,,
2023-06-30T21:19:58,,2023_06_30-21_41,2023_06_30-21_41-5,Sell,1650,IFA1/IFA2/BN/NEMO/EL,2023-07-01T04:00:00,2023-07-01T05:00:00,2023-06-30T21:10:00,60,-12.64,6,-3.88,1650,3944,396,,500,313,441,
2023-06-30T21:19:58,,2023_06_30-21_41,2023_06_30-21_41-6,Sell,1900,IFA1/IFA2/BN/NEMO/EL,2023-07-01T05:00:00,2023-07-01T06:00:00,2023-06-30T21:10:00,70,-12.87,13,-1.21,1900,3689,613,,550,349,388,
2023-07-01T00:48:13,,2023_07_01-01_13,2023_07_01-01_13-1,Sell,1100,IFA1/IFA2/EL,2023-07-01T06:00:00,2023-07-01T07:00:00,2023-07-01T00:45:00,75,6.42,19.93,11.44,1100,4436,699,,,201,200,
2023-07-01T00:48:13,,2023_07_01-01_13,2023_07_01-01_13-2,Sell,800,IFA1/IFA2/EL,2023-07-01T07:00:00,2023-07-01T08:00:00,2023-07-01T00:45:00,75,12.78,23.87,17.46,800,4176,650,,,150,,
2023-07-01T00:48:13,,2023_07_01-01_13,2023_07_01-01_13-3,Sell,600,IFA1/IFA2/EL,2023-07-01T08:00:00,2023-07-01T09:00:00,2023-07-01T00:45:00,65,22.53,26.82,24.9,600,4054,500,,,100,,
2023-07-01T10:10:08,,2023_07_01-10_27,2023_07_01-10_27-1,Sell,400,IFA2,2023-07-01T12:00:00,2023-07-01T13:00:00,2023-07-01T10:00:00,20,-40.49,-22,-36.55,400,911,,,,400,,
2023-07-01T10:10:08,,2023_07_01-10_27,2023_07_01-10_27-2,Sell,1000,IFA2,2023-07-01T13:00:00,2023-07-01T14:00:00,2023-07-01T10:00:00,20,-88.05,-43.63,-68.99,689,1104,,,,689,,
2023-07-01T10:10:08,,2023_07_01-10_27,2023_07_01-10_27-3,Sell,900,IFA2,2023-07-01T14:00:00,2023-07-01T15:00:00,2023-07-01T10:00:00,25,-23.98,-18.33,-20.62,900,5436,,,,900,,
2023-07-01T10:10:08,,2023_07_01-10_27,2023_07_01-10_27-4,Sell,500,IFA2,2023-07-01T15:00:00,2023-07-01T16:00:00,2023-07-01T10:00:00,45,-19.98,-16.07,-18.24,500,4456,,,,500,,
2023-07-01T10:10:08,,2023_07_01-10_27,2023_07_01-10_27-5,Sell,500,IFA2,2023-07-01T16:00:00,2023-07-01T17:00:00,2023-07-01T10:00:00,65,-5.83,0,-2.52,500,4406,,,,500,,
2023-07-01T23:58:06,,2023_07_02-00_00,2023_07_02-00_00-1,Sell,500,IFA1/NEMO/IFA2,2023-07-02T02:00:00,2023-07-02T03:00:00,2023-07-01T23:45:00,15,-107.78,-14.55,-55.67,182,182,125,,24,33,,
2023-07-01T23:58:06,,2023_07_02-00_00,2023_07_02-00_00-2,Sell,600,IFA1/NEMO/IFA2,2023-07-02T03:00:00,2023-07-02T04:00:00,2023-07-01T23:45:00,10,-107.8,-17.49,-59.4,205,205,114,,33,58,,
2023-07-01T23:58:06,"Due to French electricity system conditions, NGESO is unable to trade on the interconnectors joining GB and France.",2023_07_02-00_00,2023_07_02-00_00-3,Sell,1600,IFA1/NEMO/IFA2/EL,2023-07-02T04:00:00,2023-07-02T05:00:00,2023-07-01T23:45:00,10,-63.78,0.5,-27.14,1600,2195,141,,100,150,1209,
2023-07-01T23:58:06,,2023_07_02-00_00,2023_07_02-00_00-4,Sell,1500,IFA1/BN/IFA2/EL,2023-07-02T05:00:00,2023-07-02T06:00:00,2023-07-01T23:45:00,10,-59.21,-2.33,-30.22,1500,1688,114,166,,131,1089,
2023-07-01T23:58:06,"Due to French electricity system conditions, NGESO is unable to trade on the interconnectors joining GB and France.",2023_07_02-00_00,2023_07_02-00_00-5,Sell,2000,IFA1/BN/NEMO/IFA2/EL,2023-07-02T06:00:00,2023-07-02T07:00:00,2023-07-01T23:45:00,5,-63.04,-3.67,-29.13,2000,5145,450,300,200,86,964,
2023-07-01T23:58:06,"Due to French electricity system conditions, NGESO is unable to trade on the interconnectors joining GB and France.",2023_07_02-00_00,2023_07_02-00_00-6,Sell,3000,IFA1/BN/NEMO/IFA2/EL,2023-07-02T07:00:00,2023-07-02T08:00:00,2023-07-01T23:45:00,1,-166.01,-24.92,-66.65,3000,5991,845,800,700,50,605,
2023-07-01T23:58:06,"Due to French electricity system conditions, NGESO is unable to trade on the interconnectors joining GB and France.",2023_07_02-00_00,2023_07_02-00_00-7,Sell,3000,IFA1/BN/NEMO/IFA2/EL,2023-07-02T08:00:00,2023-07-02T09:00:00,2023-07-01T23:45:00,1,-198.92,-28.75,-83.51,2977,6010,569,775,702,176,755,
2023-07-02T03:12:45,"Due to French electricity system conditions, NGESO is unable to trade on the interconnectors joining GB and France.",2023_07_02-03_22,2023_07_02-03_22-1,Sell,3200,IFA1/BN/NEMO/IFA2/EL,2023-07-02T09:00:00,2023-07-02T10:00:00,2023-07-02T03:00:00,5,-194,-37.92,-87.49,3174,9040,1200,,674,674,626,
2023-07-02T03:12:45,"Due to French electricity system conditions, NGESO is unable to trade on the interconnectors joining GB and France.",2023_07_02-03_22,2023_07_02-03_22-2,Sell,3100,IFA1/BN/NEMO/IFA2/EL,2023-07-02T10:00:00,2023-07-02T11:00:00,2023-07-02T03:00:00,5,-177.35,-56.49,-89.26,3100,12262,850,,600,1031,619,
2023-07-02T03:12:45,"Due to French electricity system conditions, NGESO is unable to trade on the interconnectors joining GB and France.",2023_07_02-03_22,2023_07_02-03_22-3,Sell,2400,IFA1/BN/NEMO/IFA2/EL,2023-07-02T11:00:00,2023-07-02T12:00:00,2023-07-02T03:00:00,1,-200,-46.44,-94.71,2050,11802,850,,550,300,350,
2023-07-02T10:38:06,,2023_07_02-10_50,2023_07_02-10_50-1,Sell,1950,IFA1/IFA2/BN/NEMO,2023-07-02T12:00:00,2023-07-02T13:00:00,2023-07-02T10:20:00,1,-98.24,-89,-96.65,303,4503,,,303,,,
2023-07-02T10:38:06,,2023_07_02-10_50,2023_07_02-10_50-2,Sell,1500,IFA2/BN/NEMO,2023-07-02T13:00:00,2023-07-02T14:00:00,2023-07-02T10:20:00,1,-118,-81.11,-103.27,1500,3197,,,527,973,,
2023-07-02T10:38:06,,2023_07_02-10_50,2023_07_02-10_50-3,Sell,1950,IFA2/BN/NEMO,2023-07-02T14:00:00,2023-07-02T15:00:00,2023-07-02T10:20:00,1,-87.4,-50.05,-63.51,1950,8576,,200,550,1200,,
2023-07-02T10:38:06,,2023_07_02-10_50,2023_07_02-10_50-4,Sell,2000,IFA2/BN/NEMO/EL,2023-07-02T15:00:00,2023-07-02T16:00:00,2023-07-02T10:20:00,1,-57.38,-8.34,-23.69,2000,8376,,135,463,1000,402,
2023-07-02T10:38:06,,2023_07_02-10_50,2023_07_02-10_50-5,Sell,2000,IFA2/BN/NEMO/EL,2023-07-02T16:00:00,2023-07-02T17:00:00,2023-07-02T10:20:00,10,-24.14,1.67,-9.54,2000,8201,,,834,750,416,
2023-07-02T10:38:06,,2023_07_02-10_50,2023_07_02-10_50-6,Sell,300,IFA2/BN/NEMO/EL,2023-07-02T17:00:00,2023-07-02T18:00:00,2023-07-02T10:20:00,20,16.25,19.29,17.86,300,4282,,24,,175,101,
2023-07-02T18:44:31,,2023_07_02-19_15,2023_07_02-19_15-1,Sell,500,IFA1/IFA2/BN/NEMO,2023-07-02T21:00:00,2023-07-02T22:00:00,2023-07-02T18:40:00,90,68.75,78.91,73.4,500,796,200,170,80,50,,
2023-07-02T18:44:31,,2023_07_02-19_15,2023_07_02-19_15-2,Sell,2100,IFA1/IFA2/BN/NEMO/EL,2023-07-02T22:00:00,2023-07-02T23:00:00,2023-07-02T18:40:00,85,30,50.98,39.37,2100,4624,354,326,200,768,452,
2023-07-02T18:44:31,,2023_07_02-19_15,2023_07_02-19_15-3,Sell,2100,IFA1/IFA2/BN/NEMO/EL,2023-07-02T23:00:00,2023-07-03T00:00:00,2023-07-02T18:40:00,70,9.74,33.48,20.51,2100,4442,302,250,180,807,561,
2023-07-02T18:44:31,,2023_07_02-19_15,2023_07_02-19_15-4,Sell,2100,IFA1/IFA2/BN/NEMO/EL,2023-07-03T00:00:00,2023-07-03T01:00:00,2023-07-02T18:40:00,60,-33.66,12.55,-1.92,2100,4360,335,301,35,728,701,
2023-07-02T18:44:31,,2023_07_02-19_15,2023_07_02-19_15-5,Sell,2100,IFA1/IFA2/BN/NEMO/EL,2023-07-03T01:00:00,2023-07-03T02:00:00,2023-07-02T18:40:00,50,-25.41,1.08,-10.73,2100,4152,351,301,,707,741,
2023-07-02T18:44:31,,2023_07_02-19_15,2023_07_02-19_15-6,Sell,2100,IFA1/IFA2/BN/NEMO/EL,2023-07-03T02:00:00,2023-07-03T03:00:00,2023-07-02T18:40:00,55,-18.92,4.18,-6.46,2100,3950,275,276,,749,800,
2023-07-02T18:44:31,,2023_07_02-19_15,2023_07_02-19_15-7,Sell,1600,IFA1/IFA2/BN/NEMO/EL,2023-07-03T03:00:00,2023-07-03T04:00:00,2023-07-02T18:40:00,60,9.42,39.07,24.7,1600,2334,1,100,,782,717,
2023-07-03T08:55:55,,2023_07_03-09_22,2023_07_03-09_22-1,Sell,900,IFA1/IFA2/NEMO/BN,2023-07-03T11:00:00,2023-07-03T12:00:00,2023-07-03T08:50:00,30,1,7.48,3.71,900,3946,277,205,263,155,,
2023-07-03T08:55:55,,2023_07_03-09_22,2023_07_03-09_22-2,Sell,1700,IFA1/IFA2/NEMO/BN,2023-07-03T12:00:00,2023-07-03T13:00:00,2023-07-03T08:50:00,20,-7,7,-0.81,1700,4298,745,,559,396,,
2023-07-03T08:55:55,,2023_07_03-09_22,2023_07_03-09_22-3,Sell,1900,IFA1/IFA2/NEMO/BN,2023-07-03T13:00:00,2023-07-03T14:00:00,2023-07-03T08:50:00,10,-11.51,7,-2.66,1900,4098,624,50,685,541,,
2023-07-03T11:15:05,"Due to French electricity system conditions, NGESO is unable to trade on the interconnectors joining GB and France.",2023_07_03-11_35,2023_07_03-11_35-1,Sell,1600,IFA1/IFA2/NEMO/BN,2023-07-03T14:00:00,2023-07-03T15:00:00,2023-07-03T11:05:00,10,6,12.01,8.27,1600,8930,870,,600,130,,
2023-07-03T11:15:05,"Due to French electricity system conditions, NGESO is unable to trade on the interconnectors joining GB and France.",2023_07_03-11_35,2023_07_03-11_35-2,Sell,1600,IFA1/IFA2/NEMO/BN/EL,2023-07-03T15:00:00,2023-07-03T16:00:00,2023-07-03T11:05:00,40,21.2,26.74,23.4,1600,9320,850,,600,150,,
2023-07-03T11:15:05,,2023_07_03-11_35,2023_07_03-11_35-3,Sell,600,IFA1/IFA2/NEMO/BN/EL,2023-07-03T16:00:00,2023-07-03T17:00:00,2023-07-03T11:05:00,60,70.91,73.13,71.6,600,8074,445,,50,105,,
2023-07-03T20:33:29,"Due to French electricity system conditions, NGESO is unable to trade on the interconnectors joining GB and France. For more information, see this link to French margin graph: https://www.services-rte.com/en/view-data-published-by-rte/balancing-capacities.html#:~:text=RTE%20proposes%20on%20this%20web,best%20hypothesis%20at%20our%20disposal",2023_07_03-20_27,2023_07_03-20_27-1,Sell,2000,IFA1/IFA2/BN/NEMO,2023-07-03T22:00:00,2023-07-03T23:00:00,2023-07-03T20:20:00,90,40.38,71.52,54.48,2000,3429,782,126,374,718,,
2023-07-03T20:33:29,,2023_07_03-20_27,2023_07_03-20_27-2,Sell,2500,IFA1/IFA2/BN/NEMO,2023-07-03T23:00:00,2023-07-04T00:00:00,2023-07-03T20:20:00,80,-16.87,56.38,24.74,2500,3142,579,507,491,923,,
2023-07-03T20:33:29,"Due to French electricity system conditions, NGESO is unable to trade on the interconnectors joining GB and France. For more information, see this link to French margin graph: https://www.services-rte.com/en/view-data-published-by-rte/balancing-capacities.html#:~:text=RTE%20proposes%20on%20this%20web,best%20hypothesis%20at%20our%20disposal",2023_07_03-20_27,2023_07_03-20_27-3,Sell,2900,IFA1/IFA2/BN/NEMO,2023-07-04T00:00:00,2023-07-04T01:00:00,2023-07-03T20:20:00,70,-59.1,42.07,-0.89,2829,3107,728,369,760,972,,
2023-07-03T20:33:29,"Due to French electricity system conditions, NGESO is unable to trade on the interconnectors joining GB and France. For more information, see this link to French margin graph: https://www.services-rte.com/en/view-data-published-by-rte/balancing-capacities.html#:~:text=RTE%20proposes%20on%20this%20web,best%20hypothesis%20at%20our%20disposal",2023_07_03-20_27,2023_07_03-20_27-4,Sell,2900,IFA1/IFA2/BN/NEMO,2023-07-04T01:00:00,2023-07-04T02:00:00,2023-07-03T20:20:00,70,-59.1,36.18,-0.83,2531,3187,538,403,628,962,,
2023-07-03T20:33:29,"Due to French electricity system conditions, NGESO is unable to trade on the interconnectors joining GB and France. For more information, see this link to French margin graph: https://www.services-rte.com/en/view-data-published-by-rte/balancing-capacities.html#:~:text=RTE%20proposes%20on%20this%20web,best%20hypothesis%20at%20our%20disposal",2023_07_03-20_27,2023_07_03-20_27-5,Sell,2500,IFA1/IFA2/BN/NEMO,2023-07-04T02:00:00,2023-07-04T03:00:00,2023-07-03T20:20:00,70,-59.1,43,-4.75,2422,2733,418,379,543,1082,,
2023-07-03T20:33:29,,2023_07_03-20_27,2023_07_03-20_27-6,Sell,2500,IFA1/IFA2/BN/NEMO,2023-07-04T03:00:00,2023-07-04T04:00:00,2023-07-03T20:20:00,80,-62.2,53.31,-5.03,2317,2317,75,478,570,1194,,
2023-07-03T20:33:29,,2023_07_03-20_27,2023_07_03-20_27-7,Sell,1500,IFA1/IFA2/EL/BN/NEMO,2023-07-04T04:00:00,2023-07-04T05:00:00,2023-07-03T20:20:00,100,73.76,91.43,81.55,1500,2950,25,225,,602,648,
2023-07-03T20:33:29,,2023_07_03-20_27,2023_07_03-20_27-8,Sell,600,IFA1/IFA2/EL/BN/NEMO,2023-07-04T05:00:00,2023-07-04T06:00:00,2023-07-03T20:20:00,120,92.46,99.29,95.39,600,4187,256,,,192,152,
2023-07-04T13:35:47,,2023_07_04-13_51,2023_07_04-13_51-1,Buy,400,IFA2/NEMO/BN,2023-07-04T15:00:00,2023-07-04T16:00:00,2023-07-04T13:25:00,75,135.08,111.77,122.91,400,545,,223,73,104,,
2023-07-04T13:35:47,,2023_07_04-13_51,2023_07_04-13_51-2,Buy,1000,IFA1/IFA2/NEMO/BN,2023-07-04T16:00:00,2023-07-04T17:00:00,2023-07-04T13:25:00,90,141.9,119.46,128.49,1000,3124,305,171,426,98,,
2023-07-04T13:35:47,,2023_07_04-13_51,2023_07_04-13_51-3,Buy,550,IFA1/IFA2/NEMO/BN,2023-07-04T17:00:00,2023-07-04T18:00:00,2023-07-04T13:25:00,100,198.85,176.76,188.69,550,3902,146,,355,49,,
2023-07-04T13:35:47,,2023_07_04-13_51,2023_07_04-13_51-4,Buy,850,IFA1/IFA2/NEMO/BN/EL,2023-07-04T18:00:00,2023-07-04T19:00:00,2023-07-04T13:25:00,105,209.56,146.37,180.85,850,5838,260,,397,95,98,
2023-07-04T13:35:47,,2023_07_04-13_51,2023_07_04-13_51-5,Buy,550,IFA1/IFA2/NEMO/BN/EL,2023-07-04T19:00:00,2023-07-04T20:00:00,2023-07-04T13:25:00,105,185,130.85,158.9,550,5707,260,,43,73,174,
2023-07-04T13:35:47,,2023_07_04-13_51,2023_07_04-13_51-6,Buy,300,IFA1/IFA2/NEMO/BN/EL,2023-07-04T20:00:00,2023-07-04T21:00:00,2023-07-04T13:25:00,100,127.58,124.5,125.97,300,4787,224,,,,76,
2023-07-04T21:04:28,,2023_07_04-21_13,2023_07_04-21_13-1,Sell,400,IFA1/NEMO/BN/IFA2,2023-07-04T23:00:00,2023-07-05T00:00:00,2023-07-04T20:50:00,105,68,86.75,75,400,6927,50,300,,50,,
2023-07-04T21:04:28,,2023_07_04-21_13,2023_07_04-21_13-2,Sell,900,IFA1/NEMO/BN/IFA2,2023-07-05T00:00:00,2023-07-05T01:00:00,2023-07-04T20:50:00,95,48,66.32,60.72,900,7665,160,665,25,50,,
2023-07-04T21:04:28,,2023_07_04-21_13,2023_07_04-21_13-3,Sell,1300,IFA1/NEMO/BN/IFA2,2023-07-05T01:00:00,2023-07-05T02:00:00,2023-07-04T20:50:00,85,39.27,57.46,44.1,1300,7917,459,630,141,70,,
2023-07-04T21:04:28,,2023_07_04-21_13,2023_07_04-21_13-4,Sell,900,IFA1/NEMO/BN/IFA2,2023-07-05T02:00:00,2023-07-05T03:00:00,2023-07-04T20:50:00,80,37.43,53.03,40.82,900,7337,355,225,266,54,,
2023-07-04T21:04:28,,2023_07_04-21_13,2023_07_04-21_13-5,Sell,900,IFA1/NEMO/BN/IFA2,2023-07-05T03:00:00,2023-07-05T04:00:00,2023-07-04T20:50:00,80,48,51.16,49.72,900,6723,482,153,225,40,,
2023-07-04T21:04:28,,2023_07_04-21_13,2023_07_04-21_13-6,Sell,1000,IFA1/NEMO/BN/IFA2,2023-07-05T04:00:00,2023-07-05T05:00:00,2023-07-04T20:50:00,90,57.46,62.79,59.5,1000,6254,451,335,112,102,,
2023-07-04T21:04:28,,2023_07_04-21_13,2023_07_04-21_13-7,Sell,600,IFA1/NEMO/BN/IFA2,2023-07-05T05:00:00,2023-07-05T06:00:00,2023-07-04T20:50:00,105,72,77.4,74.54,600,6475,475,25,,100,,
2023-07-05T12:49:35,,2023_07_05-13_20,2023_07_05-13_20-1,Buy,800,NEMO/BN,2023-07-05T17:00:00,2023-07-05T18:00:00,2023-07-05T12:45:00,70,108.36,93.97,99.4,800,3438,,500,300,,,
2023-07-05T12:49:35,,2023_07_05-13_20,2023_07_05-13_20-2,Buy,500,IFA1/IFA2/EL/NEMO/BN,2023-07-05T18:00:00,2023-07-05T19:00:00,2023-07-05T12:45:00,80,107.29,98.08,103.84,500,4588,150,244,75,,31,
2023-07-05T12:49:35,,2023_07_05-13_20,2023_07_05-13_20-3,Buy,300,IFA1/IFA2/EL/NEMO/BN,2023-07-05T19:00:00,2023-07-05T20:00:00,2023-07-05T12:45:00,85,105.7,98.43,101.71,300,4385,5,195,50,,50,
2023-07-05T22:19:26,"Due to French electricity system conditions, NGESO is unable to trade on the interconnectors joining GB and France.",2023_07_05-22_23,2023_07_05-22_23-1,Buy,700,IFA1/IFA2/BN/NEMO/EL,2023-07-06T05:00:00,2023-07-06T06:00:00,2023-07-05T21:50:00,85,134.56,125,128.43,700,5663,293,175,25,,207,
2023-07-05T22:19:26,"Due to French electricity system conditions, NGESO is unable to trade on the interconnectors joining GB and France.",2023_07_05-22_23,2023_07_05-22_23-2,Buy,700,IFA1/IFA2/BN/NEMO/EL,2023-07-06T06:00:00,2023-07-06T07:00:00,2023-07-05T21:50:00,85,140.51,125,129.18,700,5196,290,40,160,,210,
2023-07-06T12:54:44,,2023_07_06-13_21,2023_07_06-13_21-1,Buy,500,IFA1/IFA2/NEMO/BN,2023-07-06T15:00:00,2023-07-06T16:00:00,2023-07-06T12:50:00,70,94.9,91.51,93.69,500,3613,120,125,100,155,,
2023-07-06T12:54:44,"Due to French electricity system conditions, NGESO is unable to trade on the interconnectors joining GB and France.",2023_07_06-13_21,2023_07_06-13_21-2,Buy,200,IFA1/IFA2/NEMO/BN,2023-07-06T16:00:00,2023-07-06T17:00:00,2023-07-06T12:50:00,80,108.45,44.04,78.12,200,3399,,98,102,,,
2023-07-06T12:54:44,"Due to French electricity system conditions, NGESO is unable to trade on the interconnectors joining GB and France.",2023_07_06-13_21,2023_07_06-13_21-3,Buy,800,IFA1/IFA2/NEMO/BN,2023-07-06T17:00:00,2023-07-06T18:00:00,2023-07-06T12:50:00,90,175.65,134.54,167.08,800,6719,0,45,655,100,,
2023-07-06T12:54:44,"Due to French electricity system conditions, NGESO is unable to trade on the interconnectors joining GB and France.",2023_07_06-13_21,2023_07_06-13_21-4,Buy,500,IFA1/NEMO/BN,2023-07-06T17:00:00,2023-07-06T18:00:00,2023-07-06T12:50:00,90,159.8,134.51,152.02,500,5747,400,0,100,,,
2023-07-06T14:35:33,"Due to French electricity system conditions, NGESO is unable to trade on the interconnectors joining GB and France.",2023_07_06-14_55,2023_07_06-14_55-1,Buy,230,IFA1/IFA2/NEMO/BN/EL,2023-07-06T18:00:00,2023-07-06T19:00:00,2023-07-06T14:30:00,90,228.55,174.41,228.2,230,11769,0,140,90,,0,
2023-07-06T14:35:33,"Due to French electricity system conditions, NGESO is unable to trade on the interconnectors joining GB and France.",2023_07_06-14_55,2023_07_06-14_55-2,Buy,230,IFA1/IFA2/NEMO/BN/EL,2023-07-06T19:00:00,2023-07-06T20:00:00,2023-07-06T14:30:00,85,233.66,164,224.6,230,12152,0,126,104,,0,
2023-07-06T14:35:33,"Due to French electricity system conditions, NGESO is unable to trade on the interconnectors joining GB and France.",2023_07_06-14_55,2023_07_06-14_55-3,Buy,230,IFA1/IFA2/NEMO/BN/EL,2023-07-06T20:00:00,2023-07-06T21:00:00,2023-07-06T14:30:00,80,182.78,144.9,179.33,230,12533,,69,161,,,
2023-07-06T14:35:33,"Due to French electricity system conditions, NGESO is unable to trade on the interconnectors joining GB and France.",2023_07_06-14_55,2023_07_06-14_55-4,Buy,1800,IFA1/NEMO/BN/EL,2023-07-06T18:00:00,2023-07-06T19:00:00,2023-07-06T14:30:00,90,227.8,158,184.23,1800,9442,950,384,416,,50,
2023-07-06T14:35:33,"Due to French electricity system conditions, NGESO is unable to trade on the interconnectors joining GB and France.",2023_07_06-14_55,2023_07_06-14_55-5,Buy,2450,IFA1/NEMO/BN/EL,2023-07-06T19:00:00,2023-07-06T20:00:00,2023-07-06T14:30:00,85,211.65,152,178.41,2450,9855,898,574,876,,102,
2023-07-06T14:35:33,"Due to French electricity system conditions, NGESO is unable to trade on the interconnectors joining GB and France.",2023_07_06-14_55,2023_07_06-14_55-6,Buy,2200,IFA1/NEMO/BN/EL,2023-07-06T20:00:00,2023-07-06T21:00:00,2023-07-06T14:30:00,80,178.34,138,158.69,2200,10756,,1008,1192,,,
2023-07-06T14:35:33,,2023_07_06-14_55,2023_07_06-14_55-7,Buy,2600,IFA1/NEMO/BN/EL,2023-07-06T21:00:00,2023-07-06T22:00:00,2023-07-06T14:30:00,70,160.73,124,140.92,2600,11805,499,1017,1084,,,
2023-07-06T20:41:05,"Due to French electricity system conditions, NGESO is unable to trade on the interconnectors joining GB and France. For more information, see this link to French margin graph: https://www.services-rte.com/en/view-data-published-by-rte/balancing-capacities.html#:~:text=RTE%20proposes%20on%20this%20web,best%20hypothesis%20at%20our%20disposal",2023_07_06-19_55,2023_07_06-19_55-1,Buy,3097,IFA1/IFA2/BN/NEMO,2023-07-06T22:00:00,2023-07-06T23:00:00,2023-07-06T19:25:00,70,146.82,110.86,124.49,3097,8193,1428,147,950,572,,
2023-07-06T20:41:05,,2023_07_06-19_55,2023_07_06-19_55-2,Buy,2400,IFA1/IFA2/BN/NEMO,2023-07-06T23:00:00,2023-07-07T00:00:00,2023-07-06T19:25:00,50,117.73,102.74,111.7,2400,7718,1408,147,300,545,,
2023-07-06T20:41:05,,2023_07_06-19_55,2023_07_06-19_55-3,Buy,2100,IFA1/IFA2/BN/NEMO,2023-07-07T00:00:00,2023-07-07T01:00:00,2023-07-06T19:25:00,50,111,101.2,107.1,2100,7950,1371,,300,429,,
2023-07-06T20:41:05,,2023_07_06-19_55,2023_07_06-19_55-4,Buy,1800,IFA1/IFA2/BN/NEMO,2023-07-07T01:00:00,2023-07-07T02:00:00,2023-07-06T19:25:00,45,102.46,94.91,98.7,1800,7904,1234,,300,266,,
2023-07-06T20:41:05,,2023_07_06-19_55,2023_07_06-19_55-5,Buy,1500,IFA1/IFA2/BN/NEMO,2023-07-07T02:00:00,2023-07-07T03:00:00,2023-07-06T19:25:00,45,99,82.67,94.58,1500,7807,1137,147,,216,,
2023-07-06T20:41:05,,2023_07_06-19_55,2023_07_06-19_55-6,Buy,1500,IFA1/IFA2/BN/NEMO,2023-07-07T03:00:00,2023-07-07T04:00:00,2023-07-06T19:25:00,50,99.87,89.74,96.31,1500,7810,1030,,300,170,,
2023-07-06T20:41:05,,2023_07_06-19_55,2023_07_06-19_55-7,Buy,800,IFA1/IFA2/BN/EL/NEMO,2023-07-07T04:00:00,2023-07-07T05:00:00,2023-07-06T19:25:00,60,95.56,82.61,89.94,800,7634,676,,,124,,
2023-07-06T22:18:15,,2023_07_06-22_44,2023_07_06-22_44-1,Buy,800,IFA1/BN/NEMO,2023-07-07T00:00:00,2023-07-07T01:00:00,2023-07-06T22:15:00,50,97.17,86.86,93.91,800,4591,99,248,453,,,
2023-07-06T22:18:15,,2023_07_06-22_44,2023_07_06-22_44-2,Buy,600,IFA1/BN/NEMO,2023-07-07T01:00:00,2023-07-07T02:00:00,2023-07-06T22:15:00,45,92.7,86.3,88.18,600,4215,,600,,,,
2023-07-06T22:18:15,,2023_07_06-22_44,2023_07_06-22_44-3,Buy,600,IFA1/BN/NEMO,2023-07-07T02:00:00,2023-07-07T03:00:00,2023-07-06T22:15:00,45,90.22,86.23,87.74,600,4459,24,400,176,,,
2023-07-06T22:18:15,,2023_07_06-22_44,2023_07_06-22_44-4,Buy,600,IFA1/BN/NEMO,2023-07-07T03:00:00,2023-07-07T04:00:00,2023-07-06T22:15:00,50,98.11,90.65,94.44,600,4044,272,328,,,,
2023-07-06T22:18:15,,2023_07_06-22_44,2023_07_06-22_44-5,Buy,300,IFA1/BN/NEMO,2023-07-07T04:00:00,2023-07-07T05:00:00,2023-07-06T22:15:00,60,99.9,93.28,96.31,300,3573,,300,,,,
2023-07-07T00:46:12,,2023_07_07-01_09,2023_07_07-01_09-1,Buy,1700,IFA1/BN/NEMO/EL,2023-07-07T05:00:00,2023-07-07T06:00:00,2023-07-07T00:40:00,80,116.98,105.4,112.24,1700,7218,1422,198,80,,,
2023-07-07T00:46:12,,2023_07_07-01_09,2023_07_07-01_09-2,Buy,1450,IFA1/IFA2/BN/NEMO/EL,2023-07-07T06:00:00,2023-07-07T07:00:00,2023-07-07T00:40:00,80,108.27,97.75,104.5,1450,9442,211,594,497,49,99,
2023-07-07T02:46:44,,2023_07_07-03_10,2023_07_07-03_10-1,Buy,1200,IFA1/IFA2/BN/NEMO,2023-07-07T05:00:00,2023-07-07T06:00:00,2023-07-07T02:40:00,80,119.82,111,117.34,1200,5169,223,455,324,198,,
2023-07-07T02:46:44,,2023_07_07-03_10,2023_07_07-03_10-2,Buy,400,IFA1/IFA2/BN/NEMO,2023-07-07T06:00:00,2023-07-07T07:00:00,2023-07-07T02:40:00,80,112.32,109.65,110.93,400,4842,,300,,100,,
2023-07-07T11:28:05,,2023_07_07-12_01,2023_07_07-12_01-1,Buy,600,IFA1/NEMO/BN/EL,2023-07-07T17:00:00,2023-07-07T18:00:00,2023-07-07T11:25:00,80,106.89,99.66,104.84,600,8349,500,50,50,,,
2023-07-07T11:28:05,,2023_07_07-12_01,2023_07_07-12_01-2,Buy,200,IFA1/NEMO/BN/EL,2023-07-07T18:00:00,2023-07-07T19:00:00,2023-07-07T11:25:00,85,112.61,108.77,111.66,200,5829,175,25,,,,
2023-07-07T11:28:05,,2023_07_07-12_01,2023_07_07-12_01-3,Buy,600,IFA1/NEMO/BN/EL,2023-07-07T19:00:00,2023-07-07T20:00:00,2023-07-07T11:25:00,80,103.82,98.21,102.26,600,8879,,,,,,
2023-07-07T11:28:05,,2023_07_07-12_01,2023_07_07-12_01-4,Buy,200,IFA1/NEMO/BN/EL,2023-07-07T20:00:00,2023-07-07T21:00:00,2023-07-07T11:25:00,75,97.28,93.94,96,200,5920,,,,,,
2023-07-07T11:28:05,,2023_07_07-12_01,2023_07_07-12_01-5,Buy,200,IFA1/NEMO/BN/EL,2023-07-07T21:00:00,2023-07-07T22:00:00,2023-07-07T11:25:00,60,87.7,84.55,86.7,200,5920,,,,,,
2023-07-07T14:28:11,,2023_07_07-14_59,2023_07_07-14_59-1,Buy,1200,IFA1/NEMO/BN,2023-07-07T16:00:00,2023-07-07T17:00:00,2023-07-07T14:25:00,60,95.36,84,90.73,1200,4484,951,249,,,,
2023-07-07T14:28:11,,2023_07_07-14_59,2023_07_07-14_59-2,Buy,1200,IFA1/NEMO/BN,2023-07-07T17:00:00,2023-07-07T18:00:00,2023-07-07T14:25:00,80,120.84,100.36,114.04,1200,5038,1200,,,,,
2023-07-07T14:28:11,,2023_07_07-14_59,2023_07_07-14_59-3,Buy,1200,IFA1/NEMO/BN/EL,2023-07-07T18:00:00,2023-07-07T19:00:00,2023-07-07T14:25:00,85,120.77,114.92,118.32,1200,8657,908,,50,,242,
2023-07-07T14:28:11,,2023_07_07-14_59,2023_07_07-14_59-4,Buy,1200,IFA1/NEMO/BN/EL,2023-07-07T19:00:00,2023-07-07T20:00:00,2023-07-07T14:25:00,80,114.21,107,111.67,1200,8369,932,,125,,143,
2023-07-07T17:27:55,,2023_07_07-17_54,2023_07_07-17_54-1,Buy,400,IFA1/NEMO/BN,2023-07-07T20:00:00,2023-07-07T21:00:00,2023-07-07T17:25:00,76,105.26,99.88,101.41,400,4061,346,,54,,,
2023-07-07T17:27:55,,2023_07_07-17_54,2023_07_07-17_54-2,Buy,400,IFA1/NEMO/BN,2023-07-07T21:00:00,2023-07-07T22:00:00,2023-07-07T17:25:00,66,92.01,91.53,91.8,400,4094,201,199,,,,
2023-07-07T22:31:54,,2023_07_07-23_00,2023_07_07-23_00-1,Buy,100,IFA1/BN/NEMO,2023-07-08T00:00:00,2023-07-08T01:00:00,2023-07-07T22:30:00,52.36,84.82,83.05,84.27,100,2471,100,,,,,
2023-07-07T22:31:54,,2023_07_07-23_00,2023_07_07-23_00-2,Buy,300,IFA1/BN/NEMO,2023-07-08T01:00:00,2023-07-08T02:00:00,2023-07-07T22:30:00,43.57,84.82,82.8,83.58,300,3395,250,25,25,,,
2023-07-07T23:19:17,"Due to French electricity system conditions, NGESO is unable to trade on the interconnectors joining GB and France. For more information, see this link to French margin graph: https://www.services-rte.com/en/view-data-published-by-rte/balancing-capacities.html#:~:text=RTE%20proposes%20on%20this%20web,best%20hypothesis%20at%20our%20disposal",2023_07_07-23_36,2023_07_07-23_36-1,Buy,200,IFA1/BN/NEMO,2023-07-08T02:00:00,2023-07-08T03:00:00,2023-07-07T23:15:00,39.4,84.06,76.36,79.09,200,1840,,51,149,,,
2023-07-07T23:19:17,"Due to French electricity system conditions, NGESO is unable to trade on the interconnectors joining GB and France. For more information, see this link to French margin graph: https://www.services-rte.com/en/view-data-published-by-rte/balancing-capacities.html#:~:text=RTE%20proposes%20on%20this%20web,best%20hypothesis%20at%20our%20disposal",2023_07_07-23_36,2023_07_07-23_36-2,Buy,400,IFA1/BN/NEMO,2023-07-08T03:00:00,2023-07-08T04:00:00,2023-07-07T23:15:00,42.39,81,76.93,80.04,400,3055,,99,301,,,
2023-07-07T23:19:17,"Due to French electricity system conditions, NGESO is unable to trade on the interconnectors joining GB and France. For more information, see this link to French margin graph: https://www.services-rte.com/en/view-data-published-by-rte/balancing-capacities.html#:~:text=RTE%20proposes%20on%20this%20web,best%20hypothesis%20at%20our%20disposal",2023_07_07-23_36,2023_07_07-23_36-3,Buy,800,IFA1/BN/NEMO/EL,2023-07-08T04:00:00,2023-07-08T05:00:00,2023-07-07T23:15:00,43.93,100.61,76.06,90.05,800,4458,,560,240,,,
2023-07-07T23:19:17,"Due to French electricity system conditions, NGESO is unable to trade on the interconnectors joining GB and France. For more information, see this link to French margin graph: https://www.services-rte.com/en/view-data-published-by-rte/balancing-capacities.html#:~:text=RTE%20proposes%20on%20this%20web,best%20hypothesis%20at%20our%20disposal",2023_07_07-23_36,2023_07_07-23_36-4,Buy,100,IFA1/BN/NEMO/EL,2023-07-08T05:00:00,2023-07-08T06:00:00,2023-07-07T23:15:00,51.24,89.51,80.43,85.54,100,936,11,89,,,,
2023-07-09T14:43:41,,2023_07_09-15_02,2023_07_09-15_02-1,Buy,500,IFA1/IFA2/EL/BN/NEMO,2023-07-09T18:00:00,2023-07-09T19:00:00,2023-07-09T14:40:00,94,126.46,121.17,124.83,500,5317,10,244,120,,126,
2023-07-09T14:43:41,,2023_07_09-15_02,2023_07_09-15_02-2,Buy,500,IFA1/IFA2/EL/BN/NEMO,2023-07-09T19:00:00,2023-07-09T20:00:00,2023-07-09T14:40:00,94,123.44,119,122.23,500,5743,100,95,90,,215,
2023-07-09T23:43:52,,2023_07_10-00_00,2023_07_10-00_00-1,Buy,500,BN/IFA1/NEMO/EL,2023-07-10T04:00:00,2023-07-10T05:00:00,2023-07-09T23:30:00,70,108.23,108.13,108.18,200,4906,200,,,,,
2023-07-09T23:43:52,"Due to French electricity system conditions, NGESO is unable to trade on the interconnectors joining GB and France.",2023_07_10-00_00,2023_07_10-00_00-2,Buy,1500,BN/IFA1/IFA2/NEMO/EL,2023-07-10T05:00:00,2023-07-10T06:00:00,2023-07-09T23:30:00,80,124.42,117.74,122.7,1000,7554,,220,780,,,
2023-07-09T23:43:52,,2023_07_10-00_00,2023_07_10-00_00-3,Buy,400,BN/IFA1/IFA2/NEMO/EL,2023-07-10T06:00:00,2023-07-10T07:00:00,2023-07-09T23:30:00,85,0,0,0,0,5455,,,,,,
2023-07-10T00:58:45,,2023_07_10-01_31,2023_07_10-01_31-1,Buy,500,IFA1/IFA2/BN/NEMO,2023-07-10T06:00:00,2023-07-10T07:00:00,2023-07-10T00:55:00,80,130.54,126.15,128.92,500,5503,301,25,75,99,,
2023-07-10T00:58:45,,2023_07_10-01_31,2023_07_10-01_31-2,Buy,300,IFA1/IFA2,2023-07-10T08:00:00,2023-07-10T09:00:00,2023-07-10T00:55:00,80,100.13,98.38,99.03,300,2352,250,,,50,,
2023-07-10T14:44:21,,2023_07_10-14_57,2023_07_10-14_57-1,Buy,700,IFA1/IFA2/BN/NEMO,2023-07-10T17:00:00,2023-07-10T18:00:00,2023-07-10T14:40:00,110,0,0,0,0,4591,,,,,,
2023-07-10T14:44:21,,2023_07_10-14_57,2023_07_10-14_57-2,Buy,400,IFA1/IFA2/BN/NEMO/EL,2023-07-10T18:00:00,2023-07-10T19:00:00,2023-07-10T14:40:00,110,184.68,174,180.84,400,10821,149,0,49,100,102,
2023-07-10T14:44:21,,2023_07_10-14_57,2023_07_10-14_57-3,Buy,1400,IFA1/BN/NEMO/EL,2023-07-10T18:00:00,2023-07-10T19:00:00,2023-07-10T14:40:00,110,191.07,184.68,187.83,1400,8709,578,143,415,,264,
2023-07-10T14:44:21,,2023_07_10-14_57,2023_07_10-14_57-4,Buy,800,IFA1/BN/NEMO/EL,2023-07-10T19:00:00,2023-07-10T20:00:00,2023-07-10T14:40:00,110,175.81,168.81,172.41,800,7302,151,,367,,282,
2023-07-10T14:44:21,,2023_07_10-14_57,2023_07_10-14_57-5,Buy,1000,IFA1/BN/NEMO/EL,2023-07-10T20:00:00,2023-07-10T21:00:00,2023-07-10T14:40:00,100,170.26,162.07,167.13,1000,8604,476,,99,,425,
2023-07-10T14:44:21,,2023_07_10-14_57,2023_07_10-14_57-6,Buy,1250,IFA1/BN/NEMO/EL,2023-07-10T21:00:00,2023-07-10T22:00:00,2023-07-10T14:40:00,80,128.06,118.99,124.64,1250,8845,603,32,272,,343,
2023-07-10T14:44:21,,2023_07_10-14_57,2023_07_10-14_57-7,Buy,500,IFA1/IFA2/NEMO/EL,2023-07-10T20:00:00,2023-07-10T21:00:00,2023-07-10T14:40:00,100,170.53,163.82,168.09,500,9291,99,,0,401,0,
2023-07-10T14:44:21,,2023_07_10-14_57,2023_07_10-14_57-8,Buy,400,IFA1/IFA2/NEMO/EL,2023-07-10T21:00:00,2023-07-10T22:00:00,2023-07-10T14:40:00,80,128.12,118.99,125.22,400,9359,91,,0,261,48,
2023-07-10T17:18:26,,2023_07_10-17_39,2023_07_10-17_39-1,Buy,1300,IFA1/EL/NEMO,2023-07-10T22:00:00,2023-07-10T23:00:00,2023-07-10T17:15:00,70,119.99,111.02,116.82,1300,8628,780,,323,,197,
2023-07-10T17:18:26,,2023_07_10-17_39,2023_07_10-17_39-2,Buy,900,IFA1/EL/NEMO,2023-07-10T23:00:00,2023-07-11T00:00:00,2023-07-10T17:15:00,70,107.59,103.77,105.88,900,7687,523,,105,,272,
2023-07-10T17:18:26,,2023_07_10-17_39,2023_07_10-17_39-3,Buy,750,IFA1/EL/NEMO,2023-07-11T00:00:00,2023-07-11T01:00:00,2023-07-10T17:15:00,60,99.24,94.87,97.04,750,7217,378,,100,,272,
2023-07-10T17:18:26,,2023_07_10-17_39,2023_07_10-17_39-4,Buy,100,IFA1/EL/NEMO,2023-07-11T03:00:00,2023-07-11T04:00:00,2023-07-10T17:15:00,60,72.7,72.7,72.7,100,2221,,,,,100,
2023-07-10T17:18:26,,2023_07_10-17_39,2023_07_10-17_39-5,Buy,700,IFA1/EL/NEMO,2023-07-11T04:00:00,2023-07-11T05:00:00,2023-07-10T17:15:00,70,101.25,93.59,97.9,700,6130,,,225,,475,
2023-07-10T17:18:26,,2023_07_10-17_39,2023_07_10-17_39-6,Buy,150,IFA1/EL/NEMO,2023-07-11T05:00:00,2023-07-11T06:00:00,2023-07-10T17:15:00,80,108.12,103.73,105.93,150,2237,,,150,,,
2023-07-10T23:55:45,,2023_07_11-00_12,2023_07_11-00_12-1,Buy,200,BN/NEMO,2023-07-11T05:00:00,2023-07-11T06:00:00,2023-07-10T23:45:00,80,116.5,114.59,115.35,200,3627,,200,0,,,
2023-07-10T23:55:45,,2023_07_11-00_12,2023_07_11-00_12-2,Buy,300,BN/NEMO,2023-07-11T05:00:00,2023-07-11T06:00:00,2023-07-10T23:45:00,80,119.73,116.5,117.67,300,3627,,171,129,,,
2023-07-10T23:55:45,,2023_07_11-00_12,2023_07_11-00_12-3,Buy,500,IFA1/IFA2/BN/NEMO/EL,2023-07-11T06:00:00,2023-07-11T07:00:00,2023-07-10T23:45:00,80,123.31,121,122.13,500,6318,100,125,75,100,100,
2023-07-10T23:55:45,,2023_07_11-00_12,2023_07_11-00_12-4,Buy,300,IFA1/IFA2/BN/NEMO/EL,2023-07-11T07:00:00,2023-07-11T08:00:00,2023-07-10T23:45:00,80,112.31,100.16,105.03,300,3708,10,196,,94,,
2023-07-11T13:30:18,,2023_07_11-14_02,2023_07_11-14_02-1,Buy,700,IFA1/IFA2/BN/NEMO,2023-07-11T15:00:00,2023-07-11T16:00:00,2023-07-11T13:25:00,60,100.61,93.6,97.66,700,3763,332,147,25,196,,
2023-07-11T14:32:20,,2023_07_11-14_41,2023_07_11-14_41-1,Buy,700,IFA1/IFA2/BN/NEMO,2023-07-11T16:00:00,2023-07-11T17:00:00,2023-07-11T14:20:00,80,118.65,113.03,116.85,700,4405,441,147,12,100,,
2023-07-11T14:32:20,,2023_07_11-14_41,2023_07_11-14_41-2,Buy,500,IFA1/IFA2/BN/NEMO,2023-07-11T18:00:00,2023-07-11T19:00:00,2023-07-11T14:20:00,100,155.84,148,152.76,500,9044,382,,98,20,,
2023-07-11T14:32:20,,2023_07_11-14_41,2023_07_11-14_41-3,Buy,700,IFA1/BN/NEMO/EL,2023-07-11T18:00:00,2023-07-11T19:00:00,2023-07-11T14:20:00,100,157.58,146.74,154.73,700,8834,193,,0,,507,
2023-07-11T14:32:20,,2023_07_11-14_41,2023_07_11-14_41-4,Buy,1000,IFA1/BN/NEMO/EL,2023-07-11T19:00:00,2023-07-11T20:00:00,2023-07-11T14:20:00,100,132.37,109.47,127.61,1000,8541,576,,,,424,
2023-07-11T14:32:20,,2023_07_11-14_41,2023_07_11-14_41-5,Buy,800,IFA1/BN/NEMO/EL,2023-07-11T20:00:00,2023-07-11T21:00:00,2023-07-11T14:20:00,90,120.34,115.22,117.98,800,8056,316,180,106,,198,
2023-07-11T14:32:20,,2023_07_11-14_41,2023_07_11-14_41-6,Buy,900,IFA1/BN/NEMO/EL,2023-07-11T21:00:00,2023-07-11T22:00:00,2023-07-11T14:20:00,70,106.22,101.51,104.53,900,7734,475,197,30,,198,
2023-07-11T14:32:20,,2023_07_11-14_41,2023_07_11-14_41-7,Buy,150,IFA1/IFA2/BN/NEMO/EL,2023-07-11T18:00:00,2023-07-11T19:00:00,2023-07-11T14:20:00,100,157.8,157.52,157.67,150,10173,0,,0,10,140,
2023-07-11T14:32:20,,2023_07_11-14_41,2023_07_11-14_41-8,Buy,100,IFA1/IFA2/BN/NEMO/EL,2023-07-11T19:00:00,2023-07-11T20:00:00,2023-07-11T14:20:00,100,134,132.37,132.68,100,9603,90,,,10,0,
2023-07-11T14:32:20,,2023_07_11-14_41,2023_07_11-14_41-9,Buy,300,IFA1/IFA2/NEMO/EL,2023-07-11T19:00:00,2023-07-11T20:00:00,2023-07-11T14:20:00,100,134.97,134,134.55,300,8209,129,,,10,161,
2023-07-11T14:32:20,,2023_07_11-14_41,2023_07_11-14_41-10,Buy,200,IFA1/IFA2/NEMO/EL,2023-07-11T20:00:00,2023-07-11T21:00:00,2023-07-11T14:20:00,90,120.79,120.34,120.38,200,7335,194,,6,,0,
2023-07-11T14:32:20,,2023_07_11-14_41,2023_07_11-14_41-11,Buy,600,IFA1/IFA2/NEMO/EL,2023-07-11T21:00:00,2023-07-11T22:00:00,2023-07-11T14:20:00,70,107.73,106.22,107.16,600,7753,250,,119,,231,
2023-07-11T19:42:14,,2023_07_11-20_10,2023_07_11-20_10-1,Buy,500,IFA1/NEMO,2023-07-12T04:00:00,2023-07-12T05:00:00,2023-07-11T19:40:00,60,93.54,89.02,91.41,500,2431,250,,250,,,
2023-07-11T19:42:14,,2023_07_11-20_10,2023_07_11-20_10-2,Buy,200,IFA1/NEMO,2023-07-12T05:00:00,2023-07-12T06:00:00,2023-07-11T19:40:00,80,106.76,105.2,106.14,200,1563,125,,75,,,
2023-07-12T16:18:03,,2023_07_12-16_45,2023_07_12-16_45-1,Buy,500,IFA1/IFA2/BN/NEMO,2023-07-12T19:00:00,2023-07-12T20:00:00,2023-07-12T16:15:00,85,109.08,107,108.53,500,5312,238,65,,197,,
2023-07-12T16:18:03,,2023_07_12-16_45,2023_07_12-16_45-2,Buy,1250,IFA1/IFA2/BN/NEMO,2023-07-12T20:00:00,2023-07-12T21:00:00,2023-07-12T16:15:00,80,112,108.71,110.81,1250,5746,522,100,389,239,,
2023-07-12T16:18:03,,2023_07_12-16_45,2023_07_12-16_45-3,Buy,1250,IFA1/IFA2/BN/NEMO,2023-07-12T21:00:00,2023-07-12T22:00:00,2023-07-12T16:15:00,65,104,100.77,102.61,1250,5837,426,74,513,237,,
2023-07-12T22:55:39,,2023_07_12-23_21,2023_07_12-23_21-1,Buy,1200,IFA1/BN/NEMO/IFA2/EL,2023-07-13T05:00:00,2023-07-13T06:00:00,2023-07-12T22:50:00,80,110.97,105.8,108.63,1200,7234,931,,200,69,,
2023-07-12T22:55:39,"Due to French electricity system conditions, NGESO is unable to trade on the interconnectors joining GB and France. For more information, see this link to French margin graph: https://www.services-rte.com/en/view-data-published-by-rte/balancing-capacities.html#:~:text=RTE%20proposes%20on%20this%20web,best%20hypothesis%20at%20our%20disposal",2023_07_12-23_21,2023_07_12-23_21-2,Buy,1200,IFA1/BN/NEMO/IFA2/EL,2023-07-13T06:00:00,2023-07-13T07:00:00,2023-07-12T22:50:00,80,117.63,109.44,113.86,1200,8237,500,350,350,,,
2023-07-12T22:55:39,,2023_07_12-23_21,2023_07_12-23_21-3,Buy,300,IFA1/BN/NEMO/IFA2/EL,2023-07-13T07:00:00,2023-07-13T08:00:00,2023-07-12T22:50:00,65,92.97,80.45,83.01,300,3811,,297,3,,,
2023-07-13T13:02:46,,2023_07_13-13_20,2023_07_13-13_20-1,Buy,400,IFA1/IFA2/NEMO/BN,2023-07-13T16:00:00,2023-07-13T17:00:00,2023-07-13T13:00:00,70,72.91,65.95,69.54,400,3631,127,173,100,,,
2023-07-13T13:02:46,,2023_07_13-13_20,2023_07_13-13_20-2,Buy,400,IFA1/IFA2/NEMO/BN,2023-07-13T17:00:00,2023-07-13T18:00:00,2023-07-13T13:00:00,80,87.78,77.86,83.71,400,3886,148,228,,24,,
2023-07-13T13:02:46,,2023_07_13-13_20,2023_07_13-13_20-3,Buy,600,IFA1/IFA2/NEMO/BN/EL,2023-07-13T18:00:00,2023-07-13T19:00:00,2023-07-13T13:00:00,85,102.88,100.94,101.77,600,8861,203,99,298,,,
2023-07-13T13:02:46,,2023_07_13-13_20,2023_07_13-13_20-4,Buy,300,IFA1/IFA2/NEMO/BN/EL,2023-07-13T19:00:00,2023-07-13T20:00:00,2023-07-13T13:00:00,85,111,92.38,103.26,300,6608,,99,201,,,
2023-07-14T00:16:52,,2023_07_14-00_25,2023_07_14-00_25-1,Buy,300,IFA1/BN/NEMO/IFA2/EL,2023-07-14T05:00:00,2023-07-14T06:00:00,2023-07-14T00:10:00,66,88,84,86,300,3399,,,300,,,
2023-07-14T00:16:52,,2023_07_14-00_25,2023_07_14-00_25-2,Buy,600,IFA1/BN/NEMO/IFA2/EL,2023-07-14T06:00:00,2023-07-14T07:00:00,2023-07-14T00:10:00,71,85.46,79,81.26,600,4451,6,98,398,,98,
2023-07-14T00:16:52,,2023_07_14-00_25,2023_07_14-00_25-3,Sell,550,IFA1/BN/NEMO/EL,2023-07-14T08:00:00,2023-07-14T09:00:00,2023-07-14T00:10:00,92,52.72,58.61,55.64,550,4431,30,100,351,,69,
2023-07-14T00:16:52,,2023_07_14-00_25,2023_07_14-00_25-4,Sell,700,IFA1/BN/NEMO/EL,2023-07-14T09:00:00,2023-07-14T10:00:00,2023-07-14T00:10:00,88,44.54,50.71,47.03,700,4377,140,175,385,,,
2023-07-14T00:16:52,,2023_07_14-00_25,2023_07_14-00_25-5,Sell,1000,IFA1/BN/NEMO/EL,2023-07-14T10:00:00,2023-07-14T11:00:00,2023-07-14T00:10:00,91,44,49.58,46.39,1000,4614,186,662,83,,69,
2023-07-14T00:16:52,,2023_07_14-00_25,2023_07_14-00_25-6,Sell,1000,IFA1/BN/NEMO/EL,2023-07-14T11:00:00,2023-07-14T12:00:00,2023-07-14T00:10:00,84,38.84,44,41.73,1000,5149,221,410,300,,69,
2023-07-14T08:29:20,,2023_07_14-08_55,2023_07_14-08_55-1,Sell,400,IFA1/NEMO,2023-07-14T10:00:00,2023-07-14T11:00:00,2023-07-14T08:25:00,95,42.51,45.05,44.46,400,1597,400,,,,,
2023-07-14T08:29:20,,2023_07_14-08_55,2023_07_14-08_55-2,Sell,400,IFA1/NEMO,2023-07-14T11:00:00,2023-07-14T12:00:00,2023-07-14T08:25:00,85,33.45,38.56,36.13,400,1738,385,,15,,,
2023-07-14T08:29:20,,2023_07_14-08_55,2023_07_14-08_55-3,Sell,400,IFA1/NEMO/EL,2023-07-14T12:00:00,2023-07-14T13:00:00,2023-07-14T08:25:00,85,32.79,35.03,33.66,400,3054,,,,,,
2023-07-14T08:29:20,,2023_07_14-08_55,2023_07_14-08_55-4,Sell,1000,IFA1/NEMO/EL,2023-07-14T13:00:00,2023-07-14T14:00:00,2023-07-14T08:25:00,80,24.47,30.03,27.36,1000,3054,,,,,,
2023-07-14T14:27:37,,2023_07_14-14_55,2023_07_14-14_55-1,Buy,700,IFA1/BN/NEMO/IFA2/EL,2023-07-14T18:00:00,2023-07-14T19:00:00,2023-07-14T14:25:00,60,76.15,74.4,75.65,700,8707,175,,205,,320,
2023-07-14T14:27:37,,2023_07_14-14_55,2023_07_14-14_55-2,Buy,500,IFA1/BN/NEMO/IFA2/EL,2023-07-14T19:00:00,2023-07-14T20:00:00,2023-07-14T14:25:00,50,79.07,76.34,78.02,500,8492,275,,,50,175,
2023-07-14T14:27:37,,2023_07_14-14_55,2023_07_14-14_55-3,Buy,500,IFA1/BN/NEMO/IFA2/EL,2023-07-14T20:00:00,2023-07-14T21:00:00,2023-07-14T14:25:00,50,79.18,76.28,77.92,500,8875,,,350,,150,
2023-07-14T16:23:04,"Due to French electricity system conditions, NGESO is unable to trade on the interconnectors joining GB and France.",2023_07_14-16_46,2023_07_14-16_46-1,Buy,1100,IFA1/BN/NEMO/IFA2,2023-07-14T18:00:00,2023-07-14T19:00:00,2023-07-14T16:15:00,65,79.9,70.17,73.76,1100,5240,505,,595,,,
2023-07-14T16:23:04,"Due to French electricity system conditions, NGESO is unable to trade on the interconnectors joining GB and France.",2023_07_14-16_46,2023_07_14-16_46-2,Buy,1100,IFA1/BN/NEMO/IFA2,2023-07-14T19:00:00,2023-07-14T20:00:00,2023-07-14T16:15:00,60,107.31,80.6,90.74,1100,5201,500,,600,,,
2023-07-14T16:23:04,"Due to French electricity system conditions, NGESO is unable to trade on the interconnectors joining GB and France.",2023_07_14-16_46,2023_07_14-16_46-3,Buy,1100,IFA1/BN/NEMO/IFA2,2023-07-14T20:00:00,2023-07-14T21:00:00,2023-07-14T16:15:00,60,88.4,81.51,86.27,1100,5841,755,53,197,95,,
2023-07-14T19:31:56,,2023_07_14-20_07,2023_07_14-20_07-1,Buy,800,IFA1/IFA2/BN/NEMO,2023-07-14T21:00:00,2023-07-14T22:00:00,2023-07-14T19:30:00,55,74.43,70.18,72.77,800,5725,524,49,227,,,
2023-07-14T22:28:06,,2023_07_14-22_58,2023_07_14-22_58-1,Sell,600,IFA1/IFA2/BN/NEMO,2023-07-15T00:00:00,2023-07-15T01:00:00,2023-07-14T22:25:00,50,-11.98,-4.84,-7.51,600,1789,103,99,306,92,,
2023-07-14T22:28:06,,2023_07_14-22_58,2023_07_14-22_58-2,Sell,600,IFA1/IFA2/BN/NEMO,2023-07-15T01:00:00,2023-07-15T02:00:00,2023-07-14T22:25:00,45,-13.21,-5.7,-8.52,600,2040,140,101,210,149,,
2023-07-14T22:28:06,,2023_07_14-22_58,2023_07_14-22_58-3,Sell,1300,IFA1/IFA2/BN/NEMO,2023-07-15T02:00:00,2023-07-15T03:00:00,2023-07-14T22:25:00,40,-44,-10.03,-23.53,1300,2082,325,302,372,301,,
2023-07-14T22:28:06,,2023_07_14-22_58,2023_07_14-22_58-4,Sell,1300,IFA1/IFA2/BN/NEMO,2023-07-15T03:00:00,2023-07-15T04:00:00,2023-07-14T22:25:00,40,-49.39,-10.84,-28.24,1300,1837,301,335,363,301,,
2023-07-14T22:28:06,,2023_07_14-22_58,2023_07_14-22_58-5,Sell,900,IFA1/IFA2/BN/NEMO/EL,2023-07-15T04:00:00,2023-07-15T05:00:00,2023-07-14T22:25:00,40,-13.21,-2.17,-7.28,900,3663,154,170,175,101,300,
2023-07-14T22:28:06,,2023_07_14-22_58,2023_07_14-22_58-6,Sell,600,IFA1/IFA2/BN/NEMO/EL,2023-07-15T05:00:00,2023-07-15T06:00:00,2023-07-14T22:25:00,45,-14.26,-6.21,-11.45,600,3133,102,41,150,30,277,
2023-07-15T02:44:36,,2023_07_15-03_00,2023_07_15-03_00-1,Sell,800,IFA1/IFA2/BN/NEMO,2023-07-15T06:00:00,2023-07-15T07:00:00,2023-07-15T02:40:00,45,6.5,12.55,10.52,800,5183,425,25,320,30,,
2023-07-15T02:44:36,,2023_07_15-03_00,2023_07_15-03_00-2,Sell,1000,IFA1/IFA2/BN/NEMO,2023-07-15T07:00:00,2023-07-15T08:00:00,2023-07-15T02:40:00,40,-8,-2.58,-5.29,1000,5983,175,175,553,97,,
2023-07-15T02:44:36,,2023_07_15-03_00,2023_07_15-03_00-3,Sell,1300,IFA1/IFA2/BN/NEMO,2023-07-15T08:00:00,2023-07-15T09:00:00,2023-07-15T02:40:00,25,-14,-6.88,-11.23,1300,7746,795,132,223,150,,
2023-07-15T02:44:36,,2023_07_15-03_00,2023_07_15-03_00-4,Sell,1600,IFA1/IFA2/BN/NEMO/EL,2023-07-15T09:00:00,2023-07-15T10:00:00,2023-07-15T02:40:00,8,-22,-11.53,-18.83,1600,8614,550,250,200,450,150,
2023-07-15T02:44:36,,2023_07_15-03_00,2023_07_15-03_00-5,Sell,1700,IFA1/IFA2/BN/NEMO/EL,2023-07-15T10:00:00,2023-07-15T11:00:00,2023-07-15T02:40:00,1,-27,-8.6,-21.26,1700,10104,995,100,200,25,380,
2023-07-15T02:44:36,,2023_07_15-03_00,2023_07_15-03_00-6,Sell,1400,IFA1/IFA2/BN/NEMO/EL,2023-07-15T11:00:00,2023-07-15T12:00:00,2023-07-15T02:40:00,1,-25.8,-8.6,-20.54,1400,10079,845,175,75,,305,
2023-07-15T09:17:59,,2023_07_15-09_26,2023_07_15-09_26-1,Sell,500,IFA1/BN/NEMO/IFA2,2023-07-15T11:00:00,2023-07-15T12:00:00,2023-07-15T09:15:00,25,-4.11,-0.08,-2.24,500,3236,100,72,198,130,,
2023-07-15T09:17:59,,2023_07_15-09_26,2023_07_15-09_26-2,Sell,2400,IFA1/BN/NEMO/IFA2,2023-07-15T12:00:00,2023-07-15T13:00:00,2023-07-15T09:15:00,20,-16.28,-5.1,-11.88,2400,5464,1184,310,443,463,,
2023-07-15T09:17:59,,2023_07_15-09_26,2023_07_15-09_26-3,Sell,2650,IFA1/BN/NEMO/IFA2,2023-07-15T13:00:00,2023-07-15T14:00:00,2023-07-15T09:15:00,20,-15.97,-5.1,-11.7,2650,5457,1178,522,508,442,,
2023-07-15T09:17:59,,2023_07_15-09_26,2023_07_15-09_26-4,Sell,2600,IFA1/BN/NEMO/IFA2,2023-07-15T14:00:00,2023-07-15T15:00:00,2023-07-15T09:15:00,20,-13.46,-4.19,-9.53,2600,12066,1152,120,703,625,,
2023-07-15T09:17:59,,2023_07_15-09_26,2023_07_15-09_26-5,Sell,2600,IFA1/BN/NEMO/IFA2/EL,2023-07-15T15:00:00,2023-07-15T16:00:00,2023-07-15T09:15:00,25,-38.86,-8.69,-27.6,2600,12212,900,819,165,116,600,
2023-07-15T13:14:30,,2023_07_15-13_20,2023_07_15-13_20-1,Sell,2450,IFA1/BN/NEMO/IFA2,2023-07-15T16:00:00,2023-07-15T17:00:00,2023-07-15T13:10:00,45,10,30.13,17.56,2450,6627,1139,585,236,490,,
2023-07-15T13:14:30,,2023_07_15-13_20,2023_07_15-13_20-2,Sell,2550,IFA1/BN/NEMO/IFA2,2023-07-15T17:00:00,2023-07-15T18:00:00,2023-07-15T13:10:00,75,26.87,47.5,38.13,2550,5022,1316,252,477,505,,
2023-07-15T13:14:30,,2023_07_15-13_20,2023_07_15-13_20-3,Sell,1600,IFA1/BN/NEMO/IFA2/EL,2023-07-15T18:00:00,2023-07-15T19:00:00,2023-07-15T13:10:00,80,57.77,65.13,60.81,1600,8057,442,90,25,200,843,
2023-07-15T13:14:30,,2023_07_15-13_20,2023_07_15-13_20-4,Sell,1500,IFA1/BN/NEMO/IFA2/EL,2023-07-15T19:00:00,2023-07-15T20:00:00,2023-07-15T13:10:00,80,56.33,64,59.66,1500,8008,553,,25,200,722,
2023-07-15T13:14:30,,2023_07_15-13_20,2023_07_15-13_20-5,Sell,2200,IFA1/BN/NEMO/IFA2/EL,2023-07-15T20:00:00,2023-07-15T21:00:00,2023-07-15T13:10:00,75,52,63.11,56.66,2200,8075,1230,72,95,237,566,
2023-07-15T13:14:30,,2023_07_15-13_20,2023_07_15-13_20-6,Sell,2000,IFA1/BN/NEMO/IFA2/EL,2023-07-15T21:00:00,2023-07-15T22:00:00,2023-07-15T13:10:00,70,36.85,50,40.87,2000,7790,1041,58,185,200,516,
2023-07-15T19:35:43,,2023_07_15-19_26,2023_07_15-19_26-1,Sell,1600,IFA1/BN/NEMO,2023-07-15T22:00:00,2023-07-15T23:00:00,2023-07-15T19:30:00,40,0.86,23.03,8.56,1600,3869,1045,375,180,,,
2023-07-15T19:35:43,,2023_07_15-19_26,2023_07_15-19_26-2,Sell,800,IFA2,2023-07-15T22:00:00,2023-07-15T23:00:00,2023-07-15T19:30:00,40,-22.29,20.78,-1.75,800,1207,,,,800,,
2023-07-15T19:35:43,,2023_07_15-19_26,2023_07_15-19_26-3,Sell,900,IFA1/BN/NEMO,2023-07-15T23:00:00,2023-07-16T00:00:00,2023-07-15T19:30:00,20,-14,-0.77,-9.4,900,3626,348,300,252,,,
2023-07-15T19:35:43,,2023_07_15-19_26,2023_07_15-19_26-4,Sell,700,IFA2,2023-07-15T23:00:00,2023-07-16T00:00:00,2023-07-15T19:30:00,20,-33.38,-7.73,-23.69,700,858,,,,700,,
2023-07-15T19:35:43,,2023_07_15-19_26,2023_07_15-19_26-5,Sell,3100,IFA1/BN/NEMO,2023-07-16T00:00:00,2023-07-16T01:00:00,2023-07-15T19:30:00,20,-90,-26.66,-47.42,3100,4564,1353,603,1144,,,
2023-07-15T19:35:43,,2023_07_15-19_26,2023_07_15-19_26-6,Sell,800,IFA2,2023-07-16T00:00:00,2023-07-16T01:00:00,2023-07-15T19:30:00,20,-118.46,-15.99,-52.48,800,923,,,,800,,
2023-07-15T19:35:43,,2023_07_15-19_26,2023_07_15-19_26-7,Sell,3600,IFA1/BN/NEMO/IFA2,2023-07-16T01:00:00,2023-07-16T02:00:00,2023-07-15T19:30:00,15,-70.27,-19.05,-43.18,3600,5412,1296,678,923,703,,
2023-07-15T19:35:43,,2023_07_15-19_26,2023_07_15-19_26-8,Sell,3100,IFA1/BN/NEMO/IFA2,2023-07-16T02:00:00,2023-07-16T03:00:00,2023-07-15T19:30:00,15,-69.77,-18.23,-42.01,3100,5332,1249,655,793,403,,
2023-07-15T19:35:43,,2023_07_15-19_26,2023_07_15-19_26-9,Sell,300,IFA2,2023-07-16T02:00:00,2023-07-16T03:00:00,2023-07-15T19:30:00,15,-35.26,-29.22,-33.25,300,1097,,,,300,,
2023-07-15T19:35:43,,2023_07_15-19_26,2023_07_15-19_26-10,Sell,3300,IFA1/BN/NEMO/IFA2,2023-07-16T03:00:00,2023-07-16T04:00:00,2023-07-15T19:30:00,15,-59.06,-15.73,-38.43,3300,5592,1283,940,741,336,,
2023-07-15T19:35:43,,2023_07_15-19_26,2023_07_15-19_26-11,Sell,300,IFA2,2023-07-16T03:00:00,2023-07-16T04:00:00,2023-07-15T19:30:00,15,-35.26,-29.22,-31.83,300,975,,,,300,,
2023-07-15T19:35:43,,2023_07_15-19_26,2023_07_15-19_26-12,Sell,3400,IFA1/BN/NEMO/EL,2023-07-16T04:00:00,2023-07-16T05:00:00,2023-07-15T19:30:00,15,-73.43,-20.94,-42.1,3400,5193,1322,799,866,,413,
2023-07-15T19:35:43,,2023_07_15-19_26,2023_07_15-19_26-13,Sell,600,IFA2,2023-07-16T04:00:00,2023-07-16T05:00:00,2023-07-15T19:30:00,15,-59.06,-17.04,-36.03,600,880,,,,600,,
2023-07-15T19:35:43,,2023_07_15-19_26,2023_07_15-19_26-14,Sell,3300,IFA1/BN/NEMO/EL,2023-07-16T05:00:00,2023-07-16T06:00:00,2023-07-15T19:30:00,10,-74.38,-21.35,-44.2,3300,5215,1180,805,902,,413,
2023-07-15T19:35:43,,2023_07_15-19_26,2023_07_15-19_26-15,Sell,500,IFA2,2023-07-16T05:00:00,2023-07-16T06:00:00,2023-07-15T19:30:00,10,-74.51,-10.25,-41.43,500,675,,,,500,,
2023-07-16T02:13:54,,2023_07_16-02_03,2023_07_16-02_03-1,Sell,2750,IFA1/BN/NEMO/IFA2,2023-07-16T06:00:00,2023-07-16T07:00:00,2023-07-16T02:05:00,15,-28,-9.18,-16.31,2750,7449,1970,77,,703,,
2023-07-16T02:13:54,,2023_07_16-02_03,2023_07_16-02_03-2,Sell,1900,IFA1/BN/NEMO/IFA2,2023-07-16T07:00:00,2023-07-16T08:00:00,2023-07-16T02:05:00,15,-20.89,-13.36,-17.96,1900,7494,1398,,,502,,
2023-07-16T02:13:54,,2023_07_16-02_03,2023_07_16-02_03-3,Sell,2000,IFA1/BN/NEMO/IFA2,2023-07-16T08:00:00,2023-07-16T09:00:00,2023-07-16T02:05:00,15,-28,-21.71,-25.5,2000,7567,1620,,28,352,,
2023-07-16T02:13:54,,2023_07_16-02_03,2023_07_16-02_03-4,Sell,2600,IFA1/BN/NEMO/IFA2/EL,2023-07-16T09:00:00,2023-07-16T10:00:00,2023-07-16T02:05:00,10,-30.07,-21.71,-26.98,2600,8015,1898,,,402,300,
2023-07-16T02:13:54,,2023_07_16-02_03,2023_07_16-02_03-5,Sell,2600,IFA1/BN/NEMO/IFA2/EL,2023-07-16T10:00:00,2023-07-16T11:00:00,2023-07-16T02:05:00,5,-35.09,-27.47,-32.44,2600,9164,1239,,300,600,461,
2023-07-16T02:13:54,,2023_07_16-02_03,2023_07_16-02_03-6,Sell,3000,IFA1/BN/NEMO/IFA2/EL,2023-07-16T11:00:00,2023-07-16T12:00:00,2023-07-16T02:05:00,0,-45.95,-34.95,-41.21,3000,9335,1825,,,600,575,
2023-07-16T10:19:03,,2023_07_16-10_28,2023_07_16-10_28-1,Sell,3500,IFA1/IFA2/BN/NEMO,2023-07-16T12:00:00,2023-07-16T13:00:00,2023-07-16T10:15:00,0,-47.3,-31.9,-42.16,3500,6968,1937,294,538,731,,
2023-07-16T10:19:03,,2023_07_16-10_28,2023_07_16-10_28-2,Sell,3150,IFA1/IFA2/BN/NEMO,2023-07-16T13:00:00,2023-07-16T14:00:00,2023-07-16T10:15:00,0,-42.88,-27.92,-36.85,3150,7176,1719,294,534,603,,
2023-07-16T10:19:03,,2023_07_16-10_28,2023_07_16-10_28-3,Sell,2950,IFA1/IFA2/BN/NEMO,2023-07-16T14:00:00,2023-07-16T15:00:00,2023-07-16T10:15:00,0,-24.62,-14.54,-21.44,2950,12100,2097,,350,503,,
2023-07-16T10:19:03,,2023_07_16-10_28,2023_07_16-10_28-4,Sell,2900,IFA1/IFA2/BN/NEMO/EL,2023-07-16T15:00:00,2023-07-16T16:00:00,2023-07-16T10:15:00,5,-13.88,-4.49,-10.85,2900,13512,1670,150,325,200,555,
2023-07-16T10:19:03,,2023_07_16-10_28,2023_07_16-10_28-5,Sell,1200,IFA1/IFA2/BN/NEMO/EL,2023-07-16T16:00:00,2023-07-16T17:00:00,2023-07-16T10:15:00,35,3.13,9.4,5.15,1200,12587,648,25,325,70,132,
2023-07-16T10:19:03,,2023_07_16-10_28,2023_07_16-10_28-6,Sell,300,IFA1/IFA2/BN/NEMO/EL,2023-07-16T17:00:00,2023-07-16T18:00:00,2023-07-16T10:15:00,80,58.48,61.91,60.55,300,6760,225,,75,,,
2023-07-16T19:03:50,,2023_07_16-19_20,2023_07_16-19_20-1,Sell,400,IFA1/IFA2/BN/NEMO,2023-07-16T22:00:00,2023-07-16T23:00:00,2023-07-16T19:00:00,85,65.26,74.19,68.78,400,4396,335,,65,,,
2023-07-16T19:03:50,,2023_07_16-19_20,2023_07_16-19_20-2,Sell,1200,IFA1/IFA2/BN/NEMO,2023-07-16T23:00:00,2023-07-17T00:00:00,2023-07-16T19:00:00,70,43.41,56.76,48.54,1200,4341,471,175,175,379,,
2023-07-16T19:03:50,,2023_07_16-19_20,2023_07_16-19_20-3,Sell,1000,IFA1/IFA2/BN/NEMO,2023-07-17T00:00:00,2023-07-17T01:00:00,2023-07-16T19:00:00,65,41.77,53.96,46.49,1000,4400,565,50,,385,,
2023-07-16T19:03:50,,2023_07_16-19_20,2023_07_16-19_20-4,Sell,700,IFA1/IFA2/BN/NEMO,2023-07-17T01:00:00,2023-07-17T02:00:00,2023-07-16T19:00:00,60,42.16,49.77,46.27,700,3996,376,13,25,286,,
2023-07-16T19:03:50,,2023_07_16-19_20,2023_07_16-19_20-5,Sell,400,IFA1/IFA2/BN/NEMO,2023-07-17T02:00:00,2023-07-17T03:00:00,2023-07-16T19:00:00,60,44.37,49.32,46.46,400,3686,225,,,175,,
2023-07-16T19:03:50,,2023_07_16-19_20,2023_07_16-19_20-6,Sell,400,IFA1/IFA2/BN/NEMO,2023-07-17T03:00:00,2023-07-17T04:00:00,2023-07-16T19:00:00,70,50.49,57.35,54.03,400,3724,276,,,124,,
2023-07-16T19:03:50,,2023_07_16-19_20,2023_07_16-19_20-7,Sell,700,IFA1/IFA2/BN/NEMO/EL,2023-07-17T04:00:00,2023-07-17T05:00:00,2023-07-16T19:00:00,80,61.17,66.76,63.89,700,4053,225,220,30,125,100,
2023-07-16T19:03:50,,2023_07_16-19_20,2023_07_16-19_20-8,Buy,1000,IFA1/IFA2/BN/NEMO/EL,2023-07-17T06:00:00,2023-07-17T07:00:00,2023-07-16T19:00:00,75,104.96,84.99,101.31,1000,7174,150,333,347,,170,
2023-07-16T19:03:50,,2023_07_16-19_20,2023_07_16-19_20-9,Buy,500,IFA1/IFA2/NEMO/EL,2023-07-17T07:00:00,2023-07-17T08:00:00,2023-07-16T19:00:00,70,93.69,88.14,91.23,500,4502,,,250,80,170,
2023-07-17T19:23:32,,2023_07_17-19_48,2023_07_17-19_48-1,Buy,550,IFA1/BN/NEMO/IFA2/EL,2023-07-18T05:00:00,2023-07-18T06:00:00,2023-07-17T19:20:00,75,101,63.78,94.93,550,6692,90,260,200,,,
2023-07-17T19:23:32,,2023_07_17-19_48,2023_07_17-19_48-2,Buy,450,IFA1/BN/NEMO/IFA2/EL,2023-07-18T06:00:00,2023-07-18T07:00:00,2023-07-17T19:20:00,83,101.24,96.52,99.14,450,6060,50,100,100,50,150,
2023-07-18T08:42:40,,2023_07_18-09_10,2023_07_18-09_10-1,Buy,200,IFA1/IFA2/EL/BN/NEMO,2023-07-18T16:00:00,2023-07-18T17:00:00,2023-07-18T08:40:00,85,127.29,117.44,121.17,200,3777,99,,52,,49,
2023-07-18T08:42:40,,2023_07_18-09_10,2023_07_18-09_10-2,Buy,440,IFA1/IFA2/EL/BN/NEMO,2023-07-18T17:00:00,2023-07-18T18:00:00,2023-07-18T08:40:00,100,183.6,174.8,181.36,440,6203,120,25,107,,188,
2023-07-18T08:42:40,,2023_07_18-09_10,2023_07_18-09_10-3,Buy,440,IFA1/IFA2/EL/BN/NEMO,2023-07-18T18:00:00,2023-07-18T19:00:00,2023-07-18T08:40:00,100,200.66,195.57,198.65,440,6229,108,,160,,172,
2023-07-18T08:42:40,,2023_07_18-09_10,2023_07_18-09_10-4,Buy,440,IFA1/IFA2/EL/BN/NEMO,2023-07-18T19:00:00,2023-07-18T20:00:00,2023-07-18T08:40:00,100,175.13,168.39,173.76,440,6241,70,,50,,320,
2023-07-18T11:09:40,,2023_07_18-11_26,2023_07_18-11_26-1,Buy,350,IFA1/IFA2/BN/NEMO,2023-07-18T13:00:00,2023-07-18T14:00:00,2023-07-18T11:00:00,65,84,74,82.88,100,193,20,,,80,,
2023-07-18T11:09:40,,2023_07_18-11_26,2023_07_18-11_26-2,Buy,350,IFA1/IFA2/BN/NEMO,2023-07-18T14:00:00,2023-07-18T15:00:00,2023-07-18T11:00:00,65,96.48,85.94,91.64,350,2378,75,,,275,,
2023-07-18T11:09:40,,2023_07_18-11_26,2023_07_18-11_26-3,Buy,500,IFA1/IFA2/EL/BN/NEMO,2023-07-18T15:00:00,2023-07-18T16:00:00,2023-07-18T11:00:00,70,114,98.37,108.42,500,2733,105,,,248,147,
2023-07-18T11:09:40,,2023_07_18-11_26,2023_07_18-11_26-4,Buy,500,IFA1/IFA2/EL/BN/NEMO,2023-07-18T16:00:00,2023-07-18T17:00:00,2023-07-18T11:00:00,85,134,124.94,130.06,500,5956,185,25,175,65,50,
2023-07-18T11:09:40,,2023_07_18-11_26,2023_07_18-11_26-5,Buy,1150,IFA1/IFA2/EL/BN/NEMO,2023-07-18T17:00:00,2023-07-18T18:00:00,2023-07-18T11:00:00,100,197.94,184.49,193.62,1150,9362,720,45,225,160,,
2023-07-18T11:09:40,"Due to French electricity system conditions, NGESO is unable to trade on the interconnectors joining GB and France.",2023_07_18-11_26,2023_07_18-11_26-6,Buy,2100,IFA1/IFA2/EL/BN/NEMO,2023-07-18T18:00:00,2023-07-18T19:00:00,2023-07-18T11:00:00,100,236.09,219.15,227.92,2100,11240,797,424,456,245,178,
2023-07-18T11:09:40,,2023_07_18-11_26,2023_07_18-11_26-7,Buy,900,IFA1/IFA2/EL/BN/NEMO,2023-07-18T19:00:00,2023-07-18T20:00:00,2023-07-18T11:00:00,100,200,191.5,196.21,900,9500,458,65,222,130,25,
2023-07-18T15:53:39,,2023_07_18-16_22,2023_07_18-16_22-1,Buy,900,IFA1/IFA2/EL/BN/NEMO,2023-07-18T22:00:00,2023-07-18T23:00:00,2023-07-18T15:50:00,70,101.51,97.62,99.83,900,9340,200,435,75,75,115,
2023-07-19T11:03:49,"Due to French electricity system conditions, NGESO is unable to trade on the interconnectors joining GB and France.",2023_07_19-11_23,2023_07_19-11_23-1,Buy,300,IFA1/IFA2/EL/BN/NEMO,2023-07-19T15:00:00,2023-07-19T16:00:00,2023-07-19T11:00:00,55,84.14,79.61,82.35,300,5821,,201,99,,,
2023-07-19T11:03:49,"Due to French electricity system conditions, NGESO is unable to trade on the interconnectors joining GB and France.",2023_07_19-11_23,2023_07_19-11_23-2,Buy,300,IFA1/IFA2/EL/BN/NEMO,2023-07-19T16:00:00,2023-07-19T17:00:00,2023-07-19T11:00:00,70,91.35,86.17,90.01,300,6956,,150,150,,,
2023-07-19T11:03:49,,2023_07_19-11_23,2023_07_19-11_23-3,Buy,600,IFA1/IFA2/EL/BN/NEMO,2023-07-19T17:00:00,2023-07-19T18:00:00,2023-07-19T11:00:00,85,109.63,106.21,108.31,600,9577,316,50,,100,134,
2023-07-19T11:03:49,,2023_07_19-11_23,2023_07_19-11_23-4,Buy,600,IFA1/IFA2/EL/BN/NEMO,2023-07-19T18:00:00,2023-07-19T19:00:00,2023-07-19T11:00:00,90,117.01,110.85,113.74,600,9681,210,,,175,215,
2023-07-19T11:03:49,,2023_07_19-11_23,2023_07_19-11_23-5,Buy,600,IFA1/IFA2/EL/BN/NEMO,2023-07-19T19:00:00,2023-07-19T20:00:00,2023-07-19T11:00:00,90,108.86,104.3,106.43,600,9703,256,,50,100,194,
2023-07-19T11:03:49,"Due to French electricity system conditions, NGESO is unable to trade on the interconnectors joining GB and France.",2023_07_19-11_23,2023_07_19-11_23-6,Buy,600,IFA1/IFA2/EL/BN/NEMO,2023-07-19T20:00:00,2023-07-19T21:00:00,2023-07-19T11:00:00,85,113.74,106.66,111.89,600,9651,,385,215,,,
2023-07-19T15:31:37,,2023_07_19-16_02,2023_07_19-16_02-1,Buy,300,IFA1/IFA2/BN/NEMO,2023-07-19T21:00:00,2023-07-19T22:00:00,2023-07-19T15:25:00,75,99.44,94.15,96.31,299,5992,75,50,50,124,,
2023-07-19T15:31:37,,2023_07_19-16_02,2023_07_19-16_02-2,Buy,500,IFA1/IFA2/EL/BN/NEMO,2023-07-19T22:00:00,2023-07-19T23:00:00,2023-07-19T15:25:00,65,92.63,89.94,91.18,498,5106,75,150,50,25,198,
2023-07-19T23:10:20,,2023_07_19-23_19,2023_07_19-23_19-1,Buy,410,IFA1/IFA2/EL/BN/NEMO,2023-07-20T05:00:00,2023-07-20T06:00:00,2023-07-19T22:55:00,85,98.6,95.7,96.96,410,6304,,410,,,,
2023-07-19T23:10:20,,2023_07_19-23_19,2023_07_19-23_19-2,Buy,610,IFA1/IFA2/EL/BN/NEMO,2023-07-20T06:00:00,2023-07-20T07:00:00,2023-07-19T22:55:00,85,104.4,99.86,103.54,610,9105,,429,100,81,,
2023-07-19T23:10:20,,2023_07_19-23_19,2023_07_19-23_19-3,Buy,800,IFA1/IFA2/EL/BN/NEMO,2023-07-20T07:00:00,2023-07-20T08:00:00,2023-07-19T22:55:00,80,95,90.41,93.26,800,7972,10,459,331,,,
2023-07-19T23:10:20,,2023_07_19-23_19,2023_07_19-23_19-4,Buy,650,IFA1/IFA2/EL/BN/NEMO,2023-07-20T08:00:00,2023-07-20T09:00:00,2023-07-19T22:55:00,70,89.77,84,86.48,650,5899,133,,443,,74,
2023-07-20T09:02:49,,2023_07_20-09_29,2023_07_20-09_29-1,Buy,600,IFA1/IFA2/EL/BN/NEMO,2023-07-20T15:00:00,2023-07-20T16:00:00,2023-07-20T08:55:00,55,82.77,80.07,81.68,600,8334,244,50,7,50,249,
2023-07-20T09:02:49,,2023_07_20-09_29,2023_07_20-09_29-2,Buy,700,IFA1/IFA2/EL/BN/NEMO,2023-07-20T16:00:00,2023-07-20T17:00:00,2023-07-20T08:55:00,70,96.61,92.79,95.14,700,10693,91,300,,50,259,
2023-07-20T09:02:49,,2023_07_20-09_29,2023_07_20-09_29-3,Buy,1050,IFA1/IFA2/EL/BN/NEMO,2023-07-20T17:00:00,2023-07-20T18:00:00,2023-07-20T08:55:00,80,119.59,116.92,118.48,1050,11592,481,120,,150,299,
2023-07-20T09:02:49,,2023_07_20-09_29,2023_07_20-09_29-4,Buy,1100,IFA1/IFA2/EL/BN/NEMO,2023-07-20T18:00:00,2023-07-20T19:00:00,2023-07-20T08:55:00,90,133.5,130.1,131.94,1100,11577,531,120,,150,299,
2023-07-20T09:02:49,,2023_07_20-09_29,2023_07_20-09_29-5,Buy,1000,IFA1/IFA2/EL/BN/NEMO,2023-07-20T19:00:00,2023-07-20T20:00:00,2023-07-20T08:55:00,85,119.74,114.73,118.03,1000,11380,700,,,100,200,
2023-07-20T09:02:49,,2023_07_20-09_29,2023_07_20-09_29-6,Buy,400,IFA1/IFA2/EL/BN/NEMO,2023-07-20T20:00:00,2023-07-20T21:00:00,2023-07-20T08:55:00,80,110.99,108.55,109.6,400,9938,230,170,,,,
2023-07-20T17:03:35,,2023_07_20-17_34,2023_07_20-17_34-1,Buy,400,IFA1/IFA2/BN/NEMO,2023-07-20T21:00:00,2023-07-20T22:00:00,2023-07-20T17:00:00,80,101.12,99.18,99.5,400,3194,75,270,,55,,
2023-07-20T17:03:35,,2023_07_20-17_34,2023_07_20-17_34-2,Buy,800,IFA1/IFA2/EL/BN/NEMO,2023-07-20T22:00:00,2023-07-20T23:00:00,2023-07-20T17:00:00,70,97.12,93.4,95.56,800,8370,275,350,25,50,100,
2023-07-20T21:44:44,,2023_07_20-22_07,2023_07_20-22_07-1,Buy,400,IFA1/BN/NEMO/IFA2/EL,2023-07-21T05:00:00,2023-07-21T06:00:00,2023-07-20T21:40:00,65,97.96,92.26,95.97,400,5654,,300,,,100,
2023-07-20T21:44:44,,2023_07_20-22_07,2023_07_20-22_07-2,Buy,800,IFA1/BN/NEMO/IFA2/EL,2023-07-21T06:00:00,2023-07-21T07:00:00,2023-07-20T21:40:00,75,105.36,100.53,103.16,800,6168,197,228,30,95,250,
2023-07-20T21:44:44,,2023_07_20-22_07,2023_07_20-22_07-3,Buy,400,IFA1/BN/NEMO/IFA2/EL,2023-07-21T07:00:00,2023-07-21T08:00:00,2023-07-20T21:40:00,70,95.7,93,94.34,400,4908,74,100,,30,196,
2023-07-20T21:44:44,,2023_07_20-22_07,2023_07_20-22_07-4,Buy,300,IFA1/BN/NEMO/IFA2/EL,2023-07-21T08:00:00,2023-07-21T09:00:00,2023-07-20T21:40:00,65,88.17,81.77,85.49,300,4540,,290,,10,,
2023-07-20T21:44:44,,2023_07_20-22_07,2023_07_20-22_07-5,Buy,400,IFA1/BN/NEMO/IFA2/EL,2023-07-21T10:00:00,2023-07-21T11:00:00,2023-07-20T21:40:00,60,80.22,72.77,77.32,400,5585,,355,45,,,
2023-07-20T21:44:44,,2023_07_20-22_07,2023_07_20-22_07-6,Buy,400,IFA1/BN/NEMO/IFA2/EL,2023-07-21T11:00:00,2023-07-21T12:00:00,2023-07-20T21:40:00,55,78.97,70.33,75.34,400,5598,107,293,,,,
2023-07-21T16:57:55,,2023_07_21-17_16,2023_07_21-17_16-1,Buy,400,IFA1/IFA2/BN/NEMO,2023-07-21T19:00:00,2023-07-21T20:00:00,2023-07-21T16:55:00,75,93.19,90.1,92.21,400,3284,167,100,15,118,,
2023-07-21T16:57:55,,2023_07_21-17_16,2023_07_21-17_16-2,Buy,400,IFA1/IFA2/BN/NEMO,2023-07-21T20:00:00,2023-07-21T21:00:00,2023-07-21T16:55:00,70,91.7,88.01,90.21,400,3357,190,57,40,113,,
2023-07-21T22:54:17,,2023_07_21-23_22,2023_07_21-23_22-1,Sell,250,IFA1/EL/NEMO,2023-07-22T07:00:00,2023-07-22T08:00:00,2023-07-21T22:50:00,90,62,63.73,63.04,250,3033,100,,,,150,
2023-07-21T22:54:17,,2023_07_21-23_22,2023_07_21-23_22-2,Sell,600,IFA1/EL/NEMO,2023-07-22T08:00:00,2023-07-22T09:00:00,2023-07-21T22:50:00,90,49.86,53.33,51.58,600,4630,200,,,,400,
2023-07-21T22:54:17,,2023_07_21-23_22,2023_07_21-23_22-3,Sell,650,IFA1/EL/NEMO,2023-07-22T09:00:00,2023-07-22T10:00:00,2023-07-21T22:50:00,90,34.03,40.02,36.91,650,4665,350,,,,300,
2023-07-21T22:54:17,,2023_07_21-23_22,2023_07_21-23_22-4,Sell,600,IFA1/EL/NEMO,2023-07-22T10:00:00,2023-07-22T11:00:00,2023-07-21T22:50:00,90,30.47,34,32.48,600,4665,350,,,,250,
2023-07-21T22:54:17,,2023_07_21-23_22,2023_07_21-23_22-5,Sell,700,IFA1/EL/NEMO,2023-07-22T11:00:00,2023-07-22T12:00:00,2023-07-21T22:50:00,90,14.21,19,16.47,700,4865,274,,,,426,
2023-07-22T10:22:06,,2023_07_22-10_21,2023_07_22-10_21-1,Sell,950,IFA1/NEMO,2023-07-22T12:00:00,2023-07-22T13:00:00,2023-07-22T10:10:00,90,-11.99,55.52,-6.84,950,4980,851,,99,,,
2023-07-22T10:22:06,,2023_07_22-10_21,2023_07_22-10_21-2,Sell,1050,IFA1/NEMO,2023-07-22T13:00:00,2023-07-22T14:00:00,2023-07-22T10:10:00,80,-5.55,55,-0.8,1050,5020,901,,149,,,
2023-07-22T10:22:06,,2023_07_22-10_21,2023_07_22-10_21-3,Sell,1200,IFA1/NEMO,2023-07-22T14:00:00,2023-07-22T15:00:00,2023-07-22T10:10:00,75,5.9,47.17,9.56,1200,6328,1000,,200,,,
2023-07-22T10:22:06,,2023_07_22-10_21,2023_07_22-10_21-4,Sell,1000,IFA1/EL/NEMO,2023-07-22T15:00:00,2023-07-22T16:00:00,2023-07-22T10:10:00,90,41.53,47.17,43.69,1000,7053,239,,111,,650,
2023-07-22T10:22:06,,2023_07_22-10_21,2023_07_22-10_21-5,Sell,750,IFA1/EL/NEMO,2023-07-22T16:00:00,2023-07-22T17:00:00,2023-07-22T10:10:00,100,53.4,57.83,55.59,750,6555,380,,20,,350,
2023-07-22T10:22:06,,2023_07_22-10_21,2023_07_22-10_21-6,Sell,200,IFA1/EL/NEMO,2023-07-22T17:00:00,2023-07-22T18:00:00,2023-07-22T10:10:00,110,65.12,66.68,65.9,200,4538,,,,,200,
2023-07-22T12:22:37,,2023_07_22-12_48,2023_07_22-12_48-1,Sell,150,IFA1,2023-07-22T15:00:00,2023-07-22T16:00:00,2023-07-22T12:20:00,80,43.62,43.62,43.62,150,1360,150,,,,,
2023-07-22T12:22:37,,2023_07_22-12_48,2023_07_22-12_48-2,Sell,300,IFA1,2023-07-22T17:00:00,2023-07-22T18:00:00,2023-07-22T12:20:00,100,67.92,72.66,69.38,300,2103,300,,,,,
2023-07-22T18:48:50,,2023_07_22-19_08,2023_07_22-19_08-1,Sell,1800,IFA1/IFA2/BN/NEMO/EL,2023-07-22T22:00:00,2023-07-22T23:00:00,2023-07-22T18:45:00,95,48.93,67.38,54.24,1800,9343,1094,64,177,262,203,
2023-07-22T18:48:50,,2023_07_22-19_08,2023_07_22-19_08-2,Sell,3450,IFA1/IFA2/BN/NEMO/EL,2023-07-22T23:00:00,2023-07-23T00:00:00,2023-07-22T18:45:00,80,12,63.2,25.67,3450,9836,1764,480,411,695,100,
2023-07-22T18:48:50,,2023_07_22-19_08,2023_07_22-19_08-3,Sell,3500,IFA1/IFA2/BN/NEMO/EL,2023-07-23T00:00:00,2023-07-23T01:00:00,2023-07-22T18:45:00,70,-10.17,34.2,8.77,3500,9845,1296,686,390,778,350,
2023-07-22T18:48:50,,2023_07_22-19_08,2023_07_22-19_08-4,Sell,3800,IFA1/IFA2/BN/NEMO/EL,2023-07-23T01:00:00,2023-07-23T02:00:00,2023-07-22T18:45:00,55,-26.1,22.03,-7.77,3800,9970,1477,808,402,888,225,
2023-07-22T18:48:50,,2023_07_22-19_08,2023_07_22-19_08-5,Sell,3800,IFA1/IFA2/BN/NEMO/EL,2023-07-23T02:00:00,2023-07-23T03:00:00,2023-07-22T18:45:00,50,-37.35,5.86,-22.68,3800,10282,1383,687,502,878,350,
2023-07-22T18:48:50,,2023_07_22-19_08,2023_07_22-19_08-6,Sell,4550,IFA1/IFA2/BN/NEMO/EL,2023-07-23T03:00:00,2023-07-23T04:00:00,2023-07-22T18:45:00,50,-43.5,3.32,-28.07,4550,11582,1327,1008,577,1188,450,
2023-07-22T22:35:27,,2023_07_22-22_42,2023_07_22-22_42-1,Sell,5350,IFA1/IFA2/BN/NEMO/EL,2023-07-23T04:00:00,2023-07-23T05:00:00,2023-07-22T22:20:00,40,-63.53,-17,-47.39,5350,10618,1908,961,820,883,778,
2023-07-22T22:35:27,,2023_07_22-22_42,2023_07_22-22_42-2,Sell,5250,IFA1/IFA2/BN/NEMO/EL,2023-07-23T05:00:00,2023-07-23T06:00:00,2023-07-22T22:20:00,40,-65,-17,-48.64,5250,10635,2042,781,820,826,781,
2023-07-22T22:35:27,,2023_07_22-22_42,2023_07_22-22_42-3,Sell,4000,IFA1/IFA2/BN/NEMO/EL,2023-07-23T06:00:00,2023-07-23T07:00:00,2023-07-22T22:20:00,40,-53,-22.99,-42.22,4000,13662,1521,1076,0,745,658,
2023-07-22T22:35:27,,2023_07_22-22_42,2023_07_22-22_42-4,Sell,3000,IFA1/IFA2/BN/NEMO/EL,2023-07-23T07:00:00,2023-07-23T08:00:00,2023-07-22T22:20:00,50,-47.02,-20.22,-37.9,3000,13149,1149,701,0,772,378,
2023-07-22T22:35:27,This Lot was cancelled,2023_07_22-22_42,2023_07_22-22_42-5,Sell,0,IFA1/NEMO/EL,2023-07-23T04:00:00,2023-07-23T05:00:00,2023-07-22T22:20:00,40,0,0,0,0,7317,0,,0,,0,
2023-07-22T22:35:27,This Lot was cancelled,2023_07_22-22_42,2023_07_22-22_42-6,Sell,0,IFA1/NEMO/EL,2023-07-23T05:00:00,2023-07-23T06:00:00,2023-07-22T22:20:00,40,0,0,0,0,7346,0,,0,,0,
2023-07-22T22:35:27,,2023_07_22-22_42,2023_07_22-22_42-7,Sell,1400,IFA1/NEMO/EL,2023-07-23T06:00:00,2023-07-23T07:00:00,2023-07-22T22:20:00,40,-39.66,-17,-34.21,1400,8997,912,,140,,348,
2023-07-22T22:35:27,,2023_07_22-22_42,2023_07_22-22_42-8,Sell,1400,IFA1/NEMO/EL,2023-07-23T07:00:00,2023-07-23T08:00:00,2023-07-22T22:20:00,50,-39.44,-17,-32.78,1400,8864,897,,200,,303,
2023-07-23T00:29:03,"Due to French electricity system conditions, NGESO is unable to trade on the interconnectors joining GB and France.",2023_07_23-00_41,2023_07_23-00_41-1,Sell,2800,IFA1/IFA2/BN/NEMO/EL,2023-07-23T08:00:00,2023-07-23T09:00:00,2023-07-23T00:20:00,60,-39,-15.8,-27.15,2800,13720,148,1434,486,732,0,
2023-07-23T00:29:03,"Due to French electricity system conditions, NGESO is unable to trade on the interconnectors joining GB and France.",2023_07_23-00_41,2023_07_23-00_41-2,Sell,2700,IFA1/IFA2/BN/NEMO/EL,2023-07-23T09:00:00,2023-07-23T10:00:00,2023-07-23T00:20:00,70,-28.12,-8.43,-19.64,2700,14538,450,1249,551,450,0,
2023-07-23T00:29:03,"Due to French electricity system conditions, NGESO is unable to trade on the interconnectors joining GB and France.",2023_07_23-00_41,2023_07_23-00_41-3,Sell,2100,IFA1/IFA2/BN/NEMO/EL,2023-07-23T10:00:00,2023-07-23T11:00:00,2023-07-23T00:20:00,85,-24.51,-10.8,-20.86,2100,15306,428,1049,351,272,0,
2023-07-23T00:29:03,"Due to French electricity system conditions, NGESO is unable to trade on the interconnectors joining GB and France.",2023_07_23-00_41,2023_07_23-00_41-4,Sell,1800,IFA1/IFA2/BN/NEMO/EL,2023-07-23T11:00:00,2023-07-23T12:00:00,2023-07-23T00:20:00,85,-34.86,-13.8,-26.35,1800,15032,0,1467,333,,0,
2023-07-23T00:29:03,"Due to French electricity system conditions, NGESO is unable to trade on the interconnectors joining GB and France.",2023_07_23-00_41,2023_07_23-00_41-5,Sell,1400,IFA1/NEMO/EL,2023-07-23T08:00:00,2023-07-23T09:00:00,2023-07-23T00:20:00,60,-26.92,-11,-20.23,1400,9561,920,,280,,200,
2023-07-23T00:29:03,"Due to French electricity system conditions, NGESO is unable to trade on the interconnectors joining GB and France.",2023_07_23-00_41,2023_07_23-00_41-6,Sell,1400,IFA1/NEMO/EL,2023-07-23T09:00:00,2023-07-23T10:00:00,2023-07-23T00:20:00,70,-20,-9,-14.37,1400,10146,900,,300,,200,
2023-07-23T00:29:03,"Due to French electricity system conditions, NGESO is unable to trade on the interconnectors joining GB and France.",2023_07_23-00_41,2023_07_23-00_41-7,Sell,1400,IFA1/NEMO/EL,2023-07-23T10:00:00,2023-07-23T11:00:00,2023-07-23T00:20:00,85,-19,-9.8,-14.81,1400,10143,1100,,100,,200,
2023-07-23T00:29:03,"Due to French electricity system conditions, NGESO is unable to trade on the interconnectors joining GB and France.",2023_07_23-00_41,2023_07_23-00_41-8,Sell,1400,IFA1/NEMO/EL,2023-07-23T11:00:00,2023-07-23T12:00:00,2023-07-23T00:20:00,85,-28.8,-12.8,-19.31,1400,10044,700,,500,,200,
2023-07-23T09:52:24,"Due to French electricity system conditions, NGESO is unable to trade on the interconnectors joining GB and France.",2023_07_23-10_02,2023_07_23-10_02-1,Sell,1150,NEMO,2023-07-23T12:00:00,2023-07-23T13:00:00,2023-07-23T09:40:00,80,-128,-27.09,-51.5,974,1277,,,974,,,
2023-07-23T09:52:24,"Due to French electricity system conditions, NGESO is unable to trade on the interconnectors joining GB and France.",2023_07_23-10_02,2023_07_23-10_02-2,Sell,1150,NEMO,2023-07-23T13:00:00,2023-07-23T14:00:00,2023-07-23T09:40:00,80,-128,-32.17,-55.74,954,1017,,,954,,,
2023-07-23T09:52:24,,2023_07_23-10_02,2023_07_23-10_02-3,Sell,1200,NEMO,2023-07-23T14:00:00,2023-07-23T15:00:00,2023-07-23T09:40:00,80,-54.44,-26.59,-35.61,1200,1659,,,1200,,,
2023-07-23T09:52:24,,2023_07_23-10_02,2023_07_23-10_02-4,Sell,1250,NEMO/EL,2023-07-23T15:00:00,2023-07-23T16:00:00,2023-07-23T09:40:00,100,-10.1,0.01,-5.47,1250,3618,,,,,1250,
2023-07-23T09:52:24,"Due to French electricity system conditions, NGESO is unable to trade on the interconnectors joining GB and France.",2023_07_23-10_02,2023_07_23-10_02-5,Sell,1800,IFA2/BN/NEMO,2023-07-23T12:00:00,2023-07-23T13:00:00,2023-07-23T09:40:00,80,-48.14,-8.33,-32.95,1800,5137,,1400,0,400,,
2023-07-23T09:52:24,"Due to French electricity system conditions, NGESO is unable to trade on the interconnectors joining GB and France.",2023_07_23-10_02,2023_07_23-10_02-6,Sell,1600,IFA2/BN/NEMO,2023-07-23T13:00:00,2023-07-23T14:00:00,2023-07-23T09:40:00,80,-78.06,-8.38,-47.34,1600,4876,,1600,0,,,
2023-07-23T09:52:24,,2023_07_23-10_02,2023_07_23-10_02-7,Sell,1100,IFA2/BN/NEMO,2023-07-23T14:00:00,2023-07-23T15:00:00,2023-07-23T09:40:00,80,-3.98,1.75,-1.31,1100,9948,,,0,1100,,
2023-07-24T14:27:39,,2023_07_24-14_55,2023_07_24-14_55-1,Buy,300,IFA1/IFA2/BN/NEMO,2023-07-24T16:00:00,2023-07-24T17:00:00,2023-07-24T14:25:00,65,98.24,96.11,96.79,300,1394,10,118,162,10,,
2023-07-24T14:27:39,,2023_07_24-14_55,2023_07_24-14_55-2,Buy,700,IFA1/IFA2/BN/NEMO,2023-07-24T17:00:00,2023-07-24T18:00:00,2023-07-24T14:25:00,80,106.47,103.53,105.13,700,2623,293,50,249,108,,
2023-07-24T14:27:39,,2023_07_24-14_55,2023_07_24-14_55-3,Buy,700,IFA1/IFA2/BN/NEMO/EL,2023-07-24T18:00:00,2023-07-24T19:00:00,2023-07-24T14:25:00,85,109.12,105.49,108.13,700,6992,222,149,199,30,100,
2023-07-24T14:27:39,,2023_07_24-14_55,2023_07_24-14_55-4,Buy,700,IFA1/IFA2/BN/NEMO/EL,2023-07-24T19:00:00,2023-07-24T20:00:00,2023-07-24T14:25:00,85,104.13,101.36,103.01,700,7077,286,,249,15,150,
2023-07-24T16:43:27,,2023_07_24-16_49,2023_07_24-16_49-1,Buy,200,IFA1/IFA2/BN/NEMO,2023-07-24T19:00:00,2023-07-24T20:00:00,2023-07-24T16:35:00,93,107.13,106.37,106.75,200,2475,100,,,100,,
2023-07-24T16:43:27,,2023_07_24-16_49,2023_07_24-16_49-2,Buy,800,IFA1/IFA2/BN/NEMO,2023-07-24T20:00:00,2023-07-24T21:00:00,2023-07-24T16:35:00,90,103.05,95.21,100.3,800,2951,526,,30,244,,
2023-07-24T16:43:27,,2023_07_24-16_49,2023_07_24-16_49-3,Buy,500,IFA1/IFA2/BN/NEMO,2023-07-24T21:00:00,2023-07-24T22:00:00,2023-07-24T16:35:00,82,93.22,87.99,91.78,500,2854,383,,98,19,,
2023-07-24T18:52:58,,2023_07_24-19_19,2023_07_24-19_19-1,Buy,300,IFA1/IFA2/BN/NEMO,2023-07-24T22:00:00,2023-07-24T23:00:00,2023-07-24T18:50:00,70,92,89.94,91.08,300,3005,125,25,125,25,,
2023-07-24T18:52:58,,2023_07_24-19_19,2023_07_24-19_19-2,Buy,600,BN/NEMO,2023-07-24T23:00:00,2023-07-25T00:00:00,2023-07-24T18:50:00,60,85.11,81.51,83.78,600,2589,,149,451,,,
2023-07-24T18:52:58,,2023_07_24-19_19,2023_07_24-19_19-3,Buy,500,BN/NEMO,2023-07-25T00:00:00,2023-07-25T01:00:00,2023-07-24T18:50:00,60,83.69,80.23,81.97,500,2289,,102,398,,,
2023-07-24T21:28:49,,2023_07_24-21_41,2023_07_24-21_41-1,Buy,800,IFA1/IFA2/BN/NEMO/EL,2023-07-25T05:00:00,2023-07-25T06:00:00,2023-07-24T21:25:00,75,90.37,85.11,87.78,800,5723,497,67,,149,87,
2023-07-24T21:28:49,,2023_07_24-21_41,2023_07_24-21_41-2,Buy,1000,IFA1/IFA2/BN/NEMO/EL,2023-07-25T06:00:00,2023-07-25T07:00:00,2023-07-24T21:25:00,80,96.28,90.75,94.46,1000,6703,583,,50,199,168,
2023-07-24T21:28:49,,2023_07_24-21_41,2023_07_24-21_41-3,Buy,1150,IFA1/IFA2/NEMO/EL,2023-07-25T07:00:00,2023-07-25T08:00:00,2023-07-24T21:25:00,80,93,81.61,89.47,1150,4937,704,,247,199,,
2023-07-24T21:28:49,,2023_07_24-21_41,2023_07_24-21_41-4,Buy,1000,IFA1/IFA2/NEMO/EL,2023-07-25T08:00:00,2023-07-25T09:00:00,2023-07-24T21:25:00,75,98.58,92.22,95.33,1000,4904,653,,148,100,99,
2023-07-24T21:28:49,,2023_07_24-21_41,2023_07_24-21_41-5,Buy,500,IFA1/IFA2/NEMO/EL,2023-07-25T09:00:00,2023-07-25T10:00:00,2023-07-24T21:25:00,70,92.49,88.99,90.35,500,3748,244,,,125,131,
2023-07-25T14:03:06,,2023_07_25-10_02,2023_07_25-10_02-1,Buy,400,IFA1/IFA2/NEMO,2023-07-25T13:00:00,2023-07-25T14:00:00,2023-07-25T09:45:00,50,75.3,72.68,74.41,400,1940,264,,4,132,,
2023-07-25T14:03:06,,2023_07_25-10_02,2023_07_25-10_02-2,Buy,400,IFA1/IFA2/NEMO,2023-07-25T14:00:00,2023-07-25T15:00:00,2023-07-25T09:45:00,50,76.31,75.06,76.02,400,6168,286,,49,65,,
2023-07-25T14:03:06,,2023_07_25-10_02,2023_07_25-10_02-3,Buy,1100,IFA1/IFA2/BN/NEMO/EL,2023-07-25T15:00:00,2023-07-25T16:00:00,2023-07-25T09:45:00,55,90.89,87.61,89.37,1100,9477,207,520,98,225,50,
2023-07-25T14:03:06,,2023_07_25-10_02,2023_07_25-10_02-4,Buy,1450,IFA1/IFA2/BN/NEMO/EL,2023-07-25T16:00:00,2023-07-25T17:00:00,2023-07-25T09:45:00,65,105,95.65,101.26,1450,9972,174,550,240,388,98,
2023-07-25T14:48:31,,2023_07_25-14_58,2023_07_25-14_58-1,Buy,850,IFA1/IFA2/BN/NEMO,2023-07-25T17:00:00,2023-07-25T18:00:00,2023-07-25T14:40:00,75,102.8,96.41,100.31,850,1878,164,50,300,336,,
2023-07-25T14:48:31,,2023_07_25-14_58,2023_07_25-14_58-2,Buy,1400,IFA1/IFA2/BN/NEMO/EL,2023-07-25T18:00:00,2023-07-25T19:00:00,2023-07-25T14:40:00,80,106.56,100.53,103.64,1400,4567,149,498,341,300,112,
2023-07-25T14:48:31,,2023_07_25-14_58,2023_07_25-14_58-3,Buy,1000,IFA1/IFA2/BN/NEMO/EL,2023-07-25T19:00:00,2023-07-25T20:00:00,2023-07-25T14:40:00,80,104.59,99.5,102.65,1000,4903,107,223,274,200,196,
2023-07-25T14:48:31,,2023_07_25-14_58,2023_07_25-14_58-4,Buy,700,IFA1/IFA2/BN/NEMO/EL,2023-07-25T20:00:00,2023-07-25T21:00:00,2023-07-25T14:40:00,75,98.01,95.01,96.76,700,5340,150,5,48,200,297,
2023-07-25T23:43:15,,2023_07_25-23_48,2023_07_25-23_48-1,Buy,550,IFA1/IFA2/EL/BN/NEMO,2023-07-26T04:00:00,2023-07-26T05:00:00,2023-07-25T23:35:00,70,91.75,89.81,90.56,550,6712,200,174,75,101,,
2023-07-25T23:43:15,,2023_07_25-23_48,2023_07_25-23_48-2,Buy,800,IFA1/IFA2/EL/BN/NEMO,2023-07-26T05:00:00,2023-07-26T06:00:00,2023-07-25T23:35:00,80,99.57,96.97,98.44,800,6295,150,174,175,123,178,
2023-07-25T23:43:15,,2023_07_25-23_48,2023_07_25-23_48-3,Buy,800,IFA1/IFA2/EL/BN/NEMO,2023-07-26T06:00:00,2023-07-26T07:00:00,2023-07-25T23:35:00,95,102.63,99.77,101.6,800,6602,149,100,60,295,196,
2023-07-25T23:43:15,,2023_07_25-23_48,2023_07_25-23_48-4,Buy,700,IFA1/IFA2/EL/BN/NEMO,2023-07-26T07:00:00,2023-07-26T08:00:00,2023-07-25T23:35:00,90,105.78,94.77,100.14,700,3351,194,186,100,172,48,
2023-07-26T14:49:11,,2023_07_26-15_15,2023_07_26-15_15-1,Buy,1000,IFA1/IFA2/BN/NEMO,2023-07-26T17:00:00,2023-07-26T18:00:00,2023-07-26T14:45:00,90,100.68,97.18,99.06,1000,3001,306,198,496,,,
2023-07-26T14:49:11,,2023_07_26-15_15,2023_07_26-15_15-2,Buy,1000,IFA1/IFA2/BN/NEMO,2023-07-26T18:00:00,2023-07-26T19:00:00,2023-07-26T14:45:00,90,100,97.89,99.23,1000,8161,676,74,250,,,
2023-07-26T14:49:11,,2023_07_26-15_15,2023_07_26-15_15-3,Buy,1000,IFA1/IFA2/BN/NEMO,2023-07-26T19:00:00,2023-07-26T20:00:00,2023-07-26T14:45:00,90,99,96.13,97.98,1000,8449,429,271,300,,,
2023-07-26T14:49:11,,2023_07_26-15_15,2023_07_26-15_15-4,Buy,150,IFA1/IFA2/BN/NEMO,2023-07-26T20:00:00,2023-07-26T21:00:00,2023-07-26T14:45:00,80,86.82,83.29,84.04,150,4005,6,24,120,,,
2023-07-26T18:48:20,,2023_07_26-19_04,2023_07_26-19_04-1,Sell,300,IFA1/BN/NEMO/IFA2/EL,2023-07-26T22:00:00,2023-07-26T23:00:00,2023-07-26T18:45:00,100,73.93,76.62,75,300,5591,225,,25,50,,
2023-07-26T18:48:20,,2023_07_26-19_04,2023_07_26-19_04-2,Sell,550,IFA1/BN/NEMO/IFA2/EL,2023-07-26T23:00:00,2023-07-27T00:00:00,2023-07-26T18:45:00,95,63.43,67.55,65.22,550,5486,124,226,,,200,
2023-07-26T18:48:20,,2023_07_26-19_04,2023_07_26-19_04-3,Sell,1850,IFA1/BN/NEMO/IFA2/EL,2023-07-27T00:00:00,2023-07-27T01:00:00,2023-07-26T18:45:00,90,50.2,60.95,53.7,1850,6084,630,275,434,75,436,
2023-07-26T18:48:20,,2023_07_26-19_04,2023_07_26-19_04-4,Sell,1300,IFA1/BN/NEMO/IFA2/EL,2023-07-27T01:00:00,2023-07-27T02:00:00,2023-07-26T18:45:00,85,49.41,57.58,52.37,1300,5841,574,,110,50,566,
2023-07-26T18:48:20,,2023_07_26-19_04,2023_07_26-19_04-5,Sell,900,IFA1/BN/NEMO/IFA2/EL,2023-07-27T02:00:00,2023-07-27T03:00:00,2023-07-26T18:45:00,80,47.08,52.73,49.36,900,5448,113,50,350,25,362,
2023-07-26T18:48:20,,2023_07_26-19_04,2023_07_26-19_04-6,Sell,800,IFA1/NEMO/IFA2/EL,2023-07-27T03:00:00,2023-07-27T04:00:00,2023-07-26T18:45:00,85,56.88,62.7,59.02,800,5447,125,,300,25,350,
2023-07-26T18:48:20,,2023_07_26-19_04,2023_07_26-19_04-7,Sell,400,IFA1/NEMO/IFA2/EL,2023-07-27T04:00:00,2023-07-27T05:00:00,2023-07-26T18:45:00,90,60,79.73,63.8,400,4719,150,,,50,200,
2023-07-27T19:03:45,,2023_07_27-19_31,2023_07_27-19_31-1,Buy,300,IFA1/IFA2/EL/BN/NEMO,2023-07-28T04:00:00,2023-07-28T05:00:00,2023-07-27T19:00:00,60,90.78,85,88.5,300,4282,124,98,,,78,
2023-07-27T19:03:45,,2023_07_27-19_31,2023_07_27-19_31-2,Buy,500,IFA1/IFA2/EL/BN/NEMO,2023-07-28T05:00:00,2023-07-28T06:00:00,2023-07-27T19:00:00,70,103.52,96.5,101.38,500,4518,159,248,50,43,,
2023-07-27T23:14:00,,2023_07_27-23_41,2023_07_27-23_41-1,Buy,700,IFA1/IFA2/EL/BN/NEMO,2023-07-28T06:00:00,2023-07-28T07:00:00,2023-07-27T23:10:00,80,105.18,102.88,103.98,700,5899,328,125,50,,197,
2023-07-28T14:28:25,,2023_07_28-14_55,2023_07_28-14_55-1,Buy,400,BN/NEMO,2023-07-28T16:00:00,2023-07-28T17:00:00,2023-07-28T14:25:00,65,97.05,92,94.28,400,2411,,174,226,,,
2023-07-28T14:28:25,"Due to French electricity system conditions, NGESO is unable to trade on the interconnectors joining GB and France.",2023_07_28-14_55,2023_07_28-14_55-2,Buy,700,IFA1/IFA2/BN/NEMO/EL,2023-07-28T18:00:00,2023-07-28T19:00:00,2023-07-28T14:25:00,75,105.68,100,102.79,700,7595,261,,300,90,49,
2023-07-28T14:28:25,,2023_07_28-14_55,2023_07_28-14_55-3,Buy,700,IFA1/IFA2/BN/NEMO/EL,2023-07-28T19:00:00,2023-07-28T20:00:00,2023-07-28T14:25:00,70,103.18,100,101.76,700,7504,127,,449,75,49,
2023-07-28T14:28:25,,2023_07_28-14_55,2023_07_28-14_55-4,Buy,400,BN/NEMO,2023-07-28T20:00:00,2023-07-28T21:00:00,2023-07-28T14:25:00,70,100.83,98.91,99.64,400,3019,,,400,,,
2023-07-28T14:28:25,,2023_07_28-14_55,2023_07_28-14_55-5,Buy,900,BN/NEMO,2023-07-28T21:00:00,2023-07-28T22:00:00,2023-07-28T14:25:00,60,99.45,88,96.65,900,2858,,273,627,,,
2023-07-28T19:36:00,,2023_07_28-19_50,2023_07_28-19_50-1,Sell,600,IFA1/BN/NEMO/IFA2,2023-07-29T00:00:00,2023-07-29T01:00:00,2023-07-28T19:30:00,95,70.15,73.72,71.75,600,6793,480,50,50,20,,
2023-07-28T19:36:00,,2023_07_28-19_50,2023_07_28-19_50-2,Sell,2400,IFA1/BN/NEMO/IFA2,2023-07-29T01:00:00,2023-07-29T02:00:00,2023-07-28T19:30:00,90,56.13,67.19,60.33,2400,8472,1783,100,317,200,,
2023-07-28T19:36:00,,2023_07_28-19_50,2023_07_28-19_50-3,Sell,2000,IFA1/BN/NEMO/IFA2,2023-07-29T02:00:00,2023-07-29T03:00:00,2023-07-28T19:30:00,90,59.13,69.95,62.43,2000,8360,1362,146,392,100,,
2023-07-28T19:36:00,,2023_07_28-19_50,2023_07_28-19_50-4,Sell,2200,IFA1/BN/NEMO/IFA2,2023-07-29T03:00:00,2023-07-29T04:00:00,2023-07-28T19:30:00,90,57.03,68.85,61.16,2200,8227,1583,100,317,200,,
2023-07-28T19:36:00,,2023_07_28-19_50,2023_07_28-19_50-5,Sell,2400,IFA1/BN/NEMO/IFA2/EL,2023-07-29T04:00:00,2023-07-29T05:00:00,2023-07-28T19:30:00,90,54.44,67.22,58.19,2400,9043,1265,150,482,200,303,
2023-07-28T19:36:00,,2023_07_28-19_50,2023_07_28-19_50-6,Sell,3000,IFA1/BN/NEMO/IFA2/EL,2023-07-29T05:00:00,2023-07-29T06:00:00,2023-07-28T19:30:00,95,51.13,69.06,57.51,3000,9308,1738,252,507,200,303,
2023-07-28T19:36:00,,2023_07_28-19_50,2023_07_28-19_50-7,Sell,1600,IFA1/BN/NEMO/IFA2/EL,2023-07-29T06:00:00,2023-07-29T07:00:00,2023-07-28T19:30:00,95,59,67.29,61.27,1600,9046,451,251,291,156,451,
2023-07-28T22:51:00,,2023_07_28-23_00,2023_07_28-23_00-1,Sell,1400,IFA1/BN/NEMO/IFA2/EL,2023-07-29T07:00:00,2023-07-29T08:00:00,2023-07-28T22:45:00,95,56,61.33,57.95,1400,12052,541,250,100,373,136,
2023-07-28T22:51:00,,2023_07_28-23_00,2023_07_28-23_00-2,Sell,3000,IFA1/BN/NEMO/IFA2/EL,2023-07-29T08:00:00,2023-07-29T09:00:00,2023-07-28T22:45:00,95,42.71,57,48.59,3000,13792,1075,400,650,475,400,
2023-07-28T22:51:00,,2023_07_28-23_00,2023_07_28-23_00-3,Sell,3600,IFA1/BN/NEMO/IFA2/EL,2023-07-29T09:00:00,2023-07-29T10:00:00,2023-07-28T22:45:00,90,33,49,39.34,3600,13430,1320,550,655,675,400,
2023-07-28T22:51:00,,2023_07_28-23_00,2023_07_28-23_00-4,Sell,3600,IFA1/BN/NEMO/IFA2/EL,2023-07-29T10:00:00,2023-07-29T11:00:00,2023-07-28T22:45:00,75,29.48,44,35.22,3600,14359,2248,251,201,300,600,
2023-07-28T22:51:00,,2023_07_28-23_00,2023_07_28-23_00-5,Sell,3100,IFA1/BN/NEMO/IFA2/EL,2023-07-29T11:00:00,2023-07-29T12:00:00,2023-07-28T22:45:00,65,16.17,30,21.56,3100,14972,2100,,100,500,400,
2023-07-29T10:14:11,,2023_07_29-10_29,2023_07_29-10_29-1,Sell,3200,IFA1/IFA2/BN/NEMO,2023-07-29T12:00:00,2023-07-29T13:00:00,2023-07-29T10:00:00,40,11,24.29,16.96,3200,8910,2316,,,884,,
2023-07-29T10:14:11,,2023_07_29-10_29,2023_07_29-10_29-2,Sell,3700,IFA1/IFA2/BN/NEMO,2023-07-29T13:00:00,2023-07-29T14:00:00,2023-07-29T10:00:00,35,1,18.43,12.55,3700,8741,2501,,,1199,,
2023-07-29T10:14:11,,2023_07_29-10_29,2023_07_29-10_29-3,Sell,3200,IFA1/IFA2/BN/NEMO,2023-07-29T14:00:00,2023-07-29T15:00:00,2023-07-29T10:00:00,40,15,21.96,17.88,3200,13558,2420,,,780,,
2023-07-29T13:20:27,,2023_07_29-13_43,2023_07_29-13_43-1,Sell,2800,IFA1/IFA2/BN/NEMO,2023-07-29T15:00:00,2023-07-29T16:00:00,2023-07-29T13:10:00,65,26.18,36.85,30.1,2800,7163,1761,175,264,600,,
2023-07-29T13:20:27,,2023_07_29-13_43,2023_07_29-13_43-2,Sell,500,IFA1/IFA2/BN/NEMO,2023-07-29T16:00:00,2023-07-29T17:00:00,2023-07-29T13:10:00,85,57.62,61.14,58.62,500,5588,400,,,100,,
2023-07-29T20:23:35,,2023_07_29-20_51,2023_07_29-20_51-1,Sell,1000,IFA1/IFA2/BN/NEMO,2023-07-29T22:00:00,2023-07-29T23:00:00,2023-07-29T20:20:00,90,68.53,70.52,69.38,1000,5558,788,,110,102,,
2023-07-29T20:23:35,,2023_07_29-20_51,2023_07_29-20_51-2,Sell,1600,IFA1/IFA2/BN/NEMO,2023-07-29T23:00:00,2023-07-30T00:00:00,2023-07-29T20:20:00,75,59.16,63,61.02,1600,4971,998,300,100,202,,
2023-07-29T21:08:51,,2023_07_29-21_29,2023_07_29-21_29-1,Sell,2500,IFA1/IFA2/NEMO/BN,2023-07-30T00:00:00,2023-07-30T01:00:00,2023-07-29T21:00:00,65,44.72,53.9,48.52,2500,4493,1346,406,471,277,,
2023-07-29T21:08:51,,2023_07_29-21_29,2023_07_29-21_29-2,Sell,2100,IFA1/IFA2/NEMO/BN,2023-07-30T01:00:00,2023-07-30T02:00:00,2023-07-29T21:00:00,55,39.35,46.9,43.18,2100,3861,905,406,512,277,,
2023-07-29T21:08:51,,2023_07_29-21_29,2023_07_29-21_29-3,Sell,1600,IFA1/IFA2/NEMO/BN,2023-07-30T02:00:00,2023-07-30T03:00:00,2023-07-29T21:00:00,45,38.65,42.87,40.48,1600,3539,496,505,528,71,,
2023-07-29T21:08:51,,2023_07_29-21_29,2023_07_29-21_29-4,Sell,1800,IFA1/IFA2/NEMO/BN,2023-07-30T03:00:00,2023-07-30T04:00:00,2023-07-29T21:00:00,45,29.54,41.15,36.79,1800,3596,936,252,454,158,,
2023-07-29T21:08:51,,2023_07_29-21_29,2023_07_29-21_29-5,Sell,1700,IFA1/IFA2/EL/NEMO/BN,2023-07-30T04:00:00,2023-07-30T05:00:00,2023-07-29T21:00:00,35,34.17,40.1,36.34,1700,5736,756,250,375,66,253,
2023-07-30T00:04:47,,2023_07_30-00_28,2023_07_30-00_28-1,Sell,2100,IFA1/IFA2/BN/NEMO/EL,2023-07-30T05:00:00,2023-07-30T06:00:00,2023-07-30T00:00:00,30,14.68,28,18.83,2100,5240,712,295,402,290,401,
2023-07-30T00:04:47,,2023_07_30-00_28,2023_07_30-00_28-2,Sell,2200,IFA1/IFA2/BN/NEMO/EL,2023-07-30T06:00:00,2023-07-30T07:00:00,2023-07-30T00:00:00,30,9.76,21.71,12.31,2200,8191,900,62,250,485,503,
2023-07-30T00:04:47,,2023_07_30-00_28,2023_07_30-00_28-3,Sell,2500,IFA1/IFA2/BN/NEMO/EL,2023-07-30T07:00:00,2023-07-30T08:00:00,2023-07-30T00:00:00,30,-7,10.8,-1.86,2500,9248,938,220,290,706,346,
2023-07-30T00:04:47,,2023_07_30-00_28,2023_07_30-00_28-4,Sell,2500,IFA1/IFA2/BN/NEMO/EL,2023-07-30T08:00:00,2023-07-30T09:00:00,2023-07-30T00:00:00,30,-11.76,-1.96,-7.82,2500,9341,977,60,350,709,404,
2023-07-30T00:04:47,,2023_07_30-00_28,2023_07_30-00_28-5,Sell,2500,IFA1/IFA2/BN/NEMO/EL,2023-07-30T09:00:00,2023-07-30T10:00:00,2023-07-30T00:00:00,30,-11.61,-2.74,-6.99,2500,9407,1456,,,607,437,
2023-07-30T00:04:47,,2023_07_30-00_28,2023_07_30-00_28-6,Sell,2500,IFA1/IFA2/BN/NEMO/EL,2023-07-30T10:00:00,2023-07-30T11:00:00,2023-07-30T00:00:00,30,-8.38,-0.32,-4.97,2500,10880,1578,,,475,447,
2023-07-30T00:04:47,,2023_07_30-00_28,2023_07_30-00_28-7,Sell,2500,IFA1/IFA2/BN/NEMO/EL,2023-07-30T11:00:00,2023-07-30T12:00:00,2023-07-30T00:00:00,30,-13.24,1.88,-8.34,2500,10778,1475,,,475,550,
2023-07-30T02:28:39,,2023_07_30-02_51,2023_07_30-02_51-1,Sell,900,IFA1/IFA2/BN/NEMO,2023-07-30T07:00:00,2023-07-30T08:00:00,2023-07-30T02:20:00,40,0,3.13,1.14,900,6515,638,80,30,152,,
2023-07-30T02:28:39,,2023_07_30-02_51,2023_07_30-02_51-2,Sell,1500,IFA1/IFA2/BN/NEMO,2023-07-30T08:00:00,2023-07-30T09:00:00,2023-07-30T02:20:00,40,-15,-10.05,-12.52,1500,6911,1164,155,156,25,,
2023-07-30T02:28:39,,2023_07_30-02_51,2023_07_30-02_51-3,Sell,1900,IFA1/IFA2/BN/NEMO/EL,2023-07-30T09:00:00,2023-07-30T10:00:00,2023-07-30T02:20:00,40,-17.2,-8.27,-13.31,1900,8045,1226,,,438,236,
2023-07-30T02:28:39,,2023_07_30-02_51,2023_07_30-02_51-4,Sell,2500,IFA1/IFA2/BN/NEMO/EL,2023-07-30T10:00:00,2023-07-30T11:00:00,2023-07-30T02:20:00,40,-27.08,-9.82,-18.34,2500,10124,1700,75,,325,400,
2023-07-30T02:28:39,,2023_07_30-02_51,2023_07_30-02_51-5,Sell,3000,IFA1/IFA2/BN/NEMO/EL,2023-07-30T11:00:00,2023-07-30T12:00:00,2023-07-30T02:20:00,40,-39.24,-15.97,-25.67,3000,9358,1500,,100,869,531,
2023-07-30T09:52:13,,2023_07_30-10_02,2023_07_30-10_02-1,Sell,4300,IFA1/BN/NEMO/IFA2,2023-07-30T12:00:00,2023-07-30T13:00:00,2023-07-30T09:45:00,25,-23,-8.5,-16.6,4300,9213,3443,,,857,,
2023-07-30T09:52:13,,2023_07_30-10_02,2023_07_30-10_02-2,Sell,4000,IFA1/BN/NEMO/IFA2,2023-07-30T13:00:00,2023-07-30T14:00:00,2023-07-30T09:45:00,25,-22,-8.03,-15.72,4000,9225,3350,,,650,,
2023-07-30T09:52:13,,2023_07_30-10_02,2023_07_30-10_02-3,Sell,3900,IFA1/BN/NEMO/IFA2,2023-07-30T14:00:00,2023-07-30T15:00:00,2023-07-30T09:45:00,30,-15,-2.7,-10.7,3900,13822,3251,,,649,,
2023-07-30T09:52:13,,2023_07_30-10_02,2023_07_30-10_02-4,Sell,2100,IFA1/BN/NEMO/IFA2/EL,2023-07-30T15:00:00,2023-07-30T16:00:00,2023-07-30T09:45:00,80,-5.99,1.94,-4.1,2100,15350,1175,75,75,225,550,
2023-07-30T19:51:44,"Due to French electricity system conditions, NGESO is unable to trade on the interconnectors joining GB and France.",2023_07_30-20_06,2023_07_30-20_06-1,Sell,3300,IFA1/BN/NEMO/IFA2,2023-07-30T22:00:00,2023-07-30T23:00:00,2023-07-30T19:45:00,80,-0.5,47.67,29.57,3300,8514,823,1156,1144,177,,
2023-07-30T19:51:44,,2023_07_30-20_06,2023_07_30-20_06-2,Sell,4300,IFA1/BN/NEMO/IFA2,2023-07-30T23:00:00,2023-07-31T00:00:00,2023-07-30T19:45:00,70,17.11,38.71,25.33,4300,9063,2685,653,471,491,,
2023-07-30T19:51:44,"Due to French electricity system conditions, NGESO is unable to trade on the interconnectors joining GB and France.",2023_07_30-20_06,2023_07_30-20_06-3,Sell,4100,IFA1/BN/NEMO/IFA2,2023-07-31T00:00:00,2023-07-31T01:00:00,2023-07-30T19:45:00,65,-31.97,33.24,10.65,4100,9135,774,1500,1600,226,,
2023-07-30T19:51:44,,2023_07_30-20_06,2023_07_30-20_06-4,Sell,4000,IFA1/BN/NEMO/IFA2,2023-07-31T01:00:00,2023-07-31T02:00:00,2023-07-30T19:45:00,60,2.42,21.5,8.91,4000,9323,2295,733,571,401,,
2023-07-30T19:51:44,,2023_07_30-20_06,2023_07_30-20_06-5,Sell,3800,IFA1/BN/NEMO/IFA2,2023-07-31T02:00:00,2023-07-31T03:00:00,2023-07-30T19:45:00,60,-3.84,20.31,4.36,3800,8785,2227,703,395,475,,
2023-07-30T19:51:44,,2023_07_30-20_06,2023_07_30-20_06-6,Sell,3800,IFA1/BN/NEMO/IFA2,2023-07-31T03:00:00,2023-07-31T04:00:00,2023-07-30T19:45:00,75,8.41,38.54,20.29,3800,7644,1863,782,527,628,,
2023-07-30T19:51:44,,2023_07_30-20_06,2023_07_30-20_06-7,Sell,3500,IFA1/BN/NEMO/IFA2/EL,2023-07-31T04:00:00,2023-07-31T05:00:00,2023-07-30T19:45:00,90,35,58.38,44.77,3500,8017,1855,454,270,300,621,
2023-07-30T19:51:44,"Due to French electricity system conditions, NGESO is unable to trade on the interconnectors joining GB and France.",2023_07_30-20_06,2023_07_30-20_06-8,Sell,2300,IFA1/BN/NEMO/IFA2/EL,2023-07-31T05:00:00,2023-07-31T06:00:00,2023-07-30T19:45:00,100,49.67,68.8,57.86,2300,7481,501,603,697,75,424,
2023-07-31T19:19:43,,2023_07_31-19_40,2023_07_31-19_40-1,Sell,500,IFA1/BN/NEMO/IFA2,2023-08-01T00:00:00,2023-08-01T01:00:00,2023-07-31T19:15:00,75,44.86,47.81,46.06,500,5441,,400,,100,,
2023-07-31T19:19:43,,2023_07_31-19_40,2023_07_31-19_40-2,Sell,400,IFA1/BN/NEMO/IFA2,2023-08-01T01:00:00,2023-08-01T02:00:00,2023-07-31T19:15:00,70,45.16,48.24,46.58,400,5313,,325,,75,,
2023-07-31T19:19:43,,2023_07_31-19_40,2023_07_31-19_40-3,Sell,300,IFA1/BN/NEMO/IFA2,2023-08-01T02:00:00,2023-08-01T03:00:00,2023-07-31T19:15:00,65,45.97,49.34,47.84,300,4976,,275,,25,,
2023-07-31T19:19:43,,2023_07_31-19_40,2023_07_31-19_40-4,Sell,500,IFA1/BN/NEMO/IFA2,2023-08-01T03:00:00,2023-08-01T04:00:00,2023-07-31T19:15:00,75,48.93,52.6,50.44,500,4737,100,214,,186,,
2023-07-31T21:37:26,,2023_07_31-22_07,2023_07_31-22_07-1,Sell,500,IFA1/BN/NEMO/IFA2,2023-07-31T23:00:00,2023-08-01T00:00:00,2023-07-31T21:35:00,75,53.11,57.44,55.31,500,1290,,226,274,,,
2023-07-31T21:37:26,,2023_07_31-22_07,2023_07_31-22_07-2,Sell,500,IFA1/BN/NEMO/IFA2,2023-08-01T00:00:00,2023-08-01T01:00:00,2023-07-31T21:35:00,70,48.22,51.4,50.02,500,3735,48,150,302,,,
2023-07-31T21:37:26,,2023_07_31-22_07,2023_07_31-22_07-3,Sell,500,IFA1/BN/NEMO/IFA2,2023-08-01T01:00:00,2023-08-01T02:00:00,2023-07-31T21:35:00,65,43.89,50.59,46.48,500,3694,100,275,101,24,,
2023-07-31T21:37:26,,2023_07_31-22_07,2023_07_31-22_07-4,Sell,500,IFA1/BN/NEMO/IFA2,2023-08-01T02:00:00,2023-08-01T03:00:00,2023-07-31T21:35:00,60,43.31,48.17,45.55,500,3639,215,185,,100,,
2023-07-31T21:37:26,,2023_07_31-22_07,2023_07_31-22_07-5,Sell,500,IFA1/NEMO/IFA2,2023-08-01T03:00:00,2023-08-01T04:00:00,2023-07-31T21:35:00,70,47.29,52.18,49.35,500,2993,450,,,50,,
2023-08-01T19:28:41,,2023_08_01-19_41,2023_08_01-19_41-1,Sell,200,IFA1/IFA2/BN/NEMO,2023-08-01T23:00:00,2023-08-02T00:00:00,2023-08-01T19:25:00,90,60.64,63.19,60.96,200,4832,,200,,,,
2023-08-01T19:28:41,,2023_08_01-19_41,2023_08_01-19_41-2,Sell,1300,IFA1/IFA2/BN/NEMO,2023-08-02T00:00:00,2023-08-02T01:00:00,2023-08-01T19:25:00,80,49,56.47,51.8,1300,7763,480,494,226,100,,
2023-08-01T19:28:41,,2023_08_01-19_41,2023_08_01-19_41-3,Sell,1500,IFA1/IFA2/BN/NEMO,2023-08-02T01:00:00,2023-08-02T02:00:00,2023-08-01T19:25:00,70,44.28,54.36,46.41,1500,7151,626,376,267,231,,
2023-08-01T19:28:41,,2023_08_01-19_41,2023_08_01-19_41-4,Sell,1300,IFA1/IFA2/BN/NEMO,2023-08-02T02:00:00,2023-08-02T03:00:00,2023-08-01T19:25:00,65,38.97,55.92,42.27,1300,6009,565,75,286,374,,
2023-08-01T19:28:41,,2023_08_01-19_41,2023_08_01-19_41-5,Sell,1500,IFA1/IFA2/BN/NEMO,2023-08-02T03:00:00,2023-08-02T04:00:00,2023-08-01T19:25:00,65,34.16,68.42,38.56,1500,5417,620,40,300,540,,
2023-08-01T19:28:41,,2023_08_01-19_41,2023_08_01-19_41-6,Sell,1400,IFA1/IFA2/NEMO/EL,2023-08-02T04:00:00,2023-08-02T05:00:00,2023-08-01T19:25:00,65,29.62,37.87,32.6,1400,7043,635,,226,348,191,
2023-08-01T19:28:41,,2023_08_01-19_41,2023_08_01-19_41-7,Sell,1000,IFA1/IFA2/NEMO/EL,2023-08-02T05:00:00,2023-08-02T06:00:00,2023-08-01T19:25:00,80,33.6,40.14,35.88,1000,6779,400,,240,310,50,
2023-08-02T19:28:36,,2023_08_02-19_39,2023_08_02-19_39-1,Sell,500,IFA1/IFA2/BN/NEMO,2023-08-02T21:00:00,2023-08-02T22:00:00,2023-08-02T19:15:00,70,56.61,58.08,57.38,500,3086,,249,251,,,
2023-08-02T19:28:36,"Due to French electricity system conditions, NGESO is unable to trade on the interconnectors joining GB and France. For more information, see this link to French margin graph: https://www.services-rte.com/en/view-data-published-by-rte/balancing-capacities.html#:~:text=RTE%20proposes%20on%20this%20web,best%20hypothesis%20at%20our%20disposal",2023_08_02-19_39,2023_08_02-19_39-2,Sell,2600,IFA1/IFA2/BN/NEMO,2023-08-02T22:00:00,2023-08-02T23:00:00,2023-08-02T19:15:00,75,6.33,47,18.75,2600,9233,400,1200,900,100,,
2023-08-02T19:28:36,"Due to French electricity system conditions, NGESO is unable to trade on the interconnectors joining GB and France. For more information, see this link to French margin graph: https://www.services-rte.com/en/view-data-published-by-rte/balancing-capacities.html#:~:text=RTE%20proposes%20on%20this%20web,best%20hypothesis%20at%20our%20disposal",2023_08_02-19_39,2023_08_02-19_39-3,Sell,3300,IFA1/IFA2/BN/NEMO,2023-08-02T23:00:00,2023-08-03T00:00:00,2023-08-02T19:15:00,50,-13.32,4.17,-1.87,3300,9303,420,1593,1207,80,,
2023-08-02T21:36:07,"Due to French electricity system conditions, NGESO is unable to trade on the interconnectors joining GB and France. For more information, see this link to French margin graph: https://www.services-rte.com/en/view-data-published-by-rte/balancing-capacities.html#:~:text=RTE%20proposes%20on%20this%20web,best%20hypothesis%20at%20our%20disposal",2023_08_02-21_35,2023_08_02-21_35-1,Sell,3800,IFA1/IFA2/BN/NEMO,2023-08-03T00:00:00,2023-08-03T01:00:00,2023-08-02T21:15:00,40,-48.58,0,-16.3,3800,6840,300,1762,1538,200,,
2023-08-02T21:36:07,"Due to French electricity system conditions, NGESO is unable to trade on the interconnectors joining GB and France. For more information, see this link to French margin graph: https://www.services-rte.com/en/view-data-published-by-rte/balancing-capacities.html#:~:text=RTE%20proposes%20on%20this%20web,best%20hypothesis%20at%20our%20disposal",2023_08_02-21_35,2023_08_02-21_35-2,Sell,4300,IFA1/IFA2/BN/NEMO,2023-08-03T01:00:00,2023-08-03T02:00:00,2023-08-02T21:15:00,40,-74.15,-1.31,-25.98,4098,6923,450,1804,1794,50,,
2023-08-02T21:36:07,"Due to French electricity system conditions, NGESO is unable to trade on the interconnectors joining GB and France. For more information, see this link to French margin graph: https://www.services-rte.com/en/view-data-published-by-rte/balancing-capacities.html#:~:text=RTE%20proposes%20on%20this%20web,best%20hypothesis%20at%20our%20disposal",2023_08_02-21_35,2023_08_02-21_35-3,Sell,4100,IFA1/IFA2/BN/NEMO,2023-08-03T02:00:00,2023-08-03T03:00:00,2023-08-02T21:15:00,40,-73.4,0.03,-26.99,3971,6637,250,1749,1722,250,,
2023-08-02T21:36:07,"Due to French electricity system conditions, NGESO is unable to trade on the interconnectors joining GB and France. For more information, see this link to French margin graph: https://www.services-rte.com/en/view-data-published-by-rte/balancing-capacities.html#:~:text=RTE%20proposes%20on%20this%20web,best%20hypothesis%20at%20our%20disposal",2023_08_02-21_35,2023_08_02-21_35-4,Sell,4100,IFA1/IFA2/BN/NEMO,2023-08-03T03:00:00,2023-08-03T04:00:00,2023-08-02T21:15:00,50,-68.59,18.93,-15.44,3840,6487,300,1759,1581,200,,
2023-08-02T21:36:07,"Due to French electricity system conditions, NGESO is unable to trade on the interconnectors joining GB and France. For more information, see this link to French margin graph: https://www.services-rte.com/en/view-data-published-by-rte/balancing-capacities.html#:~:text=RTE%20proposes%20on%20this%20web,best%20hypothesis%20at%20our%20disposal",2023_08_02-21_35,2023_08_02-21_35-5,Sell,3900,IFA1/IFA2/EL/BN/NEMO,2023-08-03T04:00:00,2023-08-03T05:00:00,2023-08-02T21:15:00,70,-5.96,39.15,15.69,3900,9565,619,1323,1077,200,681,
2023-08-02T21:36:07,,2023_08_02-21_35,2023_08_02-21_35-6,Sell,1000,IFA1/IFA2/EL/BN/NEMO,2023-08-03T05:00:00,2023-08-03T06:00:00,2023-08-02T21:15:00,90,47.57,56.42,51.88,1000,8695,101,899,,,,
2023-08-02T22:28:36,,2023_08_02-23_01,2023_08_02-23_01-1,Sell,300,NEMO,2023-08-03T00:00:00,2023-08-03T01:00:00,2023-08-02T22:25:00,40,-40,1.36,-26.84,300,481,,,300,,,
2023-08-02T22:28:36,,2023_08_02-23_01,2023_08_02-23_01-2,Sell,700,NEMO,2023-08-03T04:00:00,2023-08-03T05:00:00,2023-08-02T22:25:00,70,-0.16,10.58,3.46,700,3358,,,700,,,
2023-08-02T22:28:36,,2023_08_02-23_01,2023_08_02-23_01-3,Sell,1200,IFA1/IFA2/EL/NEMO,2023-08-03T06:00:00,2023-08-03T07:00:00,2023-08-02T22:25:00,90,47.28,55.99,51.01,1200,8511,212,,100,515,373,
2023-08-03T12:04:26,,2023_08_03-12_29,2023_08_03-12_29-1,Buy,600,IFA1/IFA2/EL/BN/NEMO,2023-08-03T18:00:00,2023-08-03T19:00:00,2023-08-03T11:55:00,70,113,102.63,107.88,600,5605,50,212,229,60,49,
2023-08-03T12:04:26,,2023_08_03-12_29,2023_08_03-12_29-2,Buy,600,IFA1/IFA2/EL/BN/NEMO,2023-08-03T19:00:00,2023-08-03T20:00:00,2023-08-03T11:55:00,70,118.86,101.85,109.47,600,5699,30,169,286,66,49,
2023-08-03T12:04:26,,2023_08_03-12_29,2023_08_03-12_29-3,Buy,600,IFA1/IFA2/EL/BN/NEMO,2023-08-03T20:00:00,2023-08-03T21:00:00,2023-08-03T11:55:00,70,105.75,99.22,102.87,600,5970,155,,365,80,,
2023-08-03T12:04:26,,2023_08_03-12_29,2023_08_03-12_29-4,Buy,600,IFA1/IFA2/EL/BN/NEMO,2023-08-03T21:00:00,2023-08-03T22:00:00,2023-08-03T11:55:00,60,90.77,86.04,88.95,600,6636,35,,530,35,,
2023-08-03T22:17:15,,2023_08_03-22_36,2023_08_03-22_36-1,Buy,1200,IFA1/BN/NEMO/IFA2/EL,2023-08-04T06:00:00,2023-08-04T07:00:00,2023-08-03T22:10:00,65,103.36,93,100.86,1200,9832,557,,,349,294,
2023-08-03T22:17:15,,2023_08_03-22_36,2023_08_03-22_36-2,Buy,800,IFA1/BN/NEMO/IFA2/EL,2023-08-04T07:00:00,2023-08-04T08:00:00,2023-08-03T22:10:00,65,93.25,89.03,91.75,800,8098,100,472,,118,110,
2023-08-04T13:31:13,,2023_08_04-13_33,2023_08_04-13_33-1,Buy,450,BN/NEMO,2023-08-04T16:00:00,2023-08-04T17:00:00,2023-08-04T13:10:00,85,108.65,81.8,96.06,450,922,,421,29,,,
2023-08-04T13:31:13,,2023_08_04-13_33,2023_08_04-13_33-2,Buy,350,BN/NEMO,2023-08-04T18:00:00,2023-08-04T19:00:00,2023-08-04T13:10:00,105,126.39,104.54,114.26,350,1904,,133,217,,,
2023-08-04T13:31:13,,2023_08_04-13_33,2023_08_04-13_33-3,Buy,800,BN/NEMO,2023-08-04T19:00:00,2023-08-04T20:00:00,2023-08-04T13:10:00,100,154.8,118.37,135.08,800,2723,,427,373,,,
2023-08-05T08:35:03,,2023_08_05-08_59,2023_08_05-08_59-1,Sell,250,NEMO/IFA1,2023-08-05T11:00:00,2023-08-05T12:00:00,2023-08-05T08:30:00,50,27,29.52,28.43,250,2863,250,,,,,
2023-08-05T08:35:03,,2023_08_05-08_59,2023_08_05-08_59-2,Sell,250,NEMO/EL/IFA1,2023-08-05T12:00:00,2023-08-05T13:00:00,2023-08-05T08:30:00,30,26.84,26.99,26.96,250,3667,200,,,,50,
2023-08-05T08:35:03,,2023_08_05-08_59,2023_08_05-08_59-3,Sell,250,NEMO/EL/IFA1,2023-08-05T13:00:00,2023-08-05T14:00:00,2023-08-05T08:30:00,20,16.87,21.08,18.78,250,3573,175,,75,,,
2023-08-05T08:35:03,,2023_08_05-08_59,2023_08_05-08_59-4,Sell,250,NEMO/EL/IFA1,2023-08-05T14:00:00,2023-08-05T15:00:00,2023-08-05T08:30:00,20,15.5,21.29,17.95,250,3405,,,200,,50,
2023-08-05T08:35:03,,2023_08_05-08_59,2023_08_05-08_59-5,Sell,200,NEMO/EL/IFA1,2023-08-05T15:00:00,2023-08-05T16:00:00,2023-08-05T08:30:00,30,15.74,21.46,18.67,200,3115,,,170,,30,
2023-08-05T08:35:03,,2023_08_05-08_59,2023_08_05-08_59-6,Sell,50,NEMO/EL/IFA1,2023-08-05T16:00:00,2023-08-05T17:00:00,2023-08-05T08:30:00,50,39,39,39,50,700,,,50,,,
2023-08-05T20:28:18,,2023_08_05-20_48,2023_08_05-20_48-1,Sell,800,IFA1/BN/NEMO/IFA2,2023-08-05T22:00:00,2023-08-05T23:00:00,2023-08-05T20:25:00,92,60.52,66.81,62.8,800,6862,,800,,,,
2023-08-05T20:28:18,,2023_08_05-20_48,2023_08_05-20_48-2,Sell,1000,IFA1/BN/NEMO/IFA2,2023-08-05T23:00:00,2023-08-06T00:00:00,2023-08-05T20:25:00,88,31.03,57.48,49.61,1000,7832,,1000,,,,
2023-08-05T20:28:18,,2023_08_05-20_48,2023_08_05-20_48-3,Sell,2000,IFA1/BN/NEMO/IFA2,2023-08-06T00:00:00,2023-08-06T01:00:00,2023-08-05T20:25:00,81,12.65,55.52,26.62,2000,8559,471,1529,,,,
2023-08-05T20:28:18,,2023_08_05-20_48,2023_08_05-20_48-4,Sell,2000,IFA1/BN/NEMO/IFA2,2023-08-06T01:00:00,2023-08-06T02:00:00,2023-08-05T20:25:00,69,-6.75,33.1,7,2000,8680,683,1317,,,,
2023-08-05T20:28:18,,2023_08_05-20_48,2023_08_05-20_48-5,Sell,1800,IFA1/BN/NEMO/IFA2,2023-08-06T02:00:00,2023-08-06T03:00:00,2023-08-05T20:25:00,56,-6.75,48.31,3.3,1800,8158,1024,660,116,,,
2023-08-05T20:28:18,,2023_08_05-20_48,2023_08_05-20_48-6,Sell,1600,IFA1/BN/NEMO/IFA2,2023-08-06T03:00:00,2023-08-06T04:00:00,2023-08-05T20:25:00,54,-8.58,52.02,3.2,1600,7396,978,342,216,64,,
2023-08-05T20:28:18,,2023_08_05-20_48,2023_08_05-20_48-7,Sell,1200,IFA1/BN/NEMO/IFA2/EL,2023-08-06T04:00:00,2023-08-06T05:00:00,2023-08-05T20:25:00,52,-4.85,66.99,6.7,1200,9413,682,200,116,,202,
2023-08-05T20:28:18,,2023_08_05-20_48,2023_08_05-20_48-8,Sell,1300,IFA1/BN/NEMO/IFA2/EL,2023-08-06T05:00:00,2023-08-06T06:00:00,2023-08-05T20:25:00,49,18.55,45.59,25.3,1300,9691,533,141,222,202,202,
2023-08-05T23:53:54,,2023_08_06-00_11,2023_08_06-00_11-1,Sell,2500,IFA1/BN/NEMO/IFA2/EL,2023-08-06T06:00:00,2023-08-06T07:00:00,2023-08-05T23:50:00,50,8.59,29.32,16.35,2500,14928,743,700,680,177,200,
2023-08-05T23:53:54,,2023_08_06-00_11,2023_08_06-00_11-2,Sell,1700,IFA1/BN/NEMO/IFA2/EL,2023-08-06T07:00:00,2023-08-06T08:00:00,2023-08-05T23:50:00,48,1,28,11.86,1700,14728,250,700,250,,500,
2023-08-05T23:53:54,,2023_08_06-00_11,2023_08_06-00_11-3,Sell,1000,IFA1/BN/NEMO/IFA2/EL,2023-08-06T08:00:00,2023-08-06T09:00:00,2023-08-05T23:50:00,60,26.43,39.14,29.8,1000,12444,,1000,,,,
2023-08-05T23:53:54,,2023_08_06-00_11,2023_08_06-00_11-4,Sell,1100,IFA1/BN/NEMO/IFA2/EL,2023-08-06T09:00:00,2023-08-06T10:00:00,2023-08-05T23:50:00,62,18.67,26.87,21.63,1100,11811,,1100,,,,
2023-08-05T23:53:54,,2023_08_06-00_11,2023_08_06-00_11-5,Sell,500,IFA1/BN/NEMO/IFA2/EL,2023-08-06T10:00:00,2023-08-06T11:00:00,2023-08-05T23:50:00,70,0,4.29,2.67,500,7505,230,,50,,220,
2023-08-05T23:53:54,,2023_08_06-00_11,2023_08_06-00_11-6,Sell,200,IFA1/BN/NEMO/IFA2/EL,2023-08-06T11:00:00,2023-08-06T12:00:00,2023-08-05T23:50:00,72,0,0,0,200,5695,30,,,,170,
2023-08-06T09:47:54,,2023_08_06-10_00,2023_08_06-10_00-1,Sell,1500,IFA1/IFA2/BN/NEMO,2023-08-06T12:00:00,2023-08-06T13:00:00,2023-08-06T09:40:00,60,-9.19,-3.4,-7.03,1500,9547,501,550,374,75,,
2023-08-06T09:47:54,,2023_08_06-10_00,2023_08_06-10_00-2,Sell,1400,IFA1/IFA2/BN/NEMO,2023-08-06T13:00:00,2023-08-06T14:00:00,2023-08-06T09:40:00,60,-15.18,-2.68,-10.75,1400,9437,600,550,250,,,
2023-08-06T09:47:54,,2023_08_06-10_00,2023_08_06-10_00-3,Sell,1900,IFA1/IFA2/BN/NEMO,2023-08-06T14:00:00,2023-08-06T15:00:00,2023-08-06T09:40:00,60,-21,-8.9,-16.61,1900,13254,497,1053,350,,,
2023-08-06T09:47:54,,2023_08_06-10_00,2023_08_06-10_00-4,Sell,1300,IFA1/IFA2/BN/NEMO/EL,2023-08-06T15:00:00,2023-08-06T16:00:00,2023-08-06T09:40:00,80,17,26.57,19.7,1300,14634,,1300,,,,
2023-08-06T20:55:57,,2023_08_06-21_11,2023_08_06-21_11-1,Sell,200,BN/NEMO,2023-08-06T23:00:00,2023-08-07T00:00:00,2023-08-06T20:45:00,68.25,19.98,33.21,24.62,200,2455,,200,,,,
2023-08-06T20:55:57,,2023_08_06-21_11,2023_08_06-21_11-2,Sell,800,IFA1/IFA2/BN/NEMO,2023-08-07T00:00:00,2023-08-07T01:00:00,2023-08-06T20:45:00,61.11,15.16,21.84,17.09,800,6944,800,,,,,
2023-08-06T20:55:57,"Due to French electricity system conditions, NGESO is unable to trade on the interconnectors joining GB and France. For more information, see this link to French margin graph: https://www.services-rte.com/en/view-data-published-by-rte/balancing-capacities.html#:~:text=RTE%20proposes%20on%20this%20web,best%20hypothesis%20at%20our%20disposal",2023_08_06-21_11,2023_08_06-21_11-3,Sell,1400,IFA1/IFA2/BN/NEMO,2023-08-07T01:00:00,2023-08-07T02:00:00,2023-08-06T20:45:00,56.06,-8.36,1.33,-1.4,1400,7367,900,274,126,100,,
2023-08-06T20:55:57,,2023_08_06-21_11,2023_08_06-21_11-4,Sell,1400,IFA1/IFA2/BN/NEMO,2023-08-07T02:00:00,2023-08-07T03:00:00,2023-08-06T20:45:00,55.17,-2.5,2.49,-0.71,1400,7391,924,,147,329,,
2023-08-06T20:55:57,,2023_08_06-21_11,2023_08_06-21_11-5,Sell,1400,IFA1/IFA2/BN/NEMO,2023-08-07T03:00:00,2023-08-07T04:00:00,2023-08-06T20:45:00,58.49,36.08,46.11,41.6,1400,6624,1065,,,335,,
2023-08-06T20:55:57,,2023_08_06-21_11,2023_08_06-21_11-6,Sell,900,IFA1/IFA2/EL/BN/NEMO,2023-08-07T04:00:00,2023-08-07T05:00:00,2023-08-06T20:45:00,61.34,46.63,52.23,49.01,900,7925,676,,,124,100,
2023-08-07T16:44:34,,2023_08_07-17_10,2023_08_07-17_10-1,Buy,600,IFA1/IFA2/BN/NEMO,2023-08-07T19:00:00,2023-08-07T20:00:00,2023-08-07T16:40:00,70,88.57,81.88,86.4,600,1338,149,267,134,50,,
2023-08-07T16:44:34,,2023_08_07-17_10,2023_08_07-17_10-2,Buy,500,IFA1/IFA2/BN/NEMO,2023-08-07T20:00:00,2023-08-07T21:00:00,2023-08-07T16:40:00,70,78.38,75.02,76.1,500,1747,25,250,126,99,,
2023-08-07T16:44:34,,2023_08_07-17_10,2023_08_07-17_10-3,Buy,700,IFA1/IFA2/BN/NEMO,2023-08-07T21:00:00,2023-08-07T22:00:00,2023-08-07T16:40:00,55,70.47,64.54,68.71,700,2901,199,327,149,25,,
2023-08-07T20:48:54,,2023_08_07-21_12,2023_08_07-21_12-1,Sell,300,IFA1/IFA2/BN/NEMO,2023-08-08T00:00:00,2023-08-08T01:00:00,2023-08-07T20:45:00,65,40.22,45.16,42.24,300,4337,160,90,50,,,
2023-08-07T20:48:54,,2023_08_07-21_12,2023_08_07-21_12-2,Sell,900,IFA1/IFA2/BN/NEMO,2023-08-08T01:00:00,2023-08-08T02:00:00,2023-08-07T20:45:00,55,28.83,34.21,31.11,900,5311,685,165,50,,,
2023-08-07T20:48:54,,2023_08_07-21_12,2023_08_07-21_12-3,Sell,400,IFA1/IFA2/BN/NEMO,2023-08-08T02:00:00,2023-08-08T03:00:00,2023-08-07T20:45:00,60,33.74,37.84,35.6,400,4676,135,115,50,100,,
2023-08-08T14:28:37,,2023_08_08-14_55,2023_08_08-14_55-1,Buy,500,IFA1/IFA2/NEMO,2023-08-08T17:00:00,2023-08-08T18:00:00,2023-08-08T14:25:00,70,118.08,104.56,111.04,485,485,206,,147,132,,
2023-08-08T14:28:37,,2023_08_08-14_55,2023_08_08-14_55-2,Buy,900,IFA1/IFA2/BN/NEMO/EL,2023-08-08T18:00:00,2023-08-08T19:00:00,2023-08-08T14:25:00,75,121.81,111.51,116.18,900,3179,350,121,208,195,26,
2023-08-08T14:28:37,,2023_08_08-14_55,2023_08_08-14_55-3,Buy,900,IFA1/IFA2/BN/NEMO/EL,2023-08-08T19:00:00,2023-08-08T20:00:00,2023-08-08T14:25:00,75,113.87,104.94,109.68,900,3773,384,151,170,195,,
2023-08-08T14:28:37,,2023_08_08-14_55,2023_08_08-14_55-4,Buy,900,IFA1/IFA2/BN/NEMO/EL,2023-08-08T20:00:00,2023-08-08T21:00:00,2023-08-08T14:25:00,70,106.37,97.36,102.37,900,3696,280,257,153,210,,
2023-08-08T14:28:37,,2023_08_08-14_55,2023_08_08-14_55-5,Buy,500,IFA1/IFA2/BN/NEMO/EL,2023-08-08T21:00:00,2023-08-08T22:00:00,2023-08-08T14:25:00,60,93.05,88.08,90.37,500,3707,250,51,124,75,,
2023-08-10T14:29:41,,2023_08_10-14_56,2023_08_10-14_56-1,Buy,400,IFA1/IFA2/BN/NEMO,2023-08-10T17:00:00,2023-08-10T18:00:00,2023-08-10T14:25:00,75,117.62,112.07,115.37,400,3006,257,,50,93,,
2023-08-10T14:29:41,,2023_08_10-14_56,2023_08_10-14_56-2,Buy,400,IFA1/IFA2/BN/NEMO/EL,2023-08-10T18:00:00,2023-08-10T19:00:00,2023-08-10T14:25:00,78,128.54,125.45,127.31,400,5914,250,,,25,125,
2023-08-10T14:29:41,,2023_08_10-14_56,2023_08_10-14_56-3,Buy,900,IFA1/IFA2/NEMO/EL,2023-08-10T21:00:00,2023-08-10T22:00:00,2023-08-10T14:25:00,60,105.98,99.4,104.08,900,6839,375,,201,25,299,
2023-08-11T11:03:20,,2023_08_11-11_28,2023_08_11-11_28-1,Buy,300,IFA1/IFA2/BN/NEMO,2023-08-11T14:00:00,2023-08-11T15:00:00,2023-08-11T11:00:00,60,65.7,63.03,64.12,300,5250,101,125,74,,,
2023-08-11T11:03:20,,2023_08_11-11_28,2023_08_11-11_28-2,Buy,300,IFA1/IFA2/BN/NEMO/EL,2023-08-11T15:00:00,2023-08-11T16:00:00,2023-08-11T11:00:00,70,79.86,71.68,77.28,300,5567,150,,100,,50,
2023-08-11T15:08:28,,2023_08_11-15_39,2023_08_11-15_39-1,Buy,500,IFA1/IFA2/BN/NEMO,2023-08-11T17:00:00,2023-08-11T18:00:00,2023-08-11T15:05:00,80,103,98.91,101.23,500,3150,193,197,45,65,,
2023-08-11T18:44:57,,2023_08_11-19_01,2023_08_11-19_01-1,Sell,1200,IFA2/BN/NEMO/EL,2023-08-11T23:00:00,2023-08-12T00:00:00,2023-08-11T18:40:00,95,66.72,77.1,71.76,1200,3129,,85,250,209,656,
2023-08-11T18:44:57,,2023_08_11-19_01,2023_08_11-19_01-2,Sell,1000,IFA2/BN/NEMO/EL,2023-08-12T00:00:00,2023-08-12T01:00:00,2023-08-11T18:40:00,95,71.5,78.49,74.6,1000,4060,,274,475,50,201,
2023-08-11T18:44:57,,2023_08_11-19_01,2023_08_11-19_01-3,Sell,600,IFA2/BN/NEMO/EL,2023-08-12T01:00:00,2023-08-12T02:00:00,2023-08-11T18:40:00,90,73.1,78.26,75,600,3331,,,282,217,101,
2023-08-11T18:44:57,,2023_08_11-19_01,2023_08_11-19_01-4,Sell,400,IFA2/NEMO/EL,2023-08-12T02:00:00,2023-08-12T03:00:00,2023-08-11T18:40:00,90,73.7,76.05,75.22,400,2766,,,299,,101,
2023-08-11T18:44:57,,2023_08_11-19_01,2023_08_11-19_01-5,Sell,300,IFA2/BN/NEMO/EL,2023-08-12T03:00:00,2023-08-12T04:00:00,2023-08-11T18:40:00,90,74.47,75.95,75.24,300,2252,,,268,,32,
2023-08-11T23:08:21,,2023_08_11-23_36,2023_08_11-23_36-1,Sell,500,BN/NEMO/IFA2/EL,2023-08-12T10:00:00,2023-08-12T11:00:00,2023-08-11T23:05:00,60,53.11,55.6,54.02,500,5515,,176,100,125,99,
2023-08-11T23:08:21,,2023_08_11-23_36,2023_08_11-23_36-2,Sell,1000,BN/NEMO/IFA2/EL,2023-08-12T11:00:00,2023-08-12T12:00:00,2023-08-11T23:05:00,45,27.84,32.66,29.53,1000,8419,,100,300,417,183,
2023-08-12T09:28:15,,2023_08_12-09_46,2023_08_12-09_46-1,Sell,900,IFA2/BN/NEMO,2023-08-12T12:00:00,2023-08-12T13:00:00,2023-08-12T09:25:00,25,18.37,23.45,19.94,900,4992,,498,202,200,,
2023-08-12T09:28:15,,2023_08_12-09_46,2023_08_12-09_46-2,Sell,1600,IFA2/BN/NEMO,2023-08-12T13:00:00,2023-08-12T14:00:00,2023-08-12T09:25:00,25,6.57,16.21,10.54,1600,4767,,656,571,373,,
2023-08-12T09:28:15,,2023_08_12-09_46,2023_08_12-09_46-3,Sell,1200,IFA2/BN/NEMO,2023-08-12T14:00:00,2023-08-12T15:00:00,2023-08-12T09:25:00,35,18.27,29.57,21.27,1200,7489,,337,366,497,,
2023-08-12T13:22:54,,2023_08_12-13_49,2023_08_12-13_49-1,Buy,600,IFA2/BN/NEMO,2023-08-12T17:00:00,2023-08-12T18:00:00,2023-08-12T13:20:00,70,94.97,90.51,93.38,600,3622,,152,324,124,,
2023-08-12T13:22:54,,2023_08_12-13_49,2023_08_12-13_49-2,Buy,900,IFA2/BN/NEMO/EL,2023-08-12T18:00:00,2023-08-12T19:00:00,2023-08-12T13:20:00,80,110.46,107.13,109.52,900,5328,,275,134,319,172,
2023-08-12T13:22:54,,2023_08_12-13_49,2023_08_12-13_49-3,Buy,300,IFA2/BN/NEMO/EL,2023-08-12T19:00:00,2023-08-12T20:00:00,2023-08-12T13:20:00,80,108.46,106.97,107.64,300,4025,,195,80,25,,
2023-08-12T13:22:54,,2023_08_12-13_49,2023_08_12-13_49-4,Buy,200,IFA2/BN/NEMO/EL,2023-08-12T20:00:00,2023-08-12T21:00:00,2023-08-12T13:20:00,80,105.35,103.97,104.68,200,3561,,150,25,25,,
2023-08-12T18:45:08,,2023_08_12-19_06,2023_08_12-19_06-1,Sell,500,IFA2/BN/NEMO/EL,2023-08-12T22:00:00,2023-08-12T23:00:00,2023-08-12T18:40:00,90,71.63,75.7,73.02,500,4579,,24,25,151,300,
2023-08-12T18:45:08,,2023_08_12-19_06,2023_08_12-19_06-2,Sell,1600,IFA2/BN/NEMO/EL,2023-08-12T23:00:00,2023-08-13T00:00:00,2023-08-12T18:40:00,85,59.94,68.54,62.93,1600,5464,,194,225,376,805,
2023-08-12T18:45:08,,2023_08_12-19_06,2023_08_12-19_06-3,Sell,1800,IFA2/BN/NEMO/EL,2023-08-13T00:00:00,2023-08-13T01:00:00,2023-08-12T18:40:00,80,55,63.43,57.74,1800,6171,,174,374,377,875,
2023-08-12T18:45:08,,2023_08_12-19_06,2023_08_12-19_06-4,Sell,2200,IFA2/BN/NEMO/EL,2023-08-13T01:00:00,2023-08-13T02:00:00,2023-08-12T18:40:00,75,43.86,55.96,47.54,2200,5870,,229,885,631,455,
2023-08-12T18:45:08,,2023_08_12-19_06,2023_08_12-19_06-5,Sell,2400,IFA2/BN/NEMO/EL,2023-08-13T02:00:00,2023-08-13T03:00:00,2023-08-12T18:40:00,75,38.7,54.1,44.49,2400,5896,,430,750,665,555,
2023-08-12T18:45:08,,2023_08_12-19_06,2023_08_12-19_06-6,Sell,2400,IFA2/BN/NEMO/EL,2023-08-13T03:00:00,2023-08-13T04:00:00,2023-08-12T18:40:00,75,41.01,56.71,46.53,2400,5885,,401,800,644,555,
2023-08-12T23:54:45,,2023_08_13-00_03,2023_08_13-00_03-1,Sell,2500,IFA2/BN/NEMO/EL,2023-08-13T04:00:00,2023-08-13T05:00:00,2023-08-12T23:45:00,80,46.49,58.37,52.38,2500,5104,,403,926,571,600,
2023-08-12T23:54:45,,2023_08_13-00_03,2023_08_13-00_03-2,Sell,2800,IFA2/BN/NEMO/EL,2023-08-13T05:00:00,2023-08-13T06:00:00,2023-08-12T23:45:00,80,42.26,57.11,49.07,2800,4951,,353,1058,789,600,
2023-08-12T23:54:45,,2023_08_13-00_03,2023_08_13-00_03-3,Sell,3500,IFA2/BN/NEMO/EL,2023-08-13T06:00:00,2023-08-13T07:00:00,2023-08-12T23:45:00,75,34,56.11,42.84,3500,7002,,766,1241,893,600,
2023-08-12T23:54:45,"Due to French electricity system conditions, NGESO is unable to trade on the interconnectors joining GB and France.",2023_08_13-00_03,2023_08_13-00_03-4,Sell,3900,IFA2/BN/NEMO/EL,2023-08-13T07:00:00,2023-08-13T08:00:00,2023-08-12T23:45:00,70,-12.24,38.71,11.75,3900,6133,,184,1216,1335,1165,
2023-08-12T23:54:45,,2023_08_13-00_03,2023_08_13-00_03-5,Sell,2500,IFA2/BN/NEMO/EL,2023-08-13T08:00:00,2023-08-13T09:00:00,2023-08-12T23:45:00,75,-5.67,12.6,4.55,2500,5809,,65,255,1230,950,
2023-08-12T23:54:45,"Due to French electricity system conditions, NGESO is unable to trade on the interconnectors joining GB and France.",2023_08_13-00_03,2023_08_13-00_03-6,Sell,1900,IFA2/BN/NEMO/EL,2023-08-13T09:00:00,2023-08-13T10:00:00,2023-08-12T23:45:00,70,-7.97,3.36,-1.96,1900,5204,,200,100,800,800,
2023-08-12T23:54:45,,2023_08_13-00_03,2023_08_13-00_03-7,Sell,2400,IFA2/BN/NEMO/EL,2023-08-13T10:00:00,2023-08-13T11:00:00,2023-08-12T23:45:00,75,-16.52,0,-8.51,2400,6532,,200,250,921,1029,
2023-08-12T23:54:45,,2023_08_13-00_03,2023_08_13-00_03-8,Sell,1300,IFA2/BN/NEMO/EL,2023-08-13T11:00:00,2023-08-13T12:00:00,2023-08-12T23:45:00,80,-9.9,-4.19,-6.59,1300,6558,,100,50,350,800,
2023-08-13T01:44:19,,2023_08_13-02_11,2023_08_13-02_11-1,Sell,650,BN/NEMO,2023-08-13T07:00:00,2023-08-13T08:00:00,2023-08-13T01:40:00,70,-38.51,-19.3,-26.41,650,2645,,315,335,,,
2023-08-13T01:44:19,"Due to French electricity system conditions, NGESO is unable to trade on the interconnectors joining GB and France.",2023_08_13-02_11,2023_08_13-02_11-2,Sell,650,IFA2/BN/NEMO,2023-08-13T08:00:00,2023-08-13T09:00:00,2023-08-13T01:40:00,75,-10.57,4.93,-3.2,650,3080,,150,180,320,,
2023-08-13T01:44:19,,2023_08_13-02_11,2023_08_13-02_11-3,Sell,950,BN/NEMO,2023-08-13T09:00:00,2023-08-13T10:00:00,2023-08-13T01:40:00,70,-32.68,-6.24,-18.74,950,2736,,560,390,,,
2023-08-13T01:44:19,,2023_08_13-02_11,2023_08_13-02_11-4,Sell,950,IFA2/BN/NEMO/EL,2023-08-13T10:00:00,2023-08-13T11:00:00,2023-08-13T01:40:00,75,-10.9,-6.62,-9.2,950,4795,,,,750,200,
2023-08-13T01:44:19,,2023_08_13-02_11,2023_08_13-02_11-5,Sell,950,IFA2/BN/NEMO/EL,2023-08-13T11:00:00,2023-08-13T12:00:00,2023-08-13T01:40:00,80,-12.64,-6.21,-9.73,950,4977,,,,850,100,
2023-08-13T10:24:35,,2023_08_13-10_33,2023_08_13-10_33-1,Sell,2250,BN/NEMO/IFA2,2023-08-13T12:00:00,2023-08-13T13:00:00,2023-08-13T10:20:00,75,-32.27,-11.77,-20.97,2250,5612,,230,20,2000,,
2023-08-13T10:24:35,,2023_08_13-10_33,2023_08_13-10_33-2,Sell,2600,BN/NEMO/IFA2,2023-08-13T13:00:00,2023-08-13T14:00:00,2023-08-13T10:20:00,70,-22.35,-5.27,-14.97,2600,5917,,325,332,1943,,
2023-08-13T10:24:35,,2023_08_13-10_33,2023_08_13-10_33-3,Sell,2300,BN/NEMO/IFA2,2023-08-13T14:00:00,2023-08-13T15:00:00,2023-08-13T10:20:00,75,-1.07,4.89,1.52,2300,12792,,620,315,1365,,
2023-08-13T10:24:35,,2023_08_13-10_33,2023_08_13-10_33-4,Sell,2400,BN/NEMO/IFA2/EL,2023-08-13T15:00:00,2023-08-13T16:00:00,2023-08-13T10:20:00,90,34.27,107.99,37.71,2400,14996,,425,,1335,640,
2023-08-14T11:28:23,,2023_08_14-11_39,2023_08_14-11_39-1,Buy,200,IFA2/BN/NEMO/EL,2023-08-14T16:00:00,2023-08-14T17:00:00,2023-08-14T11:25:00,72,97.65,95.06,96.07,200,4460,,25,,151,24,
2023-08-14T11:28:23,,2023_08_14-11_39,2023_08_14-11_39-2,Buy,200,IFA2/BN/NEMO/EL,2023-08-14T17:00:00,2023-08-14T18:00:00,2023-08-14T11:25:00,80,117.98,114.94,116.31,200,4501,,,50,150,,
2023-08-14T11:28:23,,2023_08_14-11_39,2023_08_14-11_39-3,Buy,200,IFA2/BN/NEMO/EL,2023-08-14T18:00:00,2023-08-14T19:00:00,2023-08-14T11:25:00,86,119,118.73,118.84,200,4763,,,,125,75,
2023-08-14T11:28:23,,2023_08_14-11_39,2023_08_14-11_39-4,Buy,700,IFA2/BN/NEMO/EL,2023-08-14T19:00:00,2023-08-14T20:00:00,2023-08-14T11:25:00,83,120.99,118.68,119.78,700,8763,,25,265,310,100,
2023-08-14T11:28:23,,2023_08_14-11_39,2023_08_14-11_39-5,Buy,700,IFA2/BN/NEMO/EL,2023-08-14T20:00:00,2023-08-14T21:00:00,2023-08-14T11:25:00,77,114,111.45,112.68,700,8664,,25,175,304,196,
2023-08-14T11:28:23,,2023_08_14-11_39,2023_08_14-11_39-6,Buy,400,IFA2/NEMO/EL,2023-08-14T21:00:00,2023-08-14T22:00:00,2023-08-14T11:25:00,66,103.7,101.01,102.84,400,5592,,,175,125,100,
2023-08-15T10:20:18,,2023_08_15-10_46,2023_08_15-10_46-1,Sell,50,IFA2/NEMO,2023-08-15T12:00:00,2023-08-15T13:00:00,2023-08-15T10:15:00,90,68,70.28,68.76,50,758,,,,50,,
2023-08-15T10:20:18,,2023_08_15-10_46,2023_08_15-10_46-2,Sell,150,IFA2/NEMO,2023-08-15T13:00:00,2023-08-15T14:00:00,2023-08-15T10:15:00,90,72.12,75.37,73.68,150,1727,,,90,60,,
2023-08-15T10:20:18,,2023_08_15-10_46,2023_08_15-10_46-3,Sell,100,IFA2/NEMO,2023-08-15T14:00:00,2023-08-15T15:00:00,2023-08-15T10:15:00,90,81.24,81.91,81.58,100,1771,,,50,50,,
2023-08-17T13:23:19,,2023_08_17-13_42,2023_08_17-13_42-1,Buy,250,IFA1/BN/NEMO,2023-08-17T16:00:00,2023-08-17T17:00:00,2023-08-17T13:15:00,70,78.72,77.23,77.66,250,3079,250,,,,,
2023-08-17T13:23:19,,2023_08_17-13_42,2023_08_17-13_42-2,Buy,450,IFA1/BN/NEMO,2023-08-17T17:00:00,2023-08-17T18:00:00,2023-08-17T13:15:00,80,113.25,108.8,111.88,450,3579,430,20,,,,
2023-08-17T13:23:19,,2023_08_17-13_42,2023_08_17-13_42-3,Buy,150,IFA1/BN/NEMO/EL,2023-08-17T18:00:00,2023-08-17T19:00:00,2023-08-17T13:15:00,80,110.57,110.39,110.51,150,3737,150,,,,,
2023-08-17T13:23:19,,2023_08_17-13_42,2023_08_17-13_42-4,Buy,300,IFA1/NEMO/IFA2/EL,2023-08-17T19:00:00,2023-08-17T20:00:00,2023-08-17T13:15:00,80,109.92,108.31,108.8,300,5052,275,,25,,,
2023-08-17T13:23:19,,2023_08_17-13_42,2023_08_17-13_42-5,Buy,500,IFA1/NEMO/IFA2/EL,2023-08-17T20:00:00,2023-08-17T21:00:00,2023-08-17T13:15:00,70,103.97,98.07,101.29,500,5705,435,,15,,50,
2023-08-17T13:23:19,,2023_08_17-13_42,2023_08_17-13_42-6,Buy,850,IFA1/NEMO/IFA2/EL,2023-08-17T21:00:00,2023-08-17T22:00:00,2023-08-17T13:15:00,60,99.17,87.13,95.98,850,6640,760,,65,25,,
2023-08-18T14:45:39,,2023_08_18-14_54,2023_08_18-14_54-1,Buy,800,IFA1/IFA2/EL/NEMO,2023-08-18T18:00:00,2023-08-18T19:00:00,2023-08-18T14:35:00,84,120,116.46,118.78,800,9442,393,,,,407,
2023-08-18T14:45:39,,2023_08_18-14_54,2023_08_18-14_54-2,Buy,1600,IFA1/IFA2/EL/NEMO,2023-08-18T19:00:00,2023-08-18T20:00:00,2023-08-18T14:35:00,80,118.2,114.79,116.98,1600,11894,848,,300,25,427,
2023-08-18T14:45:39,"Due to French electricity system conditions, NGESO is unable to trade on the interconnectors joining GB and France.",2023_08_18-14_54,2023_08_18-14_54-3,Buy,2450,IFA1/IFA2/EL/NEMO,2023-08-18T20:00:00,2023-08-18T21:00:00,2023-08-18T14:35:00,73,265.15,104.67,123.89,2321,12928,653,,1421,,247,
2023-08-18T14:45:39,,2023_08_18-14_54,2023_08_18-14_54-4,Buy,2400,IFA1/IFA2/EL/NEMO,2023-08-18T21:00:00,2023-08-18T22:00:00,2023-08-18T14:35:00,65,107.38,100.05,104.95,2400,13067,1454,,273,30,643,
2023-08-18T14:45:39,,2023_08_18-14_54,2023_08_18-14_54-5,Buy,400,IFA1/IFA2/NEMO,2023-08-18T17:00:00,2023-08-18T18:00:00,2023-08-18T14:35:00,81,117.15,110.44,115.53,400,3101,243,,40,117,,
2023-08-18T18:13:42,,2023_08_18-18_31,2023_08_18-18_31-1,Buy,1700,IFA1/IFA2/EL/NEMO,2023-08-18T22:00:00,2023-08-18T23:00:00,2023-08-18T18:10:00,50,106.52,93.13,102.64,1700,8363,752,,52,280,616,
2023-08-18T18:13:42,,2023_08_18-18_31,2023_08_18-18_31-2,Buy,1200,IFA1/IFA2/EL/NEMO,2023-08-18T23:00:00,2023-08-19T00:00:00,2023-08-18T18:10:00,35,86,75.22,80.72,1200,7106,723,,,317,160,
2023-08-18T18:13:42,,2023_08_18-18_31,2023_08_18-18_31-3,Buy,900,IFA1/IFA2/EL/NEMO,2023-08-19T00:00:00,2023-08-19T01:00:00,2023-08-18T18:10:00,30,61.21,46.7,56.02,900,7936,531,,,140,229,
2023-08-18T18:13:42,,2023_08_18-18_31,2023_08_18-18_31-4,Buy,1000,IFA1/IFA2/EL/NEMO,2023-08-19T01:00:00,2023-08-19T02:00:00,2023-08-18T18:10:00,15,50.56,36.57,44.65,1000,7727,591,,,286,123,
2023-08-18T18:13:42,,2023_08_18-18_31,2023_08_18-18_31-5,Buy,350,IFA1/IFA2/EL/NEMO,2023-08-19T02:00:00,2023-08-19T03:00:00,2023-08-18T18:10:00,10,34,14.85,24.88,350,7267,171,,,125,54,
2023-08-18T18:13:42,,2023_08_18-18_31,2023_08_18-18_31-6,Buy,1000,IFA1/IFA2/EL/NEMO,2023-08-19T03:00:00,2023-08-19T04:00:00,2023-08-18T18:10:00,10,50.14,31.34,41.46,1000,7723,591,,,248,161,
2023-08-18T20:56:42,,2023_08_18-21_13,2023_08_18-21_13-1,Buy,1100,IFA1/IFA2/EL/NEMO,2023-08-19T04:00:00,2023-08-19T05:00:00,2023-08-18T20:50:00,15,80.82,64.71,73.58,1100,5761,718,,50,332,,
2023-08-18T20:56:42,,2023_08_18-21_13,2023_08_18-21_13-2,Buy,1100,IFA1/IFA2/EL/NEMO,2023-08-19T05:00:00,2023-08-19T06:00:00,2023-08-18T20:50:00,30,92.67,72.05,84.02,1100,5752,706,,50,257,87,
2023-08-18T20:56:42,,2023_08_18-21_13,2023_08_18-21_13-3,Buy,1100,IFA1/IFA2/EL/NEMO,2023-08-19T06:00:00,2023-08-19T07:00:00,2023-08-18T20:50:00,35,92,82.75,88.26,1100,6021,400,,59,522,119,
2023-08-18T20:56:42,,2023_08_18-21_13,2023_08_18-21_13-4,Buy,200,IFA1/IFA2/EL/NEMO,2023-08-19T07:00:00,2023-08-19T08:00:00,2023-08-18T20:50:00,35,79.21,74.97,78.15,200,4554,130,,25,45,,
2023-08-18T21:30:38,,2023_08_18-22_06,2023_08_18-22_06-1,Buy,100,IFA1/IFA2,2023-08-18T23:00:00,2023-08-19T00:00:00,2023-08-18T21:28:00,35,92.89,92.89,92.89,100,791,,,,100,,
2023-08-18T21:30:38,,2023_08_18-22_06,2023_08_18-22_06-2,Buy,200,IFA1/IFA2,2023-08-19T00:00:00,2023-08-19T01:00:00,2023-08-18T21:28:00,30,79.8,77.99,78.7,200,1298,94,,,106,,
2023-08-18T21:30:38,,2023_08_18-22_06,2023_08_18-22_06-3,Buy,300,IFA1/IFA2,2023-08-19T01:00:00,2023-08-19T02:00:00,2023-08-18T21:28:00,15,71.03,66.6,68.87,300,1254,98,,,202,,
2023-08-18T21:30:38,,2023_08_18-22_06,2023_08_18-22_06-4,Buy,400,IFA1/IFA2,2023-08-19T02:00:00,2023-08-19T03:00:00,2023-08-18T21:28:00,10,47.8,41.33,44.21,400,1846,210,,,190,,
2023-08-18T21:30:38,,2023_08_18-22_06,2023_08_18-22_06-5,Buy,200,IFA1/IFA2,2023-08-19T03:00:00,2023-08-19T04:00:00,2023-08-18T21:28:00,10,53.45,51.54,52.39,200,1263,114,,,86,,
2023-08-19T00:26:14,,2023_08_19-00_39,2023_08_19-00_39-1,Buy,300,IFA1/IFA2/EL,2023-08-19T04:00:00,2023-08-19T05:00:00,2023-08-19T00:15:00,15,89.08,83.93,87.21,300,2260,54,,,96,150,
2023-08-19T00:26:14,,2023_08_19-00_39,2023_08_19-00_39-2,Buy,300,IFA1/IFA2/EL,2023-08-19T05:00:00,2023-08-19T06:00:00,2023-08-19T00:15:00,30,101.07,72.97,82.07,300,2482,293,,,,7,
2023-08-19T00:26:14,,2023_08_19-00_39,2023_08_19-00_39-3,Buy,550,IFA1/IFA2/EL/BN/NEMO,2023-08-19T06:00:00,2023-08-19T07:00:00,2023-08-19T00:15:00,35,101.34,96.27,99.58,550,5655,108,50,50,225,117,
2023-08-19T00:26:14,,2023_08_19-00_39,2023_08_19-00_39-4,Buy,1550,IFA1/IFA2/EL/BN/NEMO,2023-08-19T07:00:00,2023-08-19T08:00:00,2023-08-19T00:15:00,35,95.3,87.56,92.42,1550,9910,666,35,50,411,388,
2023-08-19T00:26:14,,2023_08_19-00_39,2023_08_19-00_39-5,Buy,1050,IFA1/IFA2/EL/BN/NEMO,2023-08-19T08:00:00,2023-08-19T09:00:00,2023-08-19T00:15:00,30,80.89,74.56,78.8,1050,9396,448,50,50,299,203,
2023-08-19T09:34:06,,2023_08_19-09_21,2023_08_19-09_21-1,Sell,500,IFA1/IFA2/BN/NEMO,2023-08-19T11:00:00,2023-08-19T12:00:00,2023-08-19T09:10:00,25,-39.99,4.57,-14.05,500,1082,145,176,100,79,,
2023-08-19T09:34:06,,2023_08_19-09_21,2023_08_19-09_21-2,Sell,500,IFA1/IFA2/BN/NEMO,2023-08-19T12:00:00,2023-08-19T13:00:00,2023-08-19T09:10:00,25,-37.34,2.13,-16.05,500,1321,201,125,100,74,,
2023-08-19T09:34:06,,2023_08_19-09_21,2023_08_19-09_21-3,Sell,900,IFA1/IFA2/BN/NEMO,2023-08-19T13:00:00,2023-08-19T14:00:00,2023-08-19T09:10:00,25,-65,7.01,-35.32,900,1348,238,170,255,237,,
2023-08-19T09:34:06,,2023_08_19-09_21,2023_08_19-09_21-4,Sell,600,IFA1/IFA2/BN/NEMO,2023-08-19T14:00:00,2023-08-19T15:00:00,2023-08-19T09:10:00,40,29.28,45.28,37.11,600,2898,358,99,20,123,,
2023-08-19T14:42:03,,2023_08_19-14_56,2023_08_19-14_56-1,Buy,1250,IFA1/IFA2,2023-08-19T17:00:00,2023-08-19T18:00:00,2023-08-19T14:35:00,80,119,112.26,115.95,1250,4216,900,,,350,,
2023-08-19T14:42:03,,2023_08_19-14_56,2023_08_19-14_56-2,Buy,900,IFA1/IFA2/EL,2023-08-19T18:00:00,2023-08-19T19:00:00,2023-08-19T14:35:00,85,124.09,120.05,122.16,900,6787,405,,,95,400,
2023-08-19T14:42:03,,2023_08_19-14_56,2023_08_19-14_56-3,Buy,800,IFA1/IFA2/EL,2023-08-19T19:00:00,2023-08-19T20:00:00,2023-08-19T14:35:00,90,124,120.05,121.95,800,6821,250,,,50,500,
2023-08-19T14:42:03,,2023_08_19-14_56,2023_08_19-14_56-4,Buy,750,IFA1/IFA2/EL,2023-08-19T21:00:00,2023-08-19T22:00:00,2023-08-19T14:35:00,85,107.46,102.34,105.35,750,6854,369,,,81,300,
2023-08-19T19:43:47,,2023_08_19-20_01,2023_08_19-20_01-1,Sell,500,IFA1/BN/NEMO/IFA2,2023-08-20T03:00:00,2023-08-20T04:00:00,2023-08-19T19:40:00,98,78.65,82.13,79.67,500,4535,320,,,180,,
2023-08-19T19:43:47,,2023_08_19-20_01,2023_08_19-20_01-2,Sell,500,IFA1/BN/NEMO/IFA2/EL,2023-08-20T04:00:00,2023-08-20T05:00:00,2023-08-19T19:40:00,99,76.96,81.33,78.33,500,5932,149,50,,100,201,
2023-08-19T19:43:47,,2023_08_19-20_01,2023_08_19-20_01-3,Sell,1250,IFA1/BN/NEMO/IFA2/EL,2023-08-20T05:00:00,2023-08-20T06:00:00,2023-08-19T19:40:00,102,71.8,77.66,74.19,1250,7109,580,185,60,125,300,
2023-08-19T19:43:47,,2023_08_19-20_01,2023_08_19-20_01-4,Sell,1850,IFA1/BN/NEMO/IFA2/EL,2023-08-20T06:00:00,2023-08-20T07:00:00,2023-08-19T19:40:00,101,67.5,77.35,70.72,1850,9569,660,216,145,379,450,
2023-08-19T22:44:53,"Due to French electricity system conditions, NGESO is unable to trade on the interconnectors joining GB and France.",2023_08_19-22_54,2023_08_19-22_54-1,Sell,1650,IFA1/BN/NEMO/IFA2/EL,2023-08-20T07:00:00,2023-08-20T08:00:00,2023-08-19T22:40:00,90,55,61.52,58.57,1650,13840,779,25,125,366,355,
2023-08-19T22:44:53,"Due to French electricity system conditions, NGESO is unable to trade on the interconnectors joining GB and France.",2023_08_19-22_54,2023_08_19-22_54-2,Sell,1900,IFA1/BN/NEMO/IFA2/EL,2023-08-20T08:00:00,2023-08-20T09:00:00,2023-08-19T22:40:00,89,34,46.75,40.25,1900,12839,486,250,150,325,689,
2023-08-19T22:44:53,"Due to French electricity system conditions, NGESO is unable to trade on the interconnectors joining GB and France.",2023_08_19-22_54,2023_08_19-22_54-3,Sell,2400,IFA1/BN/NEMO/IFA2/EL,2023-08-20T09:00:00,2023-08-20T10:00:00,2023-08-19T22:40:00,89,6.03,16.58,13,2400,14023,825,425,475,224,451,
2023-08-19T22:44:53,"Due to French electricity system conditions, NGESO is unable to trade on the interconnectors joining GB and France.",2023_08_19-22_54,2023_08_19-22_54-4,Sell,2950,IFA1/BN/NEMO/IFA2/EL,2023-08-20T10:00:00,2023-08-20T11:00:00,2023-08-19T22:40:00,94,-14.3,5.85,-2.06,2950,15825,1301,50,900,25,674,
2023-08-19T22:44:53,"Due to French electricity system conditions, NGESO is unable to trade on the interconnectors joining GB and France.",2023_08_19-22_54,2023_08_19-22_54-5,Sell,3000,IFA1/BN/NEMO/IFA2/EL,2023-08-20T11:00:00,2023-08-20T12:00:00,2023-08-19T22:40:00,88,-31.3,-5.8,-14.04,3000,15775,1287,150,850,25,688,
2023-08-20T09:58:34,"Due to French electricity system conditions, NGESO is unable to trade on the interconnectors joining GB and France. For more information, see this link to French margin graph: https://www.services-rte.com/en/view-data-published-by-rte/balancing-capacities.html#:~:text=RTE%20proposes%20on%20this%20web,best%20hypothesis%20at%20our%20disposal",2023_08_20-09_54,2023_08_20-09_54-1,Sell,2800,IFA1/BN/NEMO/IFA2,2023-08-20T12:00:00,2023-08-20T13:00:00,2023-08-20T09:30:00,75,-143.4,-10,-44.11,2800,8326,1702,234,566,298,,
2023-08-20T09:58:34,"Due to French electricity system conditions, NGESO is unable to trade on the interconnectors joining GB and France. For more information, see this link to French margin graph: https://www.services-rte.com/en/view-data-published-by-rte/balancing-capacities.html#:~:text=RTE%20proposes%20on%20this%20web,best%20hypothesis%20at%20our%20disposal",2023_08_20-09_54,2023_08_20-09_54-2,Sell,2800,IFA1/BN/NEMO/IFA2,2023-08-20T13:00:00,2023-08-20T14:00:00,2023-08-20T09:30:00,65,-84.57,3,-24.88,2800,8678,1500,370,630,300,,
2023-08-20T09:58:34,,2023_08_20-09_54,2023_08_20-09_54-3,Sell,250,IFA1/BN/NEMO/IFA2/EL,2023-08-20T15:00:00,2023-08-20T16:00:00,2023-08-20T09:30:00,70,70.58,70.89,70.7,250,3313,,,,,250,
2023-08-20T13:45:14,,2023_08_20-14_05,2023_08_20-14_05-1,Buy,500,IFA1/BN/NEMO/IFA2,2023-08-20T17:00:00,2023-08-20T18:00:00,2023-08-20T13:40:00,80,120.94,118.06,119.79,500,4348,373,77,50,,,
2023-08-20T13:45:14,,2023_08_20-14_05,2023_08_20-14_05-2,Buy,1000,IFA1/BN/NEMO/IFA2/EL,2023-08-20T18:00:00,2023-08-20T19:00:00,2023-08-20T13:40:00,85,134.07,127.99,131.82,1000,7446,728,,50,100,122,
2023-08-20T13:45:14,,2023_08_20-14_05,2023_08_20-14_05-3,Buy,50,IFA1/NEMO/IFA2/EL,2023-08-20T18:00:00,2023-08-20T19:00:00,2023-08-20T13:40:00,85,134.07,134.07,134.07,50,6302,0,,0,0,50,
2023-08-20T13:45:14,,2023_08_20-14_05,2023_08_20-14_05-4,Buy,750,IFA1/NEMO/IFA2/EL,2023-08-20T19:00:00,2023-08-20T20:00:00,2023-08-20T13:40:00,90,132.99,126.68,130.63,750,6654,402,,50,100,198,
2023-08-20T13:45:14,,2023_08_20-14_05,2023_08_20-14_05-5,Buy,700,IFA1/NEMO/IFA2/EL,2023-08-20T20:00:00,2023-08-20T21:00:00,2023-08-20T13:40:00,80,120,113.53,118.27,700,6954,482,,20,100,98,
2023-08-20T13:45:14,,2023_08_20-14_05,2023_08_20-14_05-6,Buy,2000,IFA1/NEMO/IFA2/EL,2023-08-20T21:00:00,2023-08-20T22:00:00,2023-08-20T13:40:00,75,114.86,104.73,110.56,2000,8247,1180,,50,340,430,
2023-08-20T17:28:54,,2023_08_20-17_18,2023_08_20-17_18-1,Buy,250,IFA1/NEMO/IFA2/EL,2023-08-20T22:00:00,2023-08-20T23:00:00,2023-08-20T17:10:00,70,101.91,99.28,100.26,250,4737,,,,100,150,
2023-08-20T17:28:54,,2023_08_20-17_18,2023_08_20-17_18-2,Buy,850,IFA1/NEMO/IFA2/EL,2023-08-20T23:00:00,2023-08-21T00:00:00,2023-08-20T17:10:00,65,100.56,92.97,96.36,850,6977,,,50,239,561,
2023-08-20T17:28:54,,2023_08_20-17_18,2023_08_20-17_18-3,Buy,700,IFA1/NEMO/IFA2/EL,2023-08-21T00:00:00,2023-08-21T01:00:00,2023-08-20T17:10:00,60,96.13,89.1,92.77,700,7198,,,100,100,500,
2023-08-20T17:28:54,,2023_08_20-17_18,2023_08_20-17_18-4,Buy,700,IFA1/NEMO/IFA2/EL,2023-08-21T01:00:00,2023-08-21T02:00:00,2023-08-20T17:10:00,55,92.59,85.46,89.41,700,7172,,,150,100,450,
2023-08-20T17:28:54,,2023_08_20-17_18,2023_08_20-17_18-5,Buy,650,IFA1/NEMO/IFA2/EL,2023-08-21T02:00:00,2023-08-21T03:00:00,2023-08-20T17:10:00,55,91.04,81.59,86.74,650,7116,,,100,225,325,
2023-08-20T17:28:54,,2023_08_20-17_18,2023_08_20-17_18-6,Buy,800,IFA1/NEMO/IFA2/EL,2023-08-21T03:00:00,2023-08-21T04:00:00,2023-08-20T17:10:00,55,102,94.03,98.93,800,7254,,,150,225,425,
2023-08-20T17:28:54,,2023_08_20-17_18,2023_08_20-17_18-7,Buy,1750,IFA1/NEMO/IFA2/EL,2023-08-21T04:00:00,2023-08-21T05:00:00,2023-08-20T17:10:00,65,126,101.27,117.78,1750,9194,,,150,559,1041,
2023-08-20T17:28:54,,2023_08_20-17_18,2023_08_20-17_18-8,Buy,650,IFA1/NEMO/IFA2/EL,2023-08-21T05:00:00,2023-08-21T06:00:00,2023-08-20T17:10:00,75,126.63,113.28,119.23,650,6741,,,,250,400,
2023-08-21T10:40:29,,2023_08_21-10_59,2023_08_21-10_59-1,Buy,550,IFA2/NEMO,2023-08-21T14:00:00,2023-08-21T15:00:00,2023-08-21T10:35:00,60,94,93.05,93.54,550,5802,,,150,400,,
2023-08-21T10:40:29,,2023_08_21-10_59,2023_08_21-10_59-2,Buy,600,IFA2/EL/NEMO,2023-08-21T15:00:00,2023-08-21T16:00:00,2023-08-21T10:35:00,65,108,105.67,106.81,600,6469,,,30,520,50,
2023-08-21T10:40:29,"Due to French electricity system conditions, NGESO is unable to trade on the interconnectors joining GB and France.",2023_08_21-10_59,2023_08_21-10_59-3,Buy,1250,IFA2/EL/NEMO,2023-08-21T16:00:00,2023-08-21T17:00:00,2023-08-21T10:35:00,80,133,126.8,129.49,1250,11581,,,150,781,319,
2023-08-21T10:40:29,,2023_08_21-10_59,2023_08_21-10_59-4,Buy,2350,IFA2/EL/NEMO,2023-08-21T17:00:00,2023-08-21T18:00:00,2023-08-21T10:35:00,90,175,162.91,170.55,2350,12858,,,115,1599,636,
2023-08-21T14:39:10,,2023_08_21-14_57,2023_08_21-14_57-1,Buy,2450,IFA2/NEMO/EL,2023-08-21T18:00:00,2023-08-21T19:00:00,2023-08-21T14:30:00,90,206.88,164.12,184.76,2450,7269,,,,1550,900,
2023-08-21T14:39:10,,2023_08_21-14_57,2023_08_21-14_57-2,Buy,3000,IFA2/NEMO/EL,2023-08-21T19:00:00,2023-08-21T20:00:00,2023-08-21T14:30:00,85,195.63,145.6,168.27,3000,7267,,,341,1700,959,
2023-08-21T14:39:10,"Due to French electricity system conditions, NGESO is unable to trade on the interconnectors joining GB and France.",2023_08_21-14_57,2023_08_21-14_57-3,Buy,2800,IFA2/NEMO/EL,2023-08-21T20:00:00,2023-08-21T21:00:00,2023-08-21T14:30:00,75,325.41,129.78,168.64,2800,7114,,,1300,1205,295,
2023-08-21T14:39:10,"Due to French electricity system conditions, NGESO is unable to trade on the interconnectors joining GB and France.",2023_08_21-14_57,2023_08_21-14_57-4,Buy,3600,IFA2/NEMO/EL,2023-08-21T21:00:00,2023-08-21T22:00:00,2023-08-21T14:30:00,60,159,112.83,127.57,3600,8205,,,800,1850,950,
2023-08-21T18:34:43,,2023_08_21-19_13,2023_08_21-19_13-1,Buy,500,IFA1/BN/IFA2,2023-08-21T20:00:00,2023-08-21T21:00:00,2023-08-21T18:33:00,83,260.82,216.75,239.06,500,2561,451,,,49,,
2023-08-21T18:34:43,,2023_08_21-19_13,2023_08_21-19_13-2,Buy,500,IFA1/BN/IFA2,2023-08-21T21:00:00,2023-08-21T22:00:00,2023-08-21T18:33:00,67,207.4,174.8,192.52,500,2570,352,148,,,,
2023-08-21T18:34:43,,2023_08_21-19_13,2023_08_21-19_13-3,Buy,500,IFA1/BN/IFA2,2023-08-21T22:00:00,2023-08-21T23:00:00,2023-08-21T18:33:00,71,137.62,112.5,130.32,500,3235,425,25,,50,,
2023-08-21T18:34:43,,2023_08_21-19_13,2023_08_21-19_13-4,Buy,500,IFA1/BN/IFA2,2023-08-21T23:00:00,2023-08-22T00:00:00,2023-08-21T18:33:00,62,120.96,103.51,115.13,500,3258,400,75,,25,,
2023-08-21T18:34:43,,2023_08_21-19_13,2023_08_21-19_13-5,Buy,500,IFA1/BN/IFA2,2023-08-22T00:00:00,2023-08-22T01:00:00,2023-08-21T18:33:00,59,115.73,101.54,111.11,500,3162,350,75,,75,,
2023-08-21T19:34:37,,2023_08_21-19_42,2023_08_21-19_42-1,Buy,2100,IFA1/IFA2/NEMO,2023-08-21T22:00:00,2023-08-21T23:00:00,2023-08-21T19:30:00,71,164.9,134.9,152.16,2100,5738,1165,,300,635,,
2023-08-21T19:34:37,,2023_08_21-19_42,2023_08_21-19_42-2,Buy,2500,IFA1/IFA2/NEMO,2023-08-21T23:00:00,2023-08-22T00:00:00,2023-08-21T19:30:00,63,158.44,122.74,139.56,2500,5853,1635,,300,565,,
2023-08-21T19:34:37,,2023_08_21-19_42,2023_08_21-19_42-3,Buy,2000,IFA1/IFA2/NEMO,2023-08-22T00:00:00,2023-08-22T01:00:00,2023-08-21T19:30:00,59,145.65,115.99,133.84,2000,5653,1483,,,517,,
2023-08-21T19:34:37,,2023_08_21-19_42,2023_08_21-19_42-4,Buy,1200,IFA1/IFA2/NEMO,2023-08-22T01:00:00,2023-08-22T02:00:00,2023-08-21T19:30:00,55,128.55,112.52,121.18,1200,5994,801,,75,324,,
2023-08-21T19:34:37,,2023_08_21-19_42,2023_08_21-19_42-5,Buy,700,IFA1/IFA2/NEMO,2023-08-22T02:00:00,2023-08-22T03:00:00,2023-08-21T19:30:00,54,124.98,92,119.55,700,5673,525,,50,125,,
2023-08-21T19:34:37,,2023_08_21-19_42,2023_08_21-19_42-6,Buy,1300,IFA1/IFA2/NEMO,2023-08-22T03:00:00,2023-08-22T04:00:00,2023-08-21T19:30:00,60,137.28,122.47,131.87,1300,5833,875,,200,225,,
2023-08-21T19:34:37,,2023_08_21-19_42,2023_08_21-19_42-7,Buy,2100,IFA1/IFA2/NEMO/EL,2023-08-22T04:00:00,2023-08-22T05:00:00,2023-08-21T19:30:00,65,163.64,137.14,153.66,2100,6263,1096,,100,304,600,
2023-08-21T19:34:37,,2023_08_21-19_42,2023_08_21-19_42-8,Buy,1200,IFA1/IFA2/NEMO/EL,2023-08-22T05:00:00,2023-08-22T06:00:00,2023-08-21T19:30:00,82,168.65,149.85,160.26,1200,5590,287,,225,224,464,
2023-08-21T19:34:37,,2023_08_21-19_42,2023_08_21-19_42-9,Buy,2400,IFA1/IFA2/NEMO/EL,2023-08-22T06:00:00,2023-08-22T07:00:00,2023-08-21T19:30:00,84,177.27,138.07,164.11,2400,5086,913,,225,540,722,
2023-08-21T19:34:37,,2023_08_21-19_42,2023_08_21-19_42-10,Buy,500,IFA1/IFA2/NEMO/EL,2023-08-22T07:00:00,2023-08-22T08:00:00,2023-08-21T19:30:00,79,119.51,109.54,115.87,500,4509,25,,100,190,185,
2023-08-21T19:34:37,,2023_08_21-19_42,2023_08_21-19_42-11,Buy,250,IFA1/IFA2/NEMO/EL,2023-08-22T08:00:00,2023-08-22T09:00:00,2023-08-21T19:30:00,74,103.31,99.52,101.38,250,3630,25,,125,,100,
2023-08-21T19:34:37,,2023_08_21-19_42,2023_08_21-19_42-12,Buy,500,IFA1/IFA2/NEMO/EL,2023-08-22T09:00:00,2023-08-22T10:00:00,2023-08-21T19:30:00,66,101.23,94.31,97.08,500,4191,25,,238,98,139,
2023-08-21T19:34:37,,2023_08_21-19_42,2023_08_21-19_42-13,Buy,500,IFA1/IFA2/NEMO/EL,2023-08-22T10:00:00,2023-08-22T11:00:00,2023-08-21T19:30:00,64,99.11,92.19,94.26,500,4361,125,,178,50,147,
2023-08-21T19:34:37,,2023_08_21-19_42,2023_08_21-19_42-14,Buy,200,IFA1/IFA2/NEMO/EL,2023-08-22T11:00:00,2023-08-22T12:00:00,2023-08-21T19:30:00,62,91.52,88.68,90.04,200,3138,,,150,,50,
2023-08-22T08:30:33,,2023_08_22-09_01,2023_08_22-09_01-1,Buy,800,IFA1/NEMO/IFA2,2023-08-22T10:00:00,2023-08-22T11:00:00,2023-08-22T08:25:00,50,153.34,136.15,145.7,800,4192,354,,224,222,,
2023-08-22T08:30:33,,2023_08_22-09_01,2023_08_22-09_01-2,Buy,950,IFA1/NEMO/IFA2,2023-08-22T11:00:00,2023-08-22T12:00:00,2023-08-22T08:25:00,50,173.92,134.95,151.31,950,4261,141,,342,467,,
2023-08-22T08:30:33,,2023_08_22-09_01,2023_08_22-09_01-3,Buy,500,IFA1/NEMO/IFA2,2023-08-22T12:00:00,2023-08-22T13:00:00,2023-08-22T08:25:00,50,151.98,136.91,144.85,500,4524,177,,149,174,,
2023-08-22T13:35:08,,2023_08_22-14_01,2023_08_22-14_01-1,Buy,700,NEMO,2023-08-22T15:00:00,2023-08-22T16:00:00,2023-08-22T13:25:00,70,159,138.7,150.96,700,1366,,,700,,,
2023-08-22T13:35:08,"Due to French electricity system conditions, NGESO is unable to trade on the interconnectors joining GB and France.",2023_08_22-14_01,2023_08_22-14_01-2,Buy,1150,IFA1/NEMO/IFA2,2023-08-22T16:00:00,2023-08-22T17:00:00,2023-08-22T13:25:00,80,468.41,329.82,389.47,1150,6772,258,,750,142,,
2023-08-22T13:35:08,"Due to French electricity system conditions, NGESO is unable to trade on the interconnectors joining GB and France.",2023_08_22-14_01,2023_08_22-14_01-3,Buy,1650,IFA1/NEMO/IFA2,2023-08-22T17:00:00,2023-08-22T18:00:00,2023-08-22T13:25:00,95,782.13,468.75,612.65,1650,6565,175,,1250,225,,
2023-08-22T13:35:08,"Due to French electricity system conditions, NGESO is unable to trade on the interconnectors joining GB and France.",2023_08_22-14_01,2023_08_22-14_01-4,Buy,500,IFA1/NEMO/BN,2023-08-22T16:00:00,2023-08-22T17:00:00,2023-08-22T13:25:00,80,468.41,343.24,370.63,500,6359,0,498,2,,,
2023-08-22T13:35:08,"Due to French electricity system conditions, NGESO is unable to trade on the interconnectors joining GB and France.",2023_08_22-14_01,2023_08_22-14_01-5,Buy,100,IFA1/NEMO/BN,2023-08-22T17:00:00,2023-08-22T18:00:00,2023-08-22T13:25:00,95,491.08,482.24,486.66,100,6069,0,100,0,,,
2023-08-22T14:46:40,"Due to French electricity system conditions, NGESO is unable to trade on the interconnectors joining GB and France.",2023_08_22-14_55,2023_08_22-14_55-1,Buy,950,IFA1/NEMO/IFA2/EL,2023-08-22T18:00:00,2023-08-22T19:00:00,2023-08-22T14:30:00,110,766.95,535.46,639.87,950,8687,,,550,75,325,
2023-08-22T14:46:40,,2023_08_22-14_55,2023_08_22-14_55-2,Buy,250,IFA1/NEMO/IFA2/EL,2023-08-22T21:00:00,2023-08-22T22:00:00,2023-08-22T14:30:00,80,178,165,172.68,250,9097,,,51,,199,
2023-08-22T14:46:40,"Due to French electricity system conditions, NGESO is unable to trade on the interconnectors joining GB and France.",2023_08_22-14_55,2023_08_22-14_55-3,Buy,220,IFA1/BN/NEMO/IFA2/EL,2023-08-22T18:00:00,2023-08-22T19:00:00,2023-08-22T14:30:00,110,582,529.32,558.29,220,9857,,220,0,0,0,
2023-08-22T14:46:40,"Due to French electricity system conditions, NGESO is unable to trade on the interconnectors joining GB and France.",2023_08_22-14_55,2023_08_22-14_55-4,Buy,1370,IFA1/BN/NEMO/IFA2/EL,2023-08-22T19:00:00,2023-08-22T20:00:00,2023-08-22T14:30:00,110,494,383.81,451.63,1370,9965,562,534,36,60,178,
2023-08-22T14:46:40,"Due to French electricity system conditions, NGESO is unable to trade on the interconnectors joining GB and France.",2023_08_22-14_55,2023_08_22-14_55-5,Buy,1370,IFA1/BN/NEMO/IFA2/EL,2023-08-22T20:00:00,2023-08-22T21:00:00,2023-08-22T14:30:00,100,387,199,268.83,1370,10091,,768,402,,200,
2023-08-22T14:46:40,,2023_08_22-14_55,2023_08_22-14_55-6,Buy,840,IFA1/BN/NEMO/IFA2/EL,2023-08-22T21:00:00,2023-08-22T22:00:00,2023-08-22T14:30:00,80,262,153.01,195.86,840,10498,,668,172,,0,
2023-08-22T19:55:07,"Due to French electricity system conditions, NGESO is unable to trade on the interconnectors joining GB and France.",2023_08_22-20_22,2023_08_22-20_22-1,Buy,1150,IFA1/IFA2/NEMO,2023-08-22T22:00:00,2023-08-22T23:00:00,2023-08-22T19:50:00,80,126.23,111.64,117.25,1150,4117,700,,150,300,,
2023-08-22T19:55:07,,2023_08_22-20_22,2023_08_22-20_22-2,Buy,1150,IFA1/IFA2/NEMO,2023-08-22T23:00:00,2023-08-23T00:00:00,2023-08-22T19:50:00,80,114.81,105,108.57,1150,5854,800,,100,250,,
2023-08-22T19:55:07,,2023_08_22-20_22,2023_08_22-20_22-3,Buy,1450,IFA1/IFA2/NEMO,2023-08-23T00:00:00,2023-08-23T01:00:00,2023-08-22T19:50:00,70,112.87,98,105.26,1450,6746,894,,200,356,,
2023-08-22T19:55:07,,2023_08_22-20_22,2023_08_22-20_22-4,Buy,1500,IFA1/IFA2/NEMO,2023-08-23T01:00:00,2023-08-23T02:00:00,2023-08-22T19:50:00,70,110.57,94.58,103.14,1500,7100,904,,200,396,,
2023-08-22T21:35:38,"Due to French electricity system conditions, NGESO is unable to trade on the interconnectors joining GB and France.",2023_08_22-21_59,2023_08_22-21_59-1,Buy,300,IFA2/NEMO,2023-08-22T23:00:00,2023-08-23T00:00:00,2023-08-22T21:30:00,80,116.23,113.9,115.08,300,1749,,,,300,,
2023-08-22T21:35:38,"Due to French electricity system conditions, NGESO is unable to trade on the interconnectors joining GB and France.",2023_08_22-21_59,2023_08_22-21_59-2,Buy,300,IFA2/NEMO,2023-08-23T00:00:00,2023-08-23T01:00:00,2023-08-22T21:30:00,70,118.87,101,104.46,300,1956,,,50,250,,
2023-08-22T21:35:38,"Due to French electricity system conditions, NGESO is unable to trade on the interconnectors joining GB and France.",2023_08_22-21_59,2023_08_22-21_59-3,Buy,300,IFA2/NEMO,2023-08-23T01:00:00,2023-08-23T02:00:00,2023-08-22T21:30:00,70,100.74,98.41,99.52,300,2001,,,,300,,
2023-08-22T21:35:38,"Due to French electricity system conditions, NGESO is unable to trade on the interconnectors joining GB and France.",2023_08_22-21_59,2023_08_22-21_59-4,Buy,1850,IFA1/IFA2/NEMO,2023-08-23T02:00:00,2023-08-23T03:00:00,2023-08-22T21:30:00,65,159.27,79,104.99,1850,5835,914,,250,686,,
2023-08-22T21:35:38,,2023_08_22-21_59,2023_08_22-21_59-5,Buy,2000,IFA1/IFA2/NEMO,2023-08-23T03:00:00,2023-08-23T04:00:00,2023-08-22T21:30:00,70,110.26,82,99.51,2000,6370,959,,309,732,,
2023-08-22T21:35:38,"Due to French electricity system conditions, NGESO is unable to trade on the interconnectors joining GB and France.",2023_08_22-21_59,2023_08_22-21_59-6,Buy,2100,IFA1/IFA2/NEMO/EL,2023-08-23T04:00:00,2023-08-23T05:00:00,2023-08-22T21:30:00,75,140,117,130.13,2100,7406,919,,100,298,783,
2023-08-22T21:35:38,,2023_08_22-21_59,2023_08_22-21_59-7,Buy,1850,IFA1/IFA2/NEMO/EL,2023-08-23T05:00:00,2023-08-23T06:00:00,2023-08-22T21:30:00,95,151,135,145.51,1850,7058,808,,100,200,742,
2023-08-23T09:12:34,,2023_08_23-09_36,2023_08_23-09_36-1,Buy,500,BN/NEMO,2023-08-23T11:00:00,2023-08-23T12:00:00,2023-08-23T09:05:00,70,199.24,102.95,145.54,443,457,,,443,,,
2023-08-23T14:33:28,,2023_08_23-14_55,2023_08_23-14_55-1,Buy,1300,IFA1/BN/NEMO/IFA2,2023-08-23T16:00:00,2023-08-23T17:00:00,2023-08-23T14:30:00,105,162.29,143.85,155.12,1300,4100,,399,399,502,,
2023-08-23T14:33:28,,2023_08_23-14_55,2023_08_23-14_55-2,Buy,1500,IFA1/BN/NEMO/IFA2,2023-08-23T17:00:00,2023-08-23T18:00:00,2023-08-23T14:30:00,140,245.65,204.86,226.74,1500,4574,486,,370,644,,
2023-08-23T14:33:28,,2023_08_23-14_55,2023_08_23-14_55-3,Buy,1400,IFA1/BN/NEMO/IFA2/EL,2023-08-23T18:00:00,2023-08-23T19:00:00,2023-08-23T14:30:00,140,214.76,184.45,207.1,1400,11925,305,591,,204,300,
2023-08-23T14:33:28,,2023_08_23-14_55,2023_08_23-14_55-4,Buy,700,IFA1/BN/NEMO/IFA2/EL,2023-08-23T19:00:00,2023-08-23T20:00:00,2023-08-23T14:30:00,120,193,167.57,187.14,700,11906,10,497,,9,184,
2023-08-23T14:33:28,,2023_08_23-14_55,2023_08_23-14_55-5,Buy,1400,IFA1/BN/NEMO/IFA2/EL,2023-08-23T20:00:00,2023-08-23T21:00:00,2023-08-23T14:30:00,100,143.9,126.35,140.41,1400,11731,315,446,316,0,323,
2023-08-23T14:33:28,,2023_08_23-14_55,2023_08_23-14_55-6,Buy,300,IFA1/BN/NEMO/IFA2/EL,2023-08-23T21:00:00,2023-08-23T22:00:00,2023-08-23T14:30:00,80,129.3,119.25,125.62,300,12003,0,250,50,0,0,
2023-08-23T14:33:28,,2023_08_23-14_55,2023_08_23-14_55-7,Buy,550,IFA1/IFA2,2023-08-23T17:00:00,2023-08-23T18:00:00,2023-08-23T14:30:00,140,204.86,181.2,194.26,550,1916,49,,,501,,
2023-08-23T14:33:28,,2023_08_23-14_55,2023_08_23-14_55-8,Buy,1050,IFA1/IFA2/EL,2023-08-23T18:00:00,2023-08-23T19:00:00,2023-08-23T14:30:00,140,206.13,191.05,197.01,1050,8542,275,,,150,625,
2023-08-23T14:33:28,,2023_08_23-14_55,2023_08_23-14_55-9,Buy,1200,IFA1/IFA2/EL,2023-08-23T19:00:00,2023-08-23T20:00:00,2023-08-23T14:30:00,120,190.4,178.25,184.48,1200,8514,275,,,150,775,
2023-08-23T14:33:28,,2023_08_23-14_55,2023_08_23-14_55-10,Buy,800,IFA1/IFA2/EL,2023-08-23T20:00:00,2023-08-23T21:00:00,2023-08-23T14:30:00,100,138.58,130.49,134.73,800,8613,150,,,150,500,
2023-08-23T14:33:28,,2023_08_23-14_55,2023_08_23-14_55-11,Buy,1950,IFA1/IFA2/EL,2023-08-23T21:00:00,2023-08-23T22:00:00,2023-08-23T14:30:00,80,135.1,118.55,128.06,1950,8746,886,,,250,814,
2023-08-23T18:47:28,,2023_08_23-19_07,2023_08_23-19_07-1,Buy,200,IFA1/IFA2/EL/NEMO,2023-08-23T23:00:00,2023-08-24T00:00:00,2023-08-23T18:40:00,75,111.19,108.27,110.6,200,4203,,,160,40,,
2023-08-23T18:47:28,,2023_08_23-19_07,2023_08_23-19_07-2,Buy,350,IFA1/IFA2/EL/NEMO,2023-08-24T00:00:00,2023-08-24T01:00:00,2023-08-23T18:40:00,65,106.25,104.64,105.41,350,4985,100,,25,25,200,
2023-08-23T18:47:28,,2023_08_23-19_07,2023_08_23-19_07-3,Buy,550,IFA1/IFA2/EL/NEMO,2023-08-24T01:00:00,2023-08-24T02:00:00,2023-08-23T18:40:00,65,105.18,98.95,102.32,550,5310,0,,50,150,350,
2023-08-23T18:47:28,,2023_08_23-19_07,2023_08_23-19_07-4,Buy,300,IFA1/IFA2/EL/NEMO,2023-08-24T02:00:00,2023-08-24T03:00:00,2023-08-23T18:40:00,60,94,92,92.53,300,4262,170,,,100,30,
2023-08-23T18:47:28,,2023_08_23-19_07,2023_08_23-19_07-5,Buy,650,IFA1/IFA2/EL/NEMO,2023-08-24T03:00:00,2023-08-24T04:00:00,2023-08-23T18:40:00,65,104.15,95,100.56,650,5804,0,,,180,470,
2023-08-23T18:47:28,,2023_08_23-19_07,2023_08_23-19_07-6,Buy,550,IFA1/IFA2/EL/NEMO,2023-08-24T04:00:00,2023-08-24T05:00:00,2023-08-23T18:40:00,75,129.92,123.51,127.15,550,5725,0,,125,75,350,
2023-08-23T18:47:28,,2023_08_23-19_07,2023_08_23-19_07-7,Buy,500,IFA1/IFA2/EL/NEMO,2023-08-24T05:00:00,2023-08-24T06:00:00,2023-08-23T18:40:00,100,138.65,126.42,132.45,500,5580,0,,425,0,75,
2023-08-23T18:47:28,,2023_08_23-19_07,2023_08_23-19_07-8,Buy,100,IFA1/IFA2/EL,2023-08-24T00:00:00,2023-08-24T01:00:00,2023-08-23T18:40:00,65,104.64,101.15,102.64,100,3988,100,,,0,0,
2023-08-23T18:47:28,,2023_08_23-19_07,2023_08_23-19_07-9,Buy,400,IFA1/IFA2/EL,2023-08-24T01:00:00,2023-08-24T02:00:00,2023-08-23T18:40:00,65,99.74,98,98.82,400,4263,200,,,0,200,
2023-08-23T18:47:28,,2023_08_23-19_07,2023_08_23-19_07-10,Buy,350,IFA1/IFA2/EL,2023-08-24T03:00:00,2023-08-24T04:00:00,2023-08-23T18:40:00,65,97,93,94.14,350,4507,200,,,100,50,
2023-08-23T18:47:28,,2023_08_23-19_07,2023_08_23-19_07-11,Buy,400,IFA1/IFA2/EL,2023-08-24T04:00:00,2023-08-24T05:00:00,2023-08-23T18:40:00,75,125.64,122,123.35,400,4528,200,,,175,25,
2023-08-23T18:47:28,,2023_08_23-19_07,2023_08_23-19_07-12,Buy,650,IFA1/IFA2/EL,2023-08-24T05:00:00,2023-08-24T06:00:00,2023-08-23T18:40:00,100,138.65,101.81,135.75,650,4433,200,,,228,222,
2023-08-24T00:54:15,,2023_08_24-01_29,2023_08_24-01_29-1,Buy,200,IFA2/NEMO,2023-08-24T06:00:00,2023-08-24T07:00:00,2023-08-24T00:50:00,105,117.3,113.9,115.6,200,3578,,,200,,,
2023-08-24T00:54:15,,2023_08_24-01_29,2023_08_24-01_29-2,Buy,950,BN/IFA2/NEMO,2023-08-24T06:00:00,2023-08-24T07:00:00,2023-08-24T00:50:00,105,124.95,114.26,119.75,950,5732,,850,100,,,
2023-08-24T13:12:49,"Due to French electricity system conditions, NGESO is unable to trade on the interconnectors joining GB and France.",2023_08_24-13_28,2023_08_24-13_28-1,Buy,200,IFA1/IFA2/NEMO,2023-08-24T17:00:00,2023-08-24T18:00:00,2023-08-24T13:05:00,160,187.07,183.35,186.64,200,5300,7,,0,193,,
2023-08-24T13:12:49,"Due to French electricity system conditions, NGESO is unable to trade on the interconnectors joining GB and France.",2023_08_24-13_28,2023_08_24-13_28-2,Buy,300,IFA1/IFA2/NEMO/EL,2023-08-24T18:00:00,2023-08-24T19:00:00,2023-08-24T13:05:00,155,173.8,172.08,172.61,300,9568,93,,0,200,7,
2023-08-24T13:12:49,"Due to French electricity system conditions, NGESO is unable to trade on the interconnectors joining GB and France.",2023_08_24-13_28,2023_08_24-13_28-3,Buy,1200,IFA1/IFA2/NEMO/BN,2023-08-24T15:00:00,2023-08-24T16:00:00,2023-08-24T13:05:00,100,115.11,105.71,110.38,1200,3608,210,488,212,290,,
2023-08-24T13:12:49,"Due to French electricity system conditions, NGESO is unable to trade on the interconnectors joining GB and France.",2023_08_24-13_28,2023_08_24-13_28-4,Buy,1700,IFA1/IFA2/NEMO/BN,2023-08-24T16:00:00,2023-08-24T17:00:00,2023-08-24T13:05:00,130,152,142.64,147.13,1700,5594,171,850,350,329,,
2023-08-24T13:12:49,"Due to French electricity system conditions, NGESO is unable to trade on the interconnectors joining GB and France.",2023_08_24-13_28,2023_08_24-13_28-5,Buy,1200,IFA1/IFA2/NEMO/BN,2023-08-24T17:00:00,2023-08-24T18:00:00,2023-08-24T13:05:00,160,194.43,187.07,191.98,1200,6454,176,580,320,124,,
2023-08-24T13:12:49,"Due to French electricity system conditions, NGESO is unable to trade on the interconnectors joining GB and France.",2023_08_24-13_28,2023_08_24-13_28-6,Buy,1500,IFA1/IFA2/NEMO/BN/EL,2023-08-24T18:00:00,2023-08-24T19:00:00,2023-08-24T13:05:00,155,179.73,173.8,177.47,1500,10725,157,820,480,0,43,
2023-08-24T13:12:49,,2023_08_24-13_28,2023_08_24-13_28-7,Buy,500,IFA1/IFA2/NEMO/BN/EL,2023-08-24T19:00:00,2023-08-24T20:00:00,2023-08-24T13:05:00,130,135,126.41,132.74,500,7706,76,124,,200,100,
2023-08-24T13:12:49,,2023_08_24-13_28,2023_08_24-13_28-8,Buy,500,IFA1/IFA2/NEMO/BN/EL,2023-08-24T20:00:00,2023-08-24T21:00:00,2023-08-24T13:05:00,105,120.54,108.51,115.31,500,7388,,123,200,100,77,
2023-08-24T19:35:48,,2023_08_24-19_52,2023_08_24-19_52-1,Buy,350,IFA1/IFA2/NEMO,2023-08-24T22:00:00,2023-08-24T23:00:00,2023-08-24T19:30:00,75,104.87,98.13,102.82,350,4347,233,,30,87,,
2023-08-24T19:35:48,,2023_08_24-19_52,2023_08_24-19_52-2,Buy,1400,IFA1/IFA2/NEMO,2023-08-24T23:00:00,2023-08-25T00:00:00,2023-08-24T19:30:00,65,96,88,93.54,1400,5914,923,,327,150,,
2023-08-24T19:35:48,,2023_08_24-19_52,2023_08_24-19_52-3,Buy,1600,IFA1/IFA2/NEMO,2023-08-25T00:00:00,2023-08-25T01:00:00,2023-08-24T19:30:00,60,97,87,94.25,1600,6150,1098,,250,252,,
2023-08-24T19:35:48,,2023_08_24-19_52,2023_08_24-19_52-4,Buy,1650,IFA1/IFA2/NEMO,2023-08-25T01:00:00,2023-08-25T02:00:00,2023-08-24T19:30:00,60,98,88,95.21,1650,6254,1025,,300,325,,
2023-08-24T19:35:48,,2023_08_24-19_52,2023_08_24-19_52-5,Buy,1650,IFA1/IFA2/NEMO,2023-08-25T02:00:00,2023-08-25T03:00:00,2023-08-24T19:30:00,60,99,89,96.4,1650,6270,1125,,300,225,,
2023-08-24T19:35:48,,2023_08_24-19_52,2023_08_24-19_52-6,Buy,1650,IFA1/IFA2/NEMO,2023-08-25T03:00:00,2023-08-25T04:00:00,2023-08-24T19:30:00,60,104.79,94,101.49,1650,6251,1051,,350,249,,
2023-08-24T19:35:48,,2023_08_24-19_52,2023_08_24-19_52-7,Buy,1650,IFA1/IFA2/NEMO/EL,2023-08-25T04:00:00,2023-08-25T05:00:00,2023-08-24T19:30:00,70,121,113,118.01,1650,7470,876,,300,174,300,
2023-08-24T19:35:48,,2023_08_24-19_52,2023_08_24-19_52-8,Buy,1100,IFA1/IFA2/NEMO/EL,2023-08-25T05:00:00,2023-08-25T06:00:00,2023-08-24T19:30:00,90,125,119.65,123.13,1100,6829,600,,100,100,300,
2023-08-24T23:42:47,,2023_08_25-00_09,2023_08_25-00_09-1,Buy,150,IFA1/IFA2/BN/NEMO/EL,2023-08-25T07:00:00,2023-08-25T08:00:00,2023-08-24T23:40:00,90,115.15,115.15,115.15,150,3916,,,,,150,
2023-08-24T23:42:47,,2023_08_25-00_09,2023_08_25-00_09-2,Buy,400,IFA1/IFA2/BN/NEMO/EL,2023-08-25T08:00:00,2023-08-25T09:00:00,2023-08-24T23:40:00,85,105.58,102.07,104.18,400,6378,100,130,,9,161,
2023-08-24T23:42:47,,2023_08_25-00_09,2023_08_25-00_09-3,Buy,550,IFA1/IFA2/BN/NEMO/EL,2023-08-25T09:00:00,2023-08-25T10:00:00,2023-08-24T23:40:00,80,98.04,92.88,96.93,550,7306,100,345,,3,102,
2023-08-24T23:42:47,,2023_08_25-00_09,2023_08_25-00_09-4,Buy,200,IFA1/IFA2/BN/NEMO/EL,2023-08-25T10:00:00,2023-08-25T11:00:00,2023-08-24T23:40:00,75,86.9,85.68,85.85,200,5111,28,,,,172,
2023-08-24T23:42:47,,2023_08_25-00_09,2023_08_25-00_09-5,Buy,400,IFA1/IFA2/BN/NEMO/EL,2023-08-25T11:00:00,2023-08-25T12:00:00,2023-08-24T23:40:00,70,87.33,86.11,86.67,400,6838,25,200,,3,172,
2023-08-25T13:29:53,,2023_08_25-13_41,2023_08_25-13_41-1,Buy,1200,IFA1/BN/NEMO/IFA2,2023-08-25T16:00:00,2023-08-25T17:00:00,2023-08-25T13:25:00,90,92,85.15,89.22,1200,6154,788,,,412,,
2023-08-25T13:29:53,,2023_08_25-13_41,2023_08_25-13_41-2,Buy,450,IFA1/BN/NEMO/IFA2,2023-08-25T17:00:00,2023-08-25T18:00:00,2023-08-25T13:25:00,105,123.12,119.65,121.07,450,6741,16,175,160,99,,
2023-08-25T13:29:53,,2023_08_25-13_41,2023_08_25-13_41-3,Buy,550,IFA1/IFA2/NEMO,2023-08-25T17:00:00,2023-08-25T18:00:00,2023-08-25T13:25:00,105,127.64,123.51,126,550,4738,336,,66,148,,
2023-08-25T13:29:53,,2023_08_25-13_41,2023_08_25-13_41-4,Buy,1700,IFA1/IFA2/EL/NEMO,2023-08-25T18:00:00,2023-08-25T19:00:00,2023-08-25T13:25:00,110,124,114.71,121.55,1700,8187,868,,,459,373,
2023-08-25T13:29:53,,2023_08_25-13_41,2023_08_25-13_41-5,Buy,1600,IFA1/IFA2/EL/NEMO,2023-08-25T19:00:00,2023-08-25T20:00:00,2023-08-25T13:25:00,100,113.5,106.59,111.37,1600,8724,793,,603,109,95,
2023-08-25T13:29:53,,2023_08_25-13_41,2023_08_25-13_41-6,Buy,1350,IFA1/IFA2/EL/NEMO,2023-08-25T20:00:00,2023-08-25T21:00:00,2023-08-25T13:25:00,90,108.31,96.11,104.55,1350,8695,327,,923,100,,
2023-08-25T13:29:53,,2023_08_25-13_41,2023_08_25-13_41-7,Buy,1250,IFA1/IFA2/EL/NEMO,2023-08-25T21:00:00,2023-08-25T22:00:00,2023-08-25T13:25:00,80,96.7,90.8,94.52,1250,8740,261,,800,91,98,
2023-08-26T09:50:18,,2023_08_26-10_17,2023_08_26-10_17-1,Sell,150,IFA1/IFA2/NEMO,2023-08-26T12:00:00,2023-08-26T13:00:00,2023-08-26T09:45:00,90,50.24,57.04,52.5,150,2914,75,,,75,,
2023-08-26T09:50:18,,2023_08_26-10_17,2023_08_26-10_17-2,Sell,250,IFA1/IFA2/NEMO,2023-08-26T13:00:00,2023-08-26T14:00:00,2023-08-26T09:45:00,90,61.32,65.55,62.31,250,3068,200,,,50,,
2023-08-26T09:50:18,,2023_08_26-10_17,2023_08_26-10_17-3,Sell,250,IFA1/IFA2/NEMO/BN,2023-08-26T12:00:00,2023-08-26T13:00:00,2023-08-26T09:45:00,90,48.07,50.24,49.64,250,3414,125,,,125,,
2023-08-26T09:50:18,,2023_08_26-10_17,2023_08_26-10_17-4,Sell,450,IFA1/IFA2/NEMO/BN,2023-08-26T13:00:00,2023-08-26T14:00:00,2023-08-26T09:45:00,90,58.56,61.22,59.84,450,3568,224,,,226,,
2023-08-26T16:44:51,,2023_08_26-17_13,2023_08_26-17_13-1,Buy,400,IFA1/IFA2/NEMO/BN,2023-08-26T19:00:00,2023-08-26T20:00:00,2023-08-26T16:40:00,90,100.31,93.83,98.45,400,2785,78,172,84,66,,
2023-08-26T16:44:51,,2023_08_26-17_13,2023_08_26-17_13-2,Buy,400,IFA1/IFA2/NEMO/BN,2023-08-26T20:00:00,2023-08-26T21:00:00,2023-08-26T16:40:00,85,99.33,90.48,98.04,400,2991,99,59,194,48,,
2023-08-26T16:44:51,,2023_08_26-17_13,2023_08_26-17_13-3,Buy,500,IFA1/IFA2/NEMO/BN,2023-08-26T21:00:00,2023-08-26T22:00:00,2023-08-26T16:40:00,75,91.82,64,88.12,500,3117,59,59,298,84,,
2023-08-27T00:02:11,,2023_08_27-00_19,2023_08_27-00_19-1,Sell,600,IFA1/BN/NEMO/IFA2/EL,2023-08-27T06:00:00,2023-08-27T07:00:00,2023-08-26T23:55:00,105,61.37,66.31,64.2,600,6695,75,200,,100,225,
2023-08-27T00:02:11,,2023_08_27-00_19,2023_08_27-00_19-2,Sell,500,IFA1/BN/NEMO/IFA2/EL,2023-08-27T07:00:00,2023-08-27T08:00:00,2023-08-26T23:55:00,105,59.62,62.22,60.64,500,6795,25,25,65,85,300,
2023-08-27T00:02:11,,2023_08_27-00_19,2023_08_27-00_19-3,Sell,1100,IFA1/BN/NEMO/IFA2/EL,2023-08-27T08:00:00,2023-08-27T09:00:00,2023-08-26T23:55:00,105,54.06,74.41,55.9,1100,8417,200,350,350,50,150,
2023-08-27T00:02:11,,2023_08_27-00_19,2023_08_27-00_19-4,Sell,600,IFA1/BN/NEMO/IFA2/EL,2023-08-27T09:00:00,2023-08-27T10:00:00,2023-08-26T23:55:00,100,52.64,58.63,55.31,600,7104,260,,200,120,20,
2023-08-27T00:02:11,,2023_08_27-00_19,2023_08_27-00_19-5,Sell,800,IFA1/BN/NEMO/IFA2/EL,2023-08-27T10:00:00,2023-08-27T11:00:00,2023-08-26T23:55:00,95,46.06,53.89,48.75,800,6742,233,25,50,100,392,
2023-08-27T00:02:11,,2023_08_27-00_19,2023_08_27-00_19-6,Sell,1200,IFA1/BN/NEMO/IFA2/EL,2023-08-27T11:00:00,2023-08-27T12:00:00,2023-08-26T23:55:00,95,40.82,53.89,44.94,1200,7432,390,25,50,300,435,
2023-08-27T15:05:43,,2023_08_27-15_30,2023_08_27-15_30-1,Buy,400,BN/NEMO/IFA2,2023-08-27T19:00:00,2023-08-27T20:00:00,2023-08-27T15:00:00,90,104.77,102.97,103.6,400,3412,,75,320,5,,
2023-08-28T00:12:59,,2023_08_28-00_23,2023_08_28-00_23-1,Buy,50,IFA1/IFA2/BN/NEMO/EL,2023-08-28T06:00:00,2023-08-28T07:00:00,2023-08-27T23:50:00,75,107.21,107.21,107.21,50,4578,50,,,,,
2023-08-28T00:12:59,,2023_08_28-00_23,2023_08_28-00_23-2,Buy,700,IFA1/IFA2/BN/NEMO/EL,2023-08-28T07:00:00,2023-08-28T08:00:00,2023-08-27T23:50:00,75,110.32,104.63,107.62,700,5782,391,100,50,9,150,
2023-08-28T00:12:59,,2023_08_28-00_23,2023_08_28-00_23-3,Buy,100,IFA1/IFA2/BN/NEMO/EL,2023-08-28T08:00:00,2023-08-28T09:00:00,2023-08-27T23:50:00,65,90.01,90.01,90.01,100,4758,,100,,,,
2023-08-28T00:12:59,,2023_08_28-00_23,2023_08_28-00_23-4,Buy,200,IFA1/IFA2/BN/NEMO/EL,2023-08-28T09:00:00,2023-08-28T10:00:00,2023-08-27T23:50:00,65,87.43,85.71,86.66,200,4840,60,100,40,,,
2023-08-28T00:12:59,,2023_08_28-00_23,2023_08_28-00_23-5,Buy,300,IFA1/IFA2/BN/NEMO/EL,2023-08-28T10:00:00,2023-08-28T11:00:00,2023-08-27T23:50:00,65,93.96,85.71,88.09,300,5289,,200,91,9,,
2023-08-28T00:12:59,,2023_08_28-00_23,2023_08_28-00_23-6,Buy,0,IFA1/IFA2/BN/NEMO/EL,2023-08-28T11:00:00,2023-08-28T12:00:00,2023-08-27T23:50:00,65,0,0,0,0,4522,,,,,,
2023-08-28T11:34:07,,2023_08_28-11_56,2023_08_28-11_56-1,Buy,850,IFA1/BN/NEMO/IFA2/EL,2023-08-28T16:00:00,2023-08-28T17:00:00,2023-08-28T11:30:00,80,116.62,109.85,115.16,520,11502,321,,,99,100,
2023-08-28T11:34:07,,2023_08_28-11_56,2023_08_28-11_56-2,Buy,1450,IFA1/BN/NEMO/IFA2/EL,2023-08-28T17:00:00,2023-08-28T18:00:00,2023-08-28T11:30:00,100,145.41,132.91,138.1,1120,10494,520,99,50,265,186,
2023-08-28T11:34:07,,2023_08_28-11_56,2023_08_28-11_56-3,Buy,1550,IFA1/BN/NEMO/IFA2/EL,2023-08-28T18:00:00,2023-08-28T19:00:00,2023-08-28T11:30:00,100,148.78,132.95,140.78,1220,11154,350,192,50,410,218,
2023-08-28T11:34:07,,2023_08_28-11_56,2023_08_28-11_56-4,Buy,1150,IFA1/BN/NEMO/IFA2/EL,2023-08-28T19:00:00,2023-08-28T20:00:00,2023-08-28T11:30:00,95,136.6,128.5,133.52,820,10397,190,130,50,302,148,
2023-08-28T11:34:07,,2023_08_28-11_56,2023_08_28-11_56-5,Buy,1050,IFA1/BN/NEMO/IFA2/EL,2023-08-28T20:00:00,2023-08-28T21:00:00,2023-08-28T11:30:00,85,117.76,107,115.37,720,11445,353,50,,217,100,
2023-08-28T11:34:07,,2023_08_28-11_56,2023_08_28-11_56-6,Buy,550,IFA1/BN/NEMO/IFA2/EL,2023-08-28T21:00:00,2023-08-28T22:00:00,2023-08-28T11:30:00,70,97.12,91.88,94.81,220,11751,,170,50,,,
2023-08-28T18:35:11,,2023_08_28-18_46,2023_08_28-18_46-1,Buy,800,IFA1/NEMO/IFA2/EL,2023-08-28T22:00:00,2023-08-28T23:00:00,2023-08-28T18:30:00,70,96.8,90.41,94.55,800,4525,273,,25,74,428,
2023-08-28T18:35:11,,2023_08_28-18_46,2023_08_28-18_46-2,Buy,650,IFA1/NEMO/IFA2/EL,2023-08-28T23:00:00,2023-08-29T00:00:00,2023-08-28T18:30:00,65,92.16,87.94,89.91,650,4545,348,,,,302,
2023-08-28T18:35:11,,2023_08_28-18_46,2023_08_28-18_46-3,Buy,750,IFA1/NEMO/IFA2/EL,2023-08-29T00:00:00,2023-08-29T01:00:00,2023-08-28T18:30:00,60,90.32,86.18,88.49,750,5666,350,,,,400,
2023-08-28T18:35:11,,2023_08_28-18_46,2023_08_28-18_46-4,Buy,650,IFA1/NEMO/IFA2/EL,2023-08-29T01:00:00,2023-08-29T02:00:00,2023-08-28T18:30:00,60,86,79.59,83.39,650,5414,423,,,7,220,
2023-08-28T18:35:11,,2023_08_28-18_46,2023_08_28-18_46-5,Buy,350,IFA1/NEMO/IFA2/EL,2023-08-29T02:00:00,2023-08-29T03:00:00,2023-08-28T18:30:00,60,81.27,77.44,80.04,350,5109,199,,,,151,
2023-08-28T18:35:11,,2023_08_28-18_46,2023_08_28-18_46-6,Buy,1350,IFA1/NEMO/IFA2/EL,2023-08-29T03:00:00,2023-08-29T04:00:00,2023-08-28T18:30:00,60,91.74,80.79,87.72,1350,6675,472,,,313,565,
2023-08-28T18:35:11,,2023_08_28-18_46,2023_08_28-18_46-7,Buy,2300,IFA1/NEMO/IFA2/EL,2023-08-29T04:00:00,2023-08-29T05:00:00,2023-08-28T18:30:00,70,116.11,100.87,110.57,2300,7681,677,,,299,1324,
2023-08-28T18:35:11,,2023_08_28-18_46,2023_08_28-18_46-8,Buy,2400,IFA1/NEMO/IFA2/EL,2023-08-29T05:00:00,2023-08-29T06:00:00,2023-08-28T18:30:00,75,133.94,110.71,124.08,2400,7646,676,,100,420,1204,
2023-08-28T18:35:11,,2023_08_28-18_46,2023_08_28-18_46-9,Buy,1450,IFA1/NEMO/IFA2/EL,2023-08-29T06:00:00,2023-08-29T07:00:00,2023-08-28T18:30:00,95,139.6,122.26,134.89,1450,6998,679,,160,118,493,
2023-08-28T23:08:30,,2023_08_28-23_38,2023_08_28-23_38-1,Buy,1000,IFA1/BN/NEMO/IFA2/EL,2023-08-29T07:00:00,2023-08-29T08:00:00,2023-08-28T23:05:00,90,117.72,111.53,115.68,900,9276,54,440,,306,100,
2023-08-28T23:08:30,,2023_08_28-23_38,2023_08_28-23_38-2,Buy,500,IFA1/BN/NEMO/IFA2/EL,2023-08-29T08:00:00,2023-08-29T09:00:00,2023-08-28T23:05:00,80,97,95.31,96.11,400,7706,100,90,,210,,
2023-08-29T00:02:27,,2023_08_29-00_33,2023_08_29-00_33-1,Buy,150,IFA1/NEMO/IFA2/EL,2023-08-29T09:00:00,2023-08-29T10:00:00,2023-08-28T23:55:00,75,89,82.58,85.17,150,2045,81,,,69,,
2023-08-29T00:02:27,,2023_08_29-00_33,2023_08_29-00_33-2,Buy,150,IFA1/NEMO/IFA2/EL,2023-08-29T10:00:00,2023-08-29T11:00:00,2023-08-28T23:55:00,70,82.58,80.82,81.7,150,2067,150,,,,,
2023-08-29T00:02:27,,2023_08_29-00_33,2023_08_29-00_33-3,Buy,200,IFA1/NEMO/IFA2/EL,2023-08-29T11:00:00,2023-08-29T12:00:00,2023-08-28T23:55:00,65,85.82,79.94,83.24,200,2567,74,,,20,106,
2023-08-29T14:29:17,,2023_08_29-14_55,2023_08_29-14_55-1,Buy,300,IFA1/NEMO/IFA2,2023-08-29T17:00:00,2023-08-29T18:00:00,2023-08-29T14:25:00,95,112.42,105.97,110.03,300,2262,203,,0,97,,
2023-08-29T14:29:17,,2023_08_29-14_55,2023_08_29-14_55-2,Buy,500,IFA1/NEMO/IFA2/EL,2023-08-29T18:00:00,2023-08-29T19:00:00,2023-08-29T14:25:00,95,113.34,107.17,110.55,500,6080,302,,,0,198,
2023-08-29T14:29:17,,2023_08_29-14_55,2023_08_29-14_55-3,Buy,300,IFA1/NEMO/IFA2/EL,2023-08-29T19:00:00,2023-08-29T20:00:00,2023-08-29T14:25:00,90,111.07,108.07,109.63,300,5419,201,,,49,50,
2023-08-29T14:29:17,,2023_08_29-14_55,2023_08_29-14_55-4,Buy,200,IFA1/IFA2/EL,2023-08-29T20:00:00,2023-08-29T21:00:00,2023-08-29T14:25:00,80,99.01,96.82,98.36,200,3263,150,,,,50,
2023-08-29T14:29:17,,2023_08_29-14_55,2023_08_29-14_55-5,Buy,1000,IFA1/NEMO/IFA2/EL,2023-08-29T21:00:00,2023-08-29T22:00:00,2023-08-29T14:25:00,65,92.11,89.08,91.17,1000,6659,800,,,,200,
2023-08-29T14:29:17,,2023_08_29-14_55,2023_08_29-14_55-6,Buy,100,IFA1/BN/NEMO/IFA2,2023-08-29T16:00:00,2023-08-29T17:00:00,2023-08-29T14:25:00,80,93.53,92.45,93,100,3336,60,0,0,40,,
2023-08-29T14:29:17,,2023_08_29-14_55,2023_08_29-14_55-7,Buy,300,IFA1/BN/NEMO/IFA2,2023-08-29T17:00:00,2023-08-29T18:00:00,2023-08-29T14:25:00,95,116.47,112.42,114.48,300,3940,210,41,0,49,,
2023-08-29T14:29:17,,2023_08_29-14_55,2023_08_29-14_55-8,Buy,500,IFA1/BN/NEMO/IFA2/EL,2023-08-29T18:00:00,2023-08-29T19:00:00,2023-08-29T14:25:00,95,115.79,113.34,114.41,500,7323,339,,,50,111,
2023-08-29T14:29:17,,2023_08_29-14_55,2023_08_29-14_55-9,Buy,200,IFA1/BN/NEMO/IFA2/EL,2023-08-29T19:00:00,2023-08-29T20:00:00,2023-08-29T14:25:00,90,112.42,111.07,111.57,200,6607,152,,,0,48,
2023-08-29T14:29:17,,2023_08_29-14_55,2023_08_29-14_55-10,Buy,1000,IFA1/BN/NEMO/IFA2,2023-08-29T16:00:00,2023-08-29T17:00:00,2023-08-29T14:25:00,80,100.64,93.53,97.95,1000,3336,226,109,149,516,,
2023-08-29T14:29:17,,2023_08_29-14_55,2023_08_29-14_55-11,Buy,1000,IFA1/BN/NEMO/IFA2,2023-08-29T17:00:00,2023-08-29T18:00:00,2023-08-29T14:25:00,95,126,116.47,121.26,1000,3940,225,243,70,462,,
2023-08-29T21:52:27,,2023_08_29-22_17,2023_08_29-22_17-1,Buy,650,NEMO,2023-08-30T06:00:00,2023-08-30T07:00:00,2023-08-29T21:50:00,90,122.99,117,121.1,650,4816,,,650,,,
2023-08-30T17:03:38,,2023_08_30-17_36,2023_08_30-17_36-1,Buy,300,IFA1/NEMO/IFA2/EL,2023-08-31T00:00:00,2023-08-31T01:00:00,2023-08-30T17:00:00,60,83.66,81.35,83.29,300,3897,180,,,,120,
2023-08-30T17:03:38,,2023_08_30-17_36,2023_08_30-17_36-2,Buy,300,IFA1/NEMO/IFA2/EL,2023-08-31T04:00:00,2023-08-31T05:00:00,2023-08-30T17:00:00,70,96.87,91.49,95.5,300,4151,140,,20,,140,
2023-08-30T17:03:38,,2023_08_30-17_36,2023_08_30-17_36-3,Buy,600,IFA1/NEMO/IFA2/EL,2023-08-31T05:00:00,2023-08-31T06:00:00,2023-08-30T17:00:00,80,102.69,99.03,100.97,600,5817,307,,,,293,
2023-08-31T13:01:25,,2023_08_31-13_22,2023_08_31-13_22-1,Buy,400,IFA1/BN/NEMO/IFA2,2023-08-31T15:00:00,2023-08-31T16:00:00,2023-08-31T12:55:00,70,91.11,87.61,89.95,400,1286,197,52,54,97,,
2023-08-31T13:01:25,,2023_08_31-13_22,2023_08_31-13_22-2,Buy,500,IFA1/BN/NEMO/IFA2,2023-08-31T16:00:00,2023-08-31T17:00:00,2023-08-31T12:55:00,80,102.46,100.35,101.82,500,2966,67,76,225,132,,
2023-08-31T13:01:25,,2023_08_31-13_22,2023_08_31-13_22-3,Buy,500,IFA1/BN/NEMO/IFA2,2023-08-31T17:00:00,2023-08-31T18:00:00,2023-08-31T12:55:00,90,118.47,111.6,113.83,500,3638,161,123,,216,,
2023-08-31T13:01:25,,2023_08_31-13_22,2023_08_31-13_22-4,Buy,1000,IFA1/BN/NEMO/IFA2/EL,2023-08-31T18:00:00,2023-08-31T19:00:00,2023-08-31T12:55:00,90,117.85,114.23,116.28,1000,8536,488,197,,75,240,
2023-08-31T13:01:25,,2023_08_31-13_22,2023_08_31-13_22-5,Buy,1000,IFA1/BN/NEMO/IFA2/EL,2023-08-31T19:00:00,2023-08-31T20:00:00,2023-08-31T12:55:00,85,103.92,100.36,102.33,1000,8003,425,210,100,75,190,
2023-08-31T13:01:25,,2023_08_31-13_22,2023_08_31-13_22-6,Buy,1000,IFA1/BN/NEMO/IFA2/EL,2023-08-31T20:00:00,2023-08-31T21:00:00,2023-08-31T12:55:00,75,94.08,91.38,92.91,1000,8117,424,129,175,124,148,
2023-08-31T13:01:25,,2023_08_31-13_22,2023_08_31-13_22-7,Buy,300,IFA1/BN/NEMO/IFA2/EL,2023-08-31T21:00:00,2023-08-31T22:00:00,2023-08-31T12:55:00,60,88.36,86.53,87.65,300,6168,100,,125,75,,
2023-08-31T19:55:05,"Due to French electricity system conditions, NGESO is unable to trade on the interconnectors joining GB and France. For more information, see this link to French margin graph: https://www.services-rte.com/en/view-data-published-by-rte/balancing-capacities.html#:~:text=RTE%20proposes%20on%20this%20web,best%20hypothesis%20at%20our%20disposal",2023_08_31-20_22,2023_08_31-20_22-1,Buy,500,IFA1/IFA2/NEMO/EL,2023-09-01T05:00:00,2023-09-01T06:00:00,2023-08-31T19:50:00,70,118.68,105.31,110.21,500,4370,163,,200,137,0,
2023-08-31T19:55:05,"Due to French electricity system conditions, NGESO is unable to trade on the interconnectors joining GB and France. For more information, see this link to French margin graph: https://www.services-rte.com/en/view-data-published-by-rte/balancing-capacities.html#:~:text=RTE%20proposes%20on%20this%20web,best%20hypothesis%20at%20our%20disposal",2023_08_31-20_22,2023_08_31-20_22-2,Buy,700,IFA1/IFA2/NEMO/EL/BN,2023-09-01T05:00:00,2023-09-01T06:00:00,2023-08-31T19:50:00,70,105.31,100.99,102.33,700,5953,226,,0,190,284,
2023-08-31T19:55:05,"Due to French electricity system conditions, NGESO is unable to trade on the interconnectors joining GB and France. For more information, see this link to French margin graph: https://www.services-rte.com/en/view-data-published-by-rte/balancing-capacities.html#:~:text=RTE%20proposes%20on%20this%20web,best%20hypothesis%20at%20our%20disposal",2023_08_31-20_22,2023_08_31-20_22-3,Buy,1300,IFA1/IFA2/NEMO/EL/BN,2023-09-01T06:00:00,2023-09-01T07:00:00,2023-08-31T19:50:00,80,116.92,105.65,110.42,1300,8082,320,185,115,278,402,
2023-08-31T19:55:05,,2023_08_31-20_22,2023_08_31-20_22-4,Buy,200,IFA1/IFA2/NEMO/EL/BN,2023-09-01T07:00:00,2023-09-01T08:00:00,2023-08-31T19:50:00,80,99.74,97,98.54,200,4339,71,25,,9,95,
2023-09-01T13:11:03,,2023_09_01-13_31,2023_09_01-13_31-1,Buy,400,IFA1/BN/NEMO/IFA2,2023-09-01T15:00:00,2023-09-01T16:00:00,2023-09-01T13:05:00,70,86.37,82.76,84.81,400,3006,,138,262,,,
2023-09-01T13:11:03,,2023_09_01-13_31,2023_09_01-13_31-2,Buy,300,IFA1/BN/NEMO/IFA2,2023-09-01T16:00:00,2023-09-01T17:00:00,2023-09-01T13:05:00,80,103.21,99.62,101.97,300,3426,,185,115,,,
2023-09-01T13:11:03,,2023_09_01-13_31,2023_09_01-13_31-3,Buy,200,IFA1/BN/NEMO/IFA2,2023-09-01T17:00:00,2023-09-01T18:00:00,2023-09-01T13:05:00,85,111.8,110.84,111.68,200,3215,139,,,61,,
2023-09-01T13:11:03,,2023_09_01-13_31,2023_09_01-13_31-4,Buy,700,IFA1/BN/NEMO/IFA2/EL,2023-09-01T18:00:00,2023-09-01T19:00:00,2023-09-01T13:05:00,90,119.9,115.57,118.08,700,6488,250,31,30,150,239,
2023-09-01T13:11:03,,2023_09_01-13_31,2023_09_01-13_31-5,Buy,500,IFA1/BN/NEMO/IFA2/EL,2023-09-01T19:00:00,2023-09-01T20:00:00,2023-09-01T13:05:00,85,109.79,107.44,108.92,500,7388,200,150,,,150,
2023-09-01T13:11:03,,2023_09_01-13_31,2023_09_01-13_31-6,Buy,1000,IFA1/BN/NEMO/IFA2/EL,2023-09-01T20:00:00,2023-09-01T21:00:00,2023-09-01T13:05:00,80,107.5,101.13,104.75,1000,7671,,770,230,,,
2023-09-01T13:11:03,,2023_09_01-13_31,2023_09_01-13_31-7,Buy,700,IFA1/BN/NEMO/IFA2/EL,2023-09-01T21:00:00,2023-09-01T22:00:00,2023-09-01T13:05:00,70,95.81,93.25,94.74,700,7960,427,200,,,73,
2023-09-02T14:37:42,,2023_09_02-15_00,2023_09_02-15_00-1,Buy,450,BN/NEMO/IFA2/EL,2023-09-02T18:00:00,2023-09-02T19:00:00,2023-09-02T14:35:00,85,114.54,105.25,110.17,450,3950,,,,150,300,
2023-09-02T14:37:42,,2023_09_02-15_00,2023_09_02-15_00-2,Buy,250,BN/NEMO/IFA2/EL,2023-09-02T19:00:00,2023-09-02T20:00:00,2023-09-02T14:35:00,84,104.9,102.56,103.58,250,3433,,,,52,198,
2023-09-02T19:44:02,,2023_09_02-20_03,2023_09_02-20_03-1,Sell,1300,IFA1/BN/NEMO/IFA2,2023-09-02T22:00:00,2023-09-02T23:00:00,2023-09-02T19:40:00,115,71.36,80.13,74.48,1300,6816,335,265,500,200,,
2023-09-02T19:44:02,,2023_09_02-20_03,2023_09_02-20_03-2,Sell,1000,IFA1/BN/NEMO/IFA2,2023-09-03T00:00:00,2023-09-03T01:00:00,2023-09-02T19:40:00,110,61.71,78.39,69.72,1000,6417,233,417,260,90,,
2023-09-02T21:33:54,,2023_09_02-21_49,2023_09_02-21_49-1,Sell,1650,IFA1/BN/NEMO/IFA2,2023-09-03T01:00:00,2023-09-03T02:00:00,2023-09-02T21:30:00,100,58,80.09,61.75,1650,5098,324,386,501,439,,
2023-09-02T21:33:54,,2023_09_02-21_49,2023_09_02-21_49-2,Sell,1050,IFA1/BN/NEMO/IFA2,2023-09-03T02:00:00,2023-09-03T03:00:00,2023-09-02T21:30:00,100,58.48,78.43,62.17,1050,4301,323,195,252,280,,
2023-09-02T21:33:54,,2023_09_02-21_49,2023_09_02-21_49-3,Sell,1250,IFA1/BN/NEMO/IFA2,2023-09-03T03:00:00,2023-09-03T04:00:00,2023-09-02T21:30:00,100,55.21,88.29,59.46,1250,3926,333,161,331,425,,
2023-09-02T21:33:54,,2023_09_02-21_49,2023_09_02-21_49-4,Sell,1450,IFA1/BN/NEMO/IFA2/EL,2023-09-03T04:00:00,2023-09-03T05:00:00,2023-09-02T21:30:00,100,57,91.16,61.46,1450,6321,179,335,426,210,300,
2023-09-02T21:33:54,,2023_09_02-21_49,2023_09_02-21_49-5,Sell,1450,IFA1/BN/NEMO/IFA2/EL,2023-09-03T05:00:00,2023-09-03T06:00:00,2023-09-02T21:30:00,100,55.04,88.52,59.76,1450,6351,123,341,276,410,300,
2023-09-02T22:59:23,,2023_09_02-23_26,2023_09_02-23_26-1,Sell,1600,IFA1/BN/NEMO/IFA2/EL,2023-09-03T06:00:00,2023-09-03T07:00:00,2023-09-02T22:55:00,100,54.86,81.22,58.74,1600,8309,100,842,401,57,200,
2023-09-02T22:59:23,,2023_09_02-23_26,2023_09_02-23_26-2,Sell,800,IFA1/BN/NEMO/IFA2/EL,2023-09-03T07:00:00,2023-09-03T08:00:00,2023-09-02T22:55:00,105,61.06,77.3,63.12,800,7144,,750,,50,,
2023-09-03T10:04:04,,2023_09_03-10_27,2023_09_03-10_27-1,Sell,700,IFA1/BN/NEMO/IFA2,2023-09-03T12:00:00,2023-09-03T13:00:00,2023-09-03T10:00:00,65,-25,-17.11,-20.8,700,5898,300,125,80,195,,
2023-09-03T10:04:04,,2023_09_03-10_27,2023_09_03-10_27-2,Sell,1000,IFA1/BN/NEMO/IFA2,2023-09-03T13:00:00,2023-09-03T14:00:00,2023-09-03T10:00:00,60,-24.04,-12.52,-20.34,1000,5798,525,125,135,215,,
2023-09-03T11:35:43,,2023_09_03-12_00,2023_09_03-12_00-1,Sell,300,IFA1/BN/NEMO/IFA2,2023-09-03T14:00:00,2023-09-03T15:00:00,2023-09-03T11:30:00,70,23.18,24.89,23.81,300,3656,25,125,150,,,
2023-09-03T11:35:43,,2023_09_03-12_00,2023_09_03-12_00-2,Sell,300,IFA1/BN/NEMO/IFA2/EL,2023-09-03T15:00:00,2023-09-03T16:00:00,2023-09-03T11:30:00,95,60.26,63.38,61.19,300,4545,,201,50,,49,
2023-09-03T13:46:56,,2023_09_03-14_02,2023_09_03-14_02-1,Buy,400,IFA1/BN/NEMO/IFA2,2023-09-03T16:00:00,2023-09-03T17:00:00,2023-09-03T13:40:00,75,111.87,82.03,97.8,400,2216,,100,280,20,,
2023-09-03T13:46:56,,2023_09_03-14_02,2023_09_03-14_02-2,Buy,250,BN/NEMO,2023-09-03T17:00:00,2023-09-03T18:00:00,2023-09-03T13:40:00,95,119.9,119.9,119.9,250,2341,,,250,,,
2023-09-03T13:46:56,,2023_09_03-14_02,2023_09_03-14_02-3,Buy,250,BN/NEMO,2023-09-03T18:00:00,2023-09-03T19:00:00,2023-09-03T13:40:00,100,153.37,145.05,149.75,250,2338,,175,75,,,
2023-09-05T14:21:24,,2023_09_05-14_39,2023_09_05-14_39-1,Buy,300,IFA1/IFA2/EL,2023-09-05T18:00:00,2023-09-05T19:00:00,2023-09-05T14:15:00,90,120.58,119.62,120.08,300,4946,191,,,28,81,
2023-09-05T14:21:24,,2023_09_05-14_39,2023_09_05-14_39-2,Buy,400,IFA1/BN/IFA2,2023-09-05T17:00:00,2023-09-05T18:00:00,2023-09-05T14:15:00,90,117.88,117.02,117.32,400,4176,400,,,,,
2023-09-05T14:21:24,,2023_09_05-14_39,2023_09_05-14_39-3,Buy,300,IFA1/BN/IFA2/EL,2023-09-05T18:00:00,2023-09-05T19:00:00,2023-09-05T14:15:00,90,119.62,117.2,118.2,300,6595,5,,,0,295,
2023-09-05T14:21:24,,2023_09_05-14_39,2023_09_05-14_39-4,Buy,500,IFA1/BN/IFA2/EL,2023-09-05T19:00:00,2023-09-05T20:00:00,2023-09-05T14:15:00,80,104.87,102.5,103.76,500,6060,48,,,55,397,
2023-09-05T14:21:24,,2023_09_05-14_39,2023_09_05-14_39-5,Buy,200,IFA1/BN/IFA2/EL,2023-09-05T20:00:00,2023-09-05T21:00:00,2023-09-05T14:15:00,65,86.24,84.69,85.44,200,4602,100,,,,100,
2023-09-05T15:24:28,,2023_09_05-15_50,2023_09_05-15_50-1,Buy,400,IFA1/BN/IFA2,2023-09-05T17:00:00,2023-09-05T18:00:00,2023-09-05T15:20:00,90,112.85,107.88,111.93,400,3800,149,,,251,,
2023-09-05T15:24:28,,2023_09_05-15_50,2023_09_05-15_50-2,Buy,400,IFA1/BN/IFA2,2023-09-05T18:00:00,2023-09-05T19:00:00,2023-09-05T15:20:00,90,117.27,114.64,115.96,400,5894,400,,,,,
2023-09-05T15:24:28,,2023_09_05-15_50,2023_09_05-15_50-3,Buy,400,IFA1/BN/IFA2,2023-09-05T19:00:00,2023-09-05T20:00:00,2023-09-05T15:20:00,80,103.96,100.95,102.45,400,5619,400,,,,,
2023-09-05T15:24:28,,2023_09_05-15_50,2023_09_05-15_50-4,Buy,400,IFA1/BN/IFA2,2023-09-05T20:00:00,2023-09-05T21:00:00,2023-09-05T15:20:00,65,86.05,84.31,85.06,400,5707,400,,,,,
2023-09-05T23:24:25,,2023_09_05-23_41,2023_09_05-23_41-1,Buy,2000,IFA1/IFA2/EL/BN/NEMO,2023-09-06T05:00:00,2023-09-06T06:00:00,2023-09-05T23:10:00,80,132.62,120.34,124.85,2000,6106,671,75,,458,796,
2023-09-05T23:24:25,,2023_09_05-23_41,2023_09_05-23_41-2,Buy,1300,IFA1/IFA2/EL/BN/NEMO,2023-09-06T06:00:00,2023-09-06T07:00:00,2023-09-05T23:10:00,80,115.34,110.71,113.2,1300,7930,550,131,,237,382,
2023-09-05T23:24:25,,2023_09_05-23_41,2023_09_05-23_41-3,Buy,1000,IFA1/IFA2/EL/BN/NEMO,2023-09-06T07:00:00,2023-09-06T08:00:00,2023-09-05T23:10:00,80,97,92.74,95.06,1000,5803,406,300,275,19,,
2023-09-05T23:24:25,,2023_09_05-23_41,2023_09_05-23_41-4,Buy,1300,IFA1/IFA2/EL/BN/NEMO,2023-09-06T08:00:00,2023-09-06T09:00:00,2023-09-05T23:10:00,60,90.08,83.24,86.24,1300,5139,457,400,225,190,28,
2023-09-05T23:24:25,,2023_09_05-23_41,2023_09_05-23_41-5,Buy,1300,IFA1/IFA2/EL/BN/NEMO,2023-09-06T09:00:00,2023-09-06T10:00:00,2023-09-05T23:10:00,60,83.8,76.86,80.08,1300,4973,480,400,81,293,46,
2023-09-05T23:24:25,,2023_09_05-23_41,2023_09_05-23_41-6,Buy,1000,IFA1/IFA2/EL/BN/NEMO,2023-09-06T10:00:00,2023-09-06T11:00:00,2023-09-05T23:10:00,60,76.88,69.54,73.11,1000,5190,427,250,125,198,,
2023-09-06T00:04:29,,2023_09_06-00_37,2023_09_06-00_37-1,Buy,850,IFA1/IFA2/EL/BN/NEMO,2023-09-06T11:00:00,2023-09-06T12:00:00,2023-09-06T00:00:00,60,77.78,67.37,75.07,850,5427,501,150,99,100,,
2023-09-06T11:38:50,,2023_09_06-11_58,2023_09_06-11_58-1,Buy,200,IFA1/BN/IFA2/EL/NEMO,2023-09-06T15:00:00,2023-09-06T16:00:00,2023-09-06T11:25:00,70,105.15,104.16,104.61,200,4889,,,,,200,
2023-09-06T11:38:50,,2023_09_06-11_58,2023_09_06-11_58-2,Buy,1000,IFA1/BN/IFA2/EL/NEMO,2023-09-06T16:00:00,2023-09-06T17:00:00,2023-09-06T11:25:00,90,154.65,147.22,151.36,1000,10647,232,,,425,343,
2023-09-06T11:38:50,,2023_09_06-11_58,2023_09_06-11_58-3,Buy,1330,IFA1/BN/IFA2/EL/NEMO,2023-09-06T17:00:00,2023-09-06T18:00:00,2023-09-06T11:25:00,105,224.8,197.68,206.31,1330,11643,300,,,600,430,
2023-09-06T11:38:50,,2023_09_06-11_58,2023_09_06-11_58-4,Buy,630,IFA1/BN/IFA2/EL/NEMO,2023-09-06T18:00:00,2023-09-06T19:00:00,2023-09-06T11:25:00,100,165.75,157.73,162.54,630,9725,107,,,375,148,
2023-09-06T11:38:50,,2023_09_06-11_58,2023_09_06-11_58-5,Buy,700,IFA1/BN/IFA2/EL/NEMO,2023-09-06T19:00:00,2023-09-06T20:00:00,2023-09-06T11:25:00,90,121.18,116.54,119.12,700,9365,50,,,385,265,
2023-09-06T23:39:53,,2023_09_07-00_00,2023_09_07-00_00-1,Buy,500,IFA1/IFA2/BN/NEMO/EL,2023-09-07T05:00:00,2023-09-07T06:00:00,2023-09-06T23:30:00,85,116.34,115.14,115.96,500,4024,74,,,113,313,
2023-09-06T23:39:53,,2023_09_07-00_00,2023_09_07-00_00-2,Buy,1000,IFA1/IFA2/BN/NEMO/EL,2023-09-07T06:00:00,2023-09-07T07:00:00,2023-09-06T23:30:00,85,119.98,115.83,118.14,1000,7056,400,250,100,152,98,
2023-09-06T23:39:53,,2023_09_07-00_00,2023_09_07-00_00-3,Buy,300,IFA1/IFA2/BN/NEMO/EL,2023-09-07T07:00:00,2023-09-07T08:00:00,2023-09-06T23:30:00,75,96.89,95.47,95.9,300,2972,202,,,98,,
2023-09-07T13:04:26,,2023_09_07-13_25,2023_09_07-13_25-1,Buy,300,IFA1/BN/IFA2/NEMO,2023-09-07T15:00:00,2023-09-07T16:00:00,2023-09-07T13:00:00,75,83.62,83.35,83.46,300,1635,,102,100,98,,
2023-09-07T13:04:26,,2023_09_07-13_25,2023_09_07-13_25-2,Buy,100,BN/IFA2/NEMO,2023-09-07T16:00:00,2023-09-07T17:00:00,2023-09-07T13:00:00,100,99.83,98.01,98.26,100,1480,,,,100,,
2023-09-07T13:04:26,,2023_09_07-13_25,2023_09_07-13_25-3,Buy,100,IFA1/BN/IFA2/NEMO/EL,2023-09-07T18:00:00,2023-09-07T19:00:00,2023-09-07T13:00:00,110,116.72,116.72,116.72,100,2795,,,,100,,
2023-09-07T12:26:07,,2023_09_07-13_25,2023_09_07-13_25-4,Buy,600,IFA1/BN/IFA2/NEMO/EL,2023-09-07T18:00:00,2023-09-07T19:00:00,2023-09-07T13:00:00,110,,,,,,,,,,,
2023-09-07T14:45:35,,2023_09_07-15_13,2023_09_07-15_13-1,Buy,900,IFA1/BN/IFA2/NEMO,2023-09-07T17:00:00,2023-09-07T18:00:00,2023-09-07T14:40:00,115,127.56,119.2,124.9,900,3096,9,257,197,437,,
2023-09-07T14:45:35,,2023_09_07-15_13,2023_09_07-15_13-2,Buy,900,IFA1/BN/IFA2/NEMO/EL,2023-09-07T18:00:00,2023-09-07T19:00:00,2023-09-07T14:40:00,110,117.45,111.84,114.89,900,5666,388,60,100,302,50,
2023-09-07T19:11:48,,2023_09_07-19_39,2023_09_07-19_39-1,Buy,500,IFA1/BN/NEMO/IFA2/EL,2023-09-08T05:00:00,2023-09-08T06:00:00,2023-09-07T19:10:00,80,114.1,108.84,111.6,500,5405,207,,,,293,
2023-09-08T11:30:02,,2023_09_08-11_47,2023_09_08-11_47-1,Buy,400,IFA1/BN/IFA2/NEMO/EL,2023-09-08T15:00:00,2023-09-08T16:00:00,2023-09-08T11:20:00,75,99,93.69,98.26,400,6596,144,77,179,,,
2023-09-08T11:30:02,,2023_09_08-11_47,2023_09_08-11_47-2,Buy,1400,IFA1/BN/IFA2/NEMO/EL,2023-09-08T16:00:00,2023-09-08T17:00:00,2023-09-08T11:20:00,100,177.12,131.83,157.66,1400,11184,350,275,303,275,197,
2023-09-08T11:30:02,,2023_09_08-11_47,2023_09_08-11_47-3,Buy,1600,IFA1/BN/IFA2/NEMO/EL,2023-09-08T17:00:00,2023-09-08T18:00:00,2023-09-08T11:20:00,130,264.95,180.09,219.61,1600,11915,375,108,300,350,467,
2023-09-08T11:30:02,,2023_09_08-11_47,2023_09_08-11_47-4,Buy,1700,IFA1/BN/IFA2/NEMO/EL,2023-09-08T18:00:00,2023-09-08T19:00:00,2023-09-08T11:20:00,125,199.33,161.66,185.41,1700,11389,320,305,505,100,470,
2023-09-08T11:30:02,,2023_09_08-11_47,2023_09_08-11_47-5,Buy,1700,IFA1/BN/IFA2/NEMO/EL,2023-09-08T19:00:00,2023-09-08T20:00:00,2023-09-08T11:20:00,95,159,114.32,137.13,1700,11138,400,292,300,375,333,
2023-09-08T11:30:02,,2023_09_08-11_47,2023_09_08-11_47-6,Buy,2000,IFA1/BN/IFA2/NEMO/EL,2023-09-08T20:00:00,2023-09-08T21:00:00,2023-09-08T11:20:00,75,110.48,101.57,107.25,2000,11990,500,660,365,230,245,
2023-09-08T11:30:02,,2023_09_08-11_47,2023_09_08-11_47-7,Buy,800,IFA1/BN/IFA2/NEMO/EL,2023-09-08T21:00:00,2023-09-08T22:00:00,2023-09-08T11:20:00,70,94,89.34,92.89,800,10325,199,255,75,,271,
2023-09-09T13:20:48,,2023_09_09-13_22,2023_09_09-13_22-1,Buy,600,IFA1/BN/IFA2/NEMO,2023-09-09T16:00:00,2023-09-09T17:00:00,2023-09-09T13:00:00,85,134.96,114.89,121.92,600,4375,237,,51,312,,
2023-09-09T13:20:48,,2023_09_09-13_22,2023_09_09-13_22-2,Buy,800,IFA1/BN/IFA2/NEMO,2023-09-09T17:00:00,2023-09-09T18:00:00,2023-09-09T13:00:00,95,168.17,132.03,147.86,800,5563,400,,,400,,
2023-09-09T13:20:48,,2023_09_09-13_22,2023_09_09-13_22-3,Buy,800,IFA1/BN/IFA2/NEMO/EL,2023-09-09T18:00:00,2023-09-09T19:00:00,2023-09-09T13:00:00,100,144.85,134.66,139.35,800,7764,368,,,174,258,
2023-09-10T11:14:43,,2023_09_10-11_23,2023_09_10-11_23-1,Buy,0,IFA1/BN/IFA2/NEMO/EL,2023-09-10T16:00:00,2023-09-10T17:00:00,2023-09-10T11:05:00,85,0,0,0,0,6516,,,,,,
2023-09-10T11:14:43,,2023_09_10-11_23,2023_09_10-11_23-2,Buy,368,IFA1/BN/IFA2/NEMO/EL,2023-09-10T17:00:00,2023-09-10T18:00:00,2023-09-10T11:05:00,95,119.46,115.74,117.68,368,8741,23,,125,125,95,
2023-09-10T11:14:43,,2023_09_10-11_23,2023_09_10-11_23-3,Buy,168,IFA1/BN/IFA2/NEMO/EL,2023-09-10T18:00:00,2023-09-10T19:00:00,2023-09-10T11:05:00,100,120.33,117.65,120.01,168,8641,,,,70,98,
2023-09-10T11:14:43,,2023_09_10-11_23,2023_09_10-11_23-4,Buy,468,IFA1/BN/IFA2/NEMO/EL,2023-09-10T19:00:00,2023-09-10T20:00:00,2023-09-10T11:05:00,90,121.74,118.32,120.4,468,10216,50,,50,170,198,
2023-09-10T11:14:43,,2023_09_10-11_23,2023_09_10-11_23-5,Buy,268,IFA1/BN/IFA2/NEMO/EL,2023-09-10T20:00:00,2023-09-10T21:00:00,2023-09-10T11:05:00,80,108.32,105.44,107.74,268,10516,75,23,,131,39,
2023-09-10T17:32:10,,2023_09_10-17_53,2023_09_10-17_53-1,Buy,650,IFA1/BN/NEMO/IFA2,2023-09-10T21:00:00,2023-09-10T22:00:00,2023-09-10T17:30:00,65,97.53,94.85,96.52,650,2832,193,,31,426,,
2023-09-10T23:03:34,,2023_09_10-23_31,2023_09_10-23_31-1,Buy,300,IFA1/BN/NEMO/IFA2/EL,2023-09-11T05:00:00,2023-09-11T06:00:00,2023-09-10T23:00:00,84,118.31,115.73,116.59,300,3696,,,,100,200,
2023-09-10T23:03:34,,2023_09_10-23_31,2023_09_10-23_31-2,Buy,300,IFA1/BN/NEMO/IFA2/EL,2023-09-11T06:00:00,2023-09-11T07:00:00,2023-09-10T23:00:00,89,121.61,119.51,120.21,300,3744,,,,,300,
2023-09-11T13:09:29,,2023_09_11-13_30,2023_09_11-13_30-1,Buy,300,BN/NEMO,2023-09-11T16:00:00,2023-09-11T17:00:00,2023-09-11T13:00:00,100,0,0,0,0,4083,,,,,,
2023-09-11T13:09:29,,2023_09_11-13_30,2023_09_11-13_30-2,Buy,600,BN/NEMO,2023-09-11T17:00:00,2023-09-11T18:00:00,2023-09-11T13:00:00,100,0,0,0,0,5262,,,,,,
2023-09-11T13:09:29,,2023_09_11-13_30,2023_09_11-13_30-3,Buy,265,IFA1/IFA2/BN/NEMO/EL,2023-09-11T18:00:00,2023-09-11T19:00:00,2023-09-11T13:00:00,100,176.96,174,174.94,265,9251,10,,,206,49,
2023-09-11T13:09:29,,2023_09_11-13_30,2023_09_11-13_30-4,Buy,265,IFA1/IFA2/BN/NEMO/EL,2023-09-11T19:00:00,2023-09-11T20:00:00,2023-09-11T13:00:00,90,143.69,128.52,132.98,265,8668,60,,,156,49,
2023-09-11T13:09:29,,2023_09_11-13_30,2023_09_11-13_30-5,Buy,250,BN/NEMO,2023-09-11T20:00:00,2023-09-11T21:00:00,2023-09-11T13:00:00,70,0,0,0,0,3440,,,,,,
2023-09-11T15:10:25,,2023_09_11-15_29,2023_09_11-15_29-1,Buy,600,IFA1/IFA2/BN/NEMO,2023-09-11T17:00:00,2023-09-11T18:00:00,2023-09-11T15:00:00,130,221,184.06,208.32,600,4438,235,,,365,,
2023-09-11T15:10:25,,2023_09_11-15_29,2023_09_11-15_29-2,Buy,0,IFA1/IFA2/BN/NEMO,2023-09-11T18:00:00,2023-09-11T19:00:00,2023-09-11T15:00:00,130,0,0,0,0,7426,,,,,,
2023-09-11T22:45:02,"Due to French electricity system conditions, NGESO is unable to trade on the interconnectors joining GB and France.",2023_09_11-23_01,2023_09_11-23_01-1,Buy,600,IFA1/BN/NEMO/IFA2/EL,2023-09-12T05:00:00,2023-09-12T06:00:00,2023-09-11T22:40:00,76,165.97,121.23,159.8,600,5103,,200,400,,,
2023-09-11T22:45:02,"Due to French electricity system conditions, NGESO is unable to trade on the interconnectors joining GB and France.",2023_09_11-23_01,2023_09_11-23_01-2,Buy,1800,IFA1/BN/NEMO/IFA2/EL,2023-09-12T06:00:00,2023-09-12T07:00:00,2023-09-11T22:40:00,98,139.61,131.04,136.21,1800,6774,295,464,336,505,200,
2023-09-11T22:45:02,,2023_09_11-23_01,2023_09_11-23_01-3,Buy,500,IFA1/BN/NEMO/IFA2/EL,2023-09-12T07:00:00,2023-09-12T08:00:00,2023-09-11T22:40:00,88,115.24,111.2,113.96,500,4801,,50,50,301,99,
2023-09-11T22:45:02,,2023_09_11-23_01,2023_09_11-23_01-4,Buy,300,IFA1/BN/NEMO/IFA2/EL,2023-09-12T08:00:00,2023-09-12T09:00:00,2023-09-11T22:40:00,79,105.45,103.69,104.68,300,3333,,200,85,15,,
2023-09-11T22:45:02,,2023_09_11-23_01,2023_09_11-23_01-5,Buy,200,IFA1/BN/NEMO/IFA2/EL,2023-09-12T09:00:00,2023-09-12T10:00:00,2023-09-11T22:40:00,72,94.63,89.3,91.92,200,2578,,185,,15,,
2023-09-12T14:32:23,,2023_09_12-14_57,2023_09_12-14_57-1,Buy,500,IFA2/EL/NEMO,2023-09-12T18:00:00,2023-09-12T19:00:00,2023-09-12T14:30:00,90,116.31,108.5,113.15,500,5888,,,,180,320,
2023-09-12T14:32:23,,2023_09_12-14_57,2023_09_12-14_57-2,Buy,200,IFA2/EL/NEMO,2023-09-12T19:00:00,2023-09-12T20:00:00,2023-09-12T14:30:00,80,112,106.7,107.9,200,4191,,,25,151,24,
2023-09-12T15:17:50,,2023_09_12-15_44,2023_09_12-15_44-1,Buy,100,IFA2/NEMO,2023-09-12T18:00:00,2023-09-12T19:00:00,2023-09-12T15:15:00,90,114.62,114.62,114.62,100,1874,,,,100,,
2023-09-12T15:17:50,,2023_09_12-15_44,2023_09_12-15_44-2,Buy,200,IFA2/NEMO,2023-09-12T19:00:00,2023-09-12T20:00:00,2023-09-12T15:15:00,80,111.36,108.49,109.9,200,2977,,,50,150,,
2023-09-12T19:15:24,,2023_09_12-19_42,2023_09_12-19_42-1,Sell,500,IFA2/BN/NEMO,2023-09-13T00:00:00,2023-09-13T01:00:00,2023-09-12T19:10:00,100,74.39,107.72,80.25,500,1975,,,178,322,,
2023-09-12T19:15:24,,2023_09_12-19_42,2023_09_12-19_42-2,Sell,500,IFA2/BN/NEMO,2023-09-13T01:00:00,2023-09-13T02:00:00,2023-09-12T19:10:00,100,72.99,119.22,80.84,500,2180,,,100,400,,
2023-09-12T19:15:24,,2023_09_12-19_42,2023_09_12-19_42-3,Sell,500,IFA2/BN/NEMO,2023-09-13T02:00:00,2023-09-13T03:00:00,2023-09-12T19:10:00,100,59,92.67,66.61,500,2227,,,187,313,,
2023-09-12T19:15:24,,2023_09_12-19_42,2023_09_12-19_42-4,Sell,500,IFA2/BN/NEMO,2023-09-13T03:00:00,2023-09-13T04:00:00,2023-09-12T19:10:00,100,68.22,116.56,77.86,500,2223,,,100,400,,
2023-09-12T22:43:32,,2023_09_12-23_10,2023_09_12-23_10-1,Buy,200,IFA2/BN/NEMO/EL,2023-09-13T05:00:00,2023-09-13T06:00:00,2023-09-12T22:40:00,70,108.5,106.72,107.48,200,4436,,200,,,,
2023-09-12T22:43:32,,2023_09_12-23_10,2023_09_12-23_10-2,Buy,650,IFA2/BN/NEMO/EL,2023-09-13T06:00:00,2023-09-13T07:00:00,2023-09-12T22:40:00,70,131.81,129.48,130.62,650,6085,,348,,203,99,
2023-09-12T22:43:32,,2023_09_12-23_10,2023_09_12-23_10-3,Buy,650,IFA2/BN/NEMO/EL,2023-09-13T07:00:00,2023-09-13T08:00:00,2023-09-12T22:40:00,70,116.6,114.22,115.52,650,4705,,517,,84,49,
2023-09-13T13:25:52,,2023_09_13-13_23,2023_09_13-13_23-1,Buy,1950,IFA1/BN/NEMO/IFA2,2023-09-13T17:00:00,2023-09-13T18:00:00,2023-09-13T13:15:00,95,153,129.09,141.1,1950,8777,1056,,109,785,,
2023-09-13T13:25:52,"Due to French electricity system conditions, NGESO is unable to trade on the interconnectors joining GB and France.",2023_09_13-13_23,2023_09_13-13_23-2,Buy,1850,IFA1/BN/NEMO/IFA2/EL,2023-09-13T18:00:00,2023-09-13T19:00:00,2023-09-13T13:15:00,95,148.92,128.02,137.43,1850,18903,1163,265,85,159,178,
2023-09-13T13:25:52,"Due to French electricity system conditions, NGESO is unable to trade on the interconnectors joining GB and France.",2023_09_13-13_23,2023_09_13-13_23-3,Buy,1550,IFA1/BN/NEMO/IFA2/EL,2023-09-13T19:00:00,2023-09-13T20:00:00,2023-09-13T13:15:00,83,132.47,113.52,126.95,1550,19906,993,457,100,0,0,
2023-09-13T13:25:52,"Due to French electricity system conditions, NGESO is unable to trade on the interconnectors joining GB and France.",2023_09_13-13_23,2023_09_13-13_23-4,Buy,350,IFA1/BN/NEMO/IFA2/EL,2023-09-13T20:00:00,2023-09-13T21:00:00,2023-09-13T13:15:00,72,111.79,102,110.47,350,15046,,350,0,,,
2023-09-13T13:25:52,"Due to French electricity system conditions, NGESO is unable to trade on the interconnectors joining GB and France.",2023_09_13-13_23,2023_09_13-13_23-5,Buy,300,NEMO/IFA2/EL,2023-09-13T18:00:00,2023-09-13T19:00:00,2023-09-13T13:15:00,95,131.89,128.88,129.85,300,12821,,,0,200,100,
2023-09-13T13:25:52,"Due to French electricity system conditions, NGESO is unable to trade on the interconnectors joining GB and France.",2023_09_13-13_23,2023_09_13-13_23-6,Buy,1100,NEMO/IFA2/EL,2023-09-13T19:00:00,2023-09-13T20:00:00,2023-09-13T13:15:00,83,128.02,119,123.77,1100,14120,,,0,746,354,
2023-09-13T13:25:52,"Due to French electricity system conditions, NGESO is unable to trade on the interconnectors joining GB and France.",2023_09_13-13_23,2023_09_13-13_23-7,Buy,1000,NEMO/IFA2/EL,2023-09-13T20:00:00,2023-09-13T21:00:00,2023-09-13T13:15:00,72,114.9,102,110.35,1000,11192,,,1000,,,
2023-09-13T13:25:52,,2023_09_13-13_23,2023_09_13-13_23-8,Buy,500,NEMO/IFA2/EL,2023-09-13T21:00:00,2023-09-13T22:00:00,2023-09-13T13:15:00,66,97.12,94,95.76,500,7413,,,,200,300,
2023-09-13T13:25:52,"Due to French electricity system conditions, NGESO is unable to trade on the interconnectors joining GB and France.",2023_09_13-13_23,2023_09_13-13_23-9,Buy,700,BN/NEMO/IFA2/EL,2023-09-13T18:00:00,2023-09-13T19:00:00,2023-09-13T13:15:00,95,136.46,132.61,134.65,700,14561,,0,0,485,215,
2023-09-13T13:25:52,"Due to French electricity system conditions, NGESO is unable to trade on the interconnectors joining GB and France.",2023_09_13-13_23,2023_09_13-13_23-10,Buy,600,BN/NEMO/IFA2/EL,2023-09-13T19:00:00,2023-09-13T20:00:00,2023-09-13T13:15:00,83,128.96,125.99,128.25,600,15699,,105,88,377,30,
2023-09-13T21:40:06,,2023_09_13-21_54,2023_09_13-21_54-1,Buy,800,IFA1/IFA2/EL/NEMO,2023-09-14T05:00:00,2023-09-14T06:00:00,2023-09-13T21:35:00,80,119.81,117,118.32,800,6985,,,,388,412,
2023-09-13T21:40:06,,2023_09_13-21_54,2023_09_13-21_54-2,Buy,500,IFA1/IFA2/EL/NEMO,2023-09-14T06:00:00,2023-09-14T07:00:00,2023-09-13T21:35:00,90,119,115.65,118.16,500,8527,70,,50,130,250,
2023-09-13T21:40:06,,2023_09_13-21_54,2023_09_13-21_54-3,Buy,300,IFA1/IFA2/EL/NEMO/BN,2023-09-14T06:00:00,2023-09-14T07:00:00,2023-09-13T21:35:00,90,119.83,119,119.37,300,9980,125,,10,94,71,
2023-09-14T01:31:16,"Due to French electricity system conditions, NGESO is unable to trade on the interconnectors joining GB and France. For more information, see this link to French margin graph: https://www.services-rte.com/en/view-data-published-by-rte/balancing-capacities.html#:~:text=RTE%20proposes%20on%20this%20web,best%20hypothesis%20at%20our%20disposal",2023_09_14-01_43,2023_09_14-01_43-1,Buy,800,IFA1/IFA2/BN/NEMO,2023-09-14T03:00:00,2023-09-14T04:00:00,2023-09-14T01:20:00,55,84.7,69.7,75.43,800,5040,450,63,237,50,,
2023-09-14T01:31:16,,2023_09_14-01_43,2023_09_14-01_43-2,Buy,800,IFA1/IFA2/BN/NEMO,2023-09-14T04:00:00,2023-09-14T05:00:00,2023-09-14T01:20:00,65,86.74,81.7,84.11,800,6341,452,,,348,,
2023-09-14T01:31:16,,2023_09_14-01_43,2023_09_14-01_43-3,Buy,800,IFA1/IFA2/BN/NEMO,2023-09-14T05:00:00,2023-09-14T06:00:00,2023-09-14T01:20:00,80,110.76,107.2,108.69,800,6473,718,,,82,,
2023-09-14T03:37:49,,2023_09_14-03_59,2023_09_14-03_59-1,Buy,1000,IFA1/IFA2/BN/NEMO,2023-09-14T06:00:00,2023-09-14T07:00:00,2023-09-14T03:35:00,90,112.13,106.14,109.31,1000,5658,950,,50,,,
2023-09-14T03:37:49,,2023_09_14-03_59,2023_09_14-03_59-2,Buy,800,IFA1/IFA2/BN/NEMO,2023-09-14T07:00:00,2023-09-14T08:00:00,2023-09-14T03:35:00,90,105.39,94.43,100.82,800,5222,300,500,,,,
2023-09-14T03:37:49,,2023_09_14-03_59,2023_09_14-03_59-3,Buy,200,IFA1/IFA2/BN/NEMO,2023-09-14T08:00:00,2023-09-14T09:00:00,2023-09-14T03:35:00,80,84.94,84.94,84.94,200,3258,200,,,,,
2023-09-14T13:15:06,,2023_09_14-13_22,2023_09_14-13_22-1,Buy,1900,BN/NEMO/IFA1/IFA2,2023-09-14T15:00:00,2023-09-14T16:00:00,2023-09-14T13:00:00,70,104,94.77,100.35,1900,4674,642,442,149,667,,
2023-09-14T13:15:06,,2023_09_14-13_22,2023_09_14-13_22-2,Buy,2300,BN/NEMO/IFA1/IFA2,2023-09-14T16:00:00,2023-09-14T17:00:00,2023-09-14T13:00:00,90,144.17,119.87,135.08,2300,9604,645,220,897,538,,
2023-09-14T13:15:06,,2023_09_14-13_22,2023_09_14-13_22-3,Buy,2200,BN/NEMO/IFA1/IFA2,2023-09-14T17:00:00,2023-09-14T18:00:00,2023-09-14T13:00:00,100,189.5,151.32,175.49,2200,9996,543,200,862,595,,
2023-09-14T13:15:06,,2023_09_14-13_22,2023_09_14-13_22-4,Buy,2200,BN/NEMO/IFA1/EL/IFA2,2023-09-14T18:00:00,2023-09-14T19:00:00,2023-09-14T13:00:00,100,162.32,139.31,156.75,2200,14961,900,120,200,568,412,
2023-09-14T13:15:06,,2023_09_14-13_22,2023_09_14-13_22-5,Buy,2000,BN/NEMO/IFA1/EL/IFA2,2023-09-14T19:00:00,2023-09-14T20:00:00,2023-09-14T13:00:00,90,128.25,120,125.93,2000,15106,588,387,516,178,331,
2023-09-14T13:15:06,,2023_09_14-13_22,2023_09_14-13_22-6,Buy,1800,BN/NEMO/IFA1/EL/IFA2,2023-09-14T20:00:00,2023-09-14T21:00:00,2023-09-14T13:00:00,80,115.7,107.98,112.83,1800,15269,354,270,413,270,493,
2023-09-14T19:42:36,,2023_09_14-20_04,2023_09_14-20_04-1,Buy,800,IFA1/BN/NEMO/IFA2/EL,2023-09-15T05:00:00,2023-09-15T06:00:00,2023-09-14T19:40:00,80,122.46,110.5,117.34,800,5187,222,,,378,200,
2023-09-14T19:42:36,,2023_09_14-20_04,2023_09_14-20_04-2,Buy,1000,IFA1/BN/NEMO/IFA2/EL,2023-09-15T06:00:00,2023-09-15T07:00:00,2023-09-14T19:40:00,90,116.01,108.7,113.51,1000,7710,285,346,,320,49,
2023-09-15T13:08:42,,2023_09_15-13_27,2023_09_15-13_27-1,Buy,300,BN/NEMO/IFA1/IFA2,2023-09-15T15:00:00,2023-09-15T16:00:00,2023-09-15T13:00:00,80,93.48,90.49,92.21,300,2898,93,157,25,25,,
2023-09-15T13:08:42,,2023_09_15-13_27,2023_09_15-13_27-2,Buy,500,BN/NEMO/IFA1/IFA2,2023-09-15T16:00:00,2023-09-15T17:00:00,2023-09-15T13:00:00,90,106.3,102.58,105.04,500,4859,132,,,368,,
2023-09-15T13:08:42,,2023_09_15-13_27,2023_09_15-13_27-3,Buy,500,BN/NEMO/IFA1/IFA2,2023-09-15T17:00:00,2023-09-15T18:00:00,2023-09-15T13:00:00,90,114.5,111.28,112.93,500,5196,151,,200,149,,
2023-09-15T13:08:42,,2023_09_15-13_27,2023_09_15-13_27-4,Buy,500,BN/NEMO/IFA1/IFA2/EL,2023-09-15T18:00:00,2023-09-15T19:00:00,2023-09-15T13:00:00,100,111.99,105.8,110.06,500,6601,100,198,,145,57,
2023-09-16T12:55:11,,2023_09_16-13_25,2023_09_16-13_25-1,Buy,350,BN/NEMO/IFA2/EL,2023-09-16T18:00:00,2023-09-16T19:00:00,2023-09-16T12:50:00,80,116.02,113.51,114.67,350,3683,,,,131,219,
2023-09-16T20:24:45,,2023_09_16-20_40,2023_09_16-20_40-1,Sell,700,IFA1/IFA2/NEMO,2023-09-16T22:00:00,2023-09-16T23:00:00,2023-09-16T20:20:00,110,77.98,81.12,79.31,700,3742,160,,275,265,,
2023-09-16T20:24:45,,2023_09_16-20_40,2023_09_16-20_40-2,Sell,800,IFA1/IFA2/NEMO,2023-09-16T23:00:00,2023-09-17T00:00:00,2023-09-16T20:20:00,105,74.11,78.4,75.78,800,3964,313,,377,110,,
2023-09-16T20:24:45,,2023_09_16-20_40,2023_09_16-20_40-3,Sell,1000,IFA1/IFA2/NEMO,2023-09-17T00:00:00,2023-09-17T01:00:00,2023-09-16T20:20:00,105,60,71.66,64.03,1000,4023,489,,437,74,,
2023-09-16T20:24:45,,2023_09_16-20_40,2023_09_16-20_40-4,Sell,1000,IFA1/IFA2/NEMO,2023-09-17T01:00:00,2023-09-17T02:00:00,2023-09-16T20:20:00,100,47.49,58.76,52.76,1000,4150,202,,724,74,,
2023-09-16T20:24:45,,2023_09_16-20_40,2023_09_16-20_40-5,Sell,1000,IFA1/IFA2/NEMO,2023-09-17T02:00:00,2023-09-17T03:00:00,2023-09-16T20:20:00,95,40.83,75.1,60.74,1000,4150,226,,549,225,,
2023-09-16T20:24:45,,2023_09_16-20_40,2023_09_16-20_40-6,Sell,800,IFA1/IFA2/NEMO,2023-09-17T03:00:00,2023-09-17T04:00:00,2023-09-16T20:20:00,90,51.47,75.1,66.46,800,3865,201,,386,213,,
2023-09-16T20:24:45,,2023_09_16-20_40,2023_09_16-20_40-7,Sell,700,IFA1/IFA2/EL/NEMO,2023-09-17T04:00:00,2023-09-17T05:00:00,2023-09-16T20:20:00,90,56,70.83,60.38,700,4740,225,,335,115,25,
2023-09-16T20:24:45,,2023_09_16-20_40,2023_09_16-20_40-8,Sell,800,IFA1/IFA2/EL/NEMO,2023-09-17T05:00:00,2023-09-17T06:00:00,2023-09-16T20:20:00,95,57,71.74,62.64,800,5201,246,,365,174,15,
2023-09-16T20:24:45,,2023_09_16-20_40,2023_09_16-20_40-9,Sell,200,IFA1/IFA2/EL/NEMO,2023-09-17T06:00:00,2023-09-17T07:00:00,2023-09-16T20:20:00,95,64.78,69.94,66.33,200,3955,,,200,,,
2023-09-16T20:24:45,,2023_09_16-20_40,2023_09_16-20_40-10,Sell,700,IFA1/IFA2/EL/NEMO,2023-09-17T07:00:00,2023-09-17T08:00:00,2023-09-16T20:20:00,95,50.16,62.88,56.01,700,5612,100,,370,115,115,
2023-09-16T20:24:45,,2023_09_16-20_40,2023_09_16-20_40-11,Sell,700,IFA1/IFA2/EL/NEMO,2023-09-17T08:00:00,2023-09-17T09:00:00,2023-09-16T20:20:00,95,48,56.2,49.81,700,5612,275,,365,60,,
2023-09-16T20:24:45,,2023_09_16-20_40,2023_09_16-20_40-12,Sell,700,IFA1/IFA2/EL/NEMO,2023-09-17T09:00:00,2023-09-17T10:00:00,2023-09-16T20:20:00,110,29,35.15,30.43,700,5612,200,,216,284,,
2023-09-16T20:24:45,,2023_09_16-20_40,2023_09_16-20_40-13,Sell,500,IFA1/IFA2/EL/NEMO,2023-09-17T10:00:00,2023-09-17T11:00:00,2023-09-16T20:20:00,100,18,23.32,19.64,500,6284,201,,125,174,,
2023-09-16T20:24:45,,2023_09_16-20_40,2023_09_16-20_40-14,Sell,300,IFA1/IFA2/EL/NEMO,2023-09-17T11:00:00,2023-09-17T12:00:00,2023-09-16T20:20:00,110,0,2.95,0.5,300,4939,175,,,25,100,
2023-09-17T14:37:55,,2023_09_17-14_55,2023_09_17-14_55-1,Buy,300,BN/NEMO,2023-09-17T17:00:00,2023-09-17T18:00:00,2023-09-17T14:30:00,100,0,0,0,0,1065,,,,,,
2023-09-17T14:37:55,,2023_09_17-14_55,2023_09_17-14_55-2,Buy,600,BN/NEMO/IFA2/EL,2023-09-17T20:00:00,2023-09-17T21:00:00,2023-09-17T14:30:00,60,112.7,93.53,105.45,600,2189,,,425,150,25,
2023-09-17T22:17:31,,2023_09_17-22_23,2023_09_17-22_23-1,Sell,700,IFA1/IFA2/BN/NEMO,2023-09-18T00:00:00,2023-09-18T01:00:00,2023-09-17T22:05:00,80,68.65,72.33,69.79,700,4229,281,25,354,40,,
2023-09-17T22:17:31,,2023_09_17-22_23,2023_09_17-22_23-2,Sell,1800,IFA1/IFA2/BN/NEMO,2023-09-18T01:00:00,2023-09-18T02:00:00,2023-09-17T22:05:00,80,56.25,69.75,62.41,1800,4619,455,99,951,295,,
2023-09-17T22:17:31,,2023_09_17-22_23,2023_09_17-22_23-3,Sell,2500,IFA1/IFA2/BN/NEMO,2023-09-18T02:00:00,2023-09-18T03:00:00,2023-09-17T22:05:00,80,15.52,58.11,26.72,2500,4871,820,79,1038,563,,
2023-09-17T22:17:31,,2023_09_17-22_23,2023_09_17-22_23-4,Sell,1500,IFA1/IFA2/BN/NEMO,2023-09-18T03:00:00,2023-09-18T04:00:00,2023-09-17T22:05:00,80,44.97,64.03,52.01,1500,4294,295,44,858,303,,
2023-09-17T22:17:31,,2023_09_17-22_23,2023_09_17-22_23-5,Buy,400,IFA2,2023-09-18T06:00:00,2023-09-18T07:00:00,2023-09-17T22:05:00,90,129,115.67,122.26,267,267,,,,267,,
2023-09-17T22:17:31,,2023_09_17-22_23,2023_09_17-22_23-6,Buy,400,IFA1/NEMO/EL,2023-09-18T06:00:00,2023-09-18T07:00:00,2023-09-17T22:05:00,90,148.08,117.21,134.13,247,1875,,,100,,147,
2023-09-17T22:17:31,,2023_09_17-22_23,2023_09_17-22_23-7,Sell,250,IFA1/NEMO/EL,2023-09-18T07:00:00,2023-09-18T08:00:00,2023-09-17T22:05:00,120,91.6,93.02,92.45,250,3298,5,,95,,150,
2023-09-17T22:17:31,,2023_09_17-22_23,2023_09_17-22_23-8,Sell,250,IFA1/NEMO/EL,2023-09-18T08:00:00,2023-09-18T09:00:00,2023-09-17T22:05:00,120,77.75,78.85,78.46,250,3298,5,,65,,180,
2023-09-17T22:17:31,,2023_09_17-22_23,2023_09_17-22_23-9,Sell,400,IFA1/NEMO/EL,2023-09-18T09:00:00,2023-09-18T10:00:00,2023-09-17T22:05:00,100,61.54,61.8,61.66,400,3707,,,50,,350,
2023-09-17T22:17:31,,2023_09_17-22_23,2023_09_17-22_23-10,Sell,400,IFA1/NEMO/EL,2023-09-18T10:00:00,2023-09-18T11:00:00,2023-09-17T22:05:00,100,45.04,48.72,47.05,400,4369,,,400,,,
2023-09-17T22:17:31,,2023_09_17-22_23,2023_09_17-22_23-11,Sell,250,IFA1/NEMO/EL,2023-09-18T11:00:00,2023-09-18T12:00:00,2023-09-17T22:05:00,90,28.32,28.32,28.32,250,3262,,,,,,
2023-09-18T18:46:47,,2023_09_18-19_01,2023_09_18-19_01-1,Sell,800,IFA1/IFA2/NEMO,2023-09-18T21:00:00,2023-09-18T22:00:00,2023-09-18T18:40:00,70,27,39.68,29.68,800,1540,356,,143,301,,
2023-09-18T18:46:47,"Due to French electricity system conditions, NGESO is unable to trade on the interconnectors joining GB and France.",2023_09_18-19_01,2023_09_18-19_01-2,Sell,2000,IFA1/IFA2/NEMO/EL,2023-09-18T22:00:00,2023-09-18T23:00:00,2023-09-18T18:40:00,35,-11.46,4.1,-4.2,2000,7940,600,,1000,400,,
2023-09-18T18:46:47,"Due to French electricity system conditions, NGESO is unable to trade on the interconnectors joining GB and France.",2023_09_18-19_01,2023_09_18-19_01-3,Sell,1700,IFA1/IFA2/NEMO/EL,2023-09-18T23:00:00,2023-09-19T00:00:00,2023-09-18T18:40:00,20,-19.16,2.46,-7.07,1679,6133,687,,679,313,,
2023-09-18T18:46:47,"Due to French electricity system conditions, NGESO is unable to trade on the interconnectors joining GB and France.",2023_09_18-19_01,2023_09_18-19_01-4,Sell,1300,IFA1/IFA2/NEMO/EL,2023-09-19T00:00:00,2023-09-19T01:00:00,2023-09-18T18:40:00,7,-12.88,2.46,-4.76,1300,4814,419,,300,481,100,
2023-09-18T18:46:47,"Due to French electricity system conditions, NGESO is unable to trade on the interconnectors joining GB and France.",2023_09_18-19_01,2023_09_18-19_01-5,Sell,1300,IFA1/IFA2/NEMO/EL,2023-09-19T01:00:00,2023-09-19T02:00:00,2023-09-18T18:40:00,5,-13.37,2.46,-6.01,1300,4752,538,,300,462,,
2023-09-18T18:46:47,"Due to French electricity system conditions, NGESO is unable to trade on the interconnectors joining GB and France.",2023_09_18-19_01,2023_09_18-19_01-6,Sell,2000,IFA1/IFA2/NEMO/EL,2023-09-19T02:00:00,2023-09-19T03:00:00,2023-09-18T18:40:00,5,-13.94,0.82,-5.28,1256,4969,495,,256,405,100,
2023-09-18T18:46:47,,2023_09_18-19_01,2023_09_18-19_01-7,Sell,1100,IFA1/IFA2/NEMO/EL,2023-09-19T03:00:00,2023-09-19T04:00:00,2023-09-18T18:40:00,7,-8.89,2.46,-3.74,1100,4016,503,,114,283,200,
2023-09-18T18:46:47,"Due to French electricity system conditions, NGESO is unable to trade on the interconnectors joining GB and France.",2023_09_18-19_01,2023_09_18-19_01-8,Sell,1500,IFA1/IFA2/NEMO/EL,2023-09-19T04:00:00,2023-09-19T05:00:00,2023-09-18T18:40:00,35,31.7,60.76,47.4,1206,3614,454,,206,445,101,
2023-09-18T18:46:47,,2023_09_18-19_01,2023_09_18-19_01-9,Sell,300,IFA1/IFA2/NEMO/EL,2023-09-19T05:00:00,2023-09-19T06:00:00,2023-09-18T18:40:00,85,86.91,88.68,87.79,300,3955,300,,,,,
2023-09-18T22:17:29,,2023_09_18-22_45,2023_09_18-22_45-1,Buy,600,IFA1/IFA2/NEMO/EL,2023-09-19T06:00:00,2023-09-19T07:00:00,2023-09-18T22:15:00,65,120.34,114.14,118.03,600,4177,25,,273,,302,
2023-09-19T19:22:17,,2023_09_19-19_40,2023_09_19-19_40-1,Sell,500,IFA1/IFA2/NEMO,2023-09-19T23:00:00,2023-09-20T00:00:00,2023-09-19T19:15:00,10,1.99,5.71,4.02,500,3802,252,,97,151,,
2023-09-19T19:22:17,,2023_09_19-19_40,2023_09_19-19_40-2,Sell,500,IFA1/IFA2/NEMO,2023-09-20T00:00:00,2023-09-20T01:00:00,2023-09-19T19:15:00,10,0.09,4.64,2.38,500,3336,151,,198,151,,
2023-09-19T19:22:17,,2023_09_19-19_40,2023_09_19-19_40-3,Sell,500,IFA1/IFA2/NEMO,2023-09-20T01:00:00,2023-09-20T02:00:00,2023-09-19T19:15:00,10,0.35,5.03,2.62,500,3280,151,,198,151,,
2023-09-19T19:22:17,,2023_09_19-19_40,2023_09_19-19_40-4,Sell,500,IFA1/IFA2/NEMO,2023-09-20T02:00:00,2023-09-20T03:00:00,2023-09-19T19:15:00,10,1.62,9.19,5.29,500,3278,151,,248,101,,
2023-09-19T19:22:17,,2023_09_19-19_40,2023_09_19-19_40-5,Sell,300,IFA1/IFA2/NEMO,2023-09-20T03:00:00,2023-09-20T04:00:00,2023-09-19T19:15:00,10,3.99,6.31,5.32,300,2049,151,,89,60,,
2023-09-19T19:22:17,,2023_09_19-19_40,2023_09_19-19_40-6,Sell,700,IFA1/IFA2/EL,2023-09-20T04:00:00,2023-09-20T05:00:00,2023-09-19T19:15:00,10,-38,67.09,3.45,700,864,332,,,280,88,
2023-09-19T22:35:32,,2023_09_19-22_57,2023_09_19-22_57-1,Buy,800,IFA1/IFA2/EL/NEMO,2023-09-20T06:00:00,2023-09-20T07:00:00,2023-09-19T22:30:00,65,95,91.44,93.26,800,5935,124,,75,450,151,
2023-09-20T18:38:50,,2023_09_20-18_57,2023_09_20-18_57-1,Sell,2100,IFA1/IFA2/NEMO/EL,2023-09-20T22:00:00,2023-09-20T23:00:00,2023-09-20T18:35:00,60,30.88,52.12,37.57,2100,8363,927,,434,225,514,
2023-09-20T18:38:50,,2023_09_20-18_57,2023_09_20-18_57-2,Sell,3100,IFA1/IFA2/NEMO/EL,2023-09-20T23:00:00,2023-09-21T00:00:00,2023-09-20T18:35:00,55,9.86,33.09,15.65,3100,8372,1142,,1001,330,627,
2023-09-20T18:38:50,,2023_09_20-18_57,2023_09_20-18_57-3,Sell,3100,IFA1/IFA2/NEMO/EL,2023-09-21T00:00:00,2023-09-21T01:00:00,2023-09-20T18:35:00,55,4.22,24.06,10.83,3100,8776,1191,,776,520,613,
2023-09-20T18:38:50,,2023_09_20-18_57,2023_09_20-18_57-4,Sell,3100,IFA1/IFA2/NEMO/EL,2023-09-21T01:00:00,2023-09-21T02:00:00,2023-09-20T18:35:00,60,-22,2.71,-14.29,3100,8609,985,,1025,530,560,
2023-09-20T18:38:50,,2023_09_20-18_57,2023_09_20-18_57-5,Sell,2800,IFA1/IFA2/NEMO/EL,2023-09-21T02:00:00,2023-09-21T03:00:00,2023-09-20T18:35:00,70,-21.55,7.7,-13.42,2800,8609,1030,,750,460,560,
2023-09-20T18:38:50,,2023_09_20-18_57,2023_09_20-18_57-6,Sell,2500,IFA1/IFA2/NEMO/EL,2023-09-21T03:00:00,2023-09-21T04:00:00,2023-09-20T18:35:00,85,10.3,31.52,15.37,2500,8946,951,,551,438,560,
2023-09-20T18:38:50,,2023_09_20-18_57,2023_09_20-18_57-7,Sell,1000,IFA1/IFA2/NEMO/EL,2023-09-21T04:00:00,2023-09-21T05:00:00,2023-09-20T18:35:00,100,59.33,77.76,64.8,1000,8134,310,,447,206,37,
2023-09-21T11:32:56,,2023_09_21-11_48,2023_09_21-11_48-1,Buy,400,NEMO,2023-09-21T15:00:00,2023-09-21T16:00:00,2023-09-21T11:20:00,70,0,0,0,0,1227,,,,,,
2023-09-21T11:32:56,,2023_09_21-11_48,2023_09_21-11_48-2,Buy,400,NEMO,2023-09-21T16:00:00,2023-09-21T17:00:00,2023-09-21T11:20:00,80,0,0,0,0,2980,,,,,,
2023-09-21T11:32:56,,2023_09_21-11_48,2023_09_21-11_48-3,Buy,400,NEMO,2023-09-21T17:00:00,2023-09-21T18:00:00,2023-09-21T11:20:00,95,0,0,0,0,2880,,,,,,
2023-09-21T11:32:56,,2023_09_21-11_48,2023_09_21-11_48-4,Buy,400,NEMO,2023-09-21T18:00:00,2023-09-21T19:00:00,2023-09-21T11:20:00,100,0,0,0,0,3021,,,,,,
2023-09-22T12:53:29,,2023_09_22-12_56,2023_09_22-12_56-1,Buy,500,IFA1/IFA2/NEMO,2023-09-22T16:00:00,2023-09-22T17:00:00,2023-09-22T12:30:00,75,0,0,0,0,2874,,,,,,
2023-09-22T12:53:29,,2023_09_22-12_56,2023_09_22-12_56-2,Buy,500,IFA1/IFA2/NEMO,2023-09-22T17:00:00,2023-09-22T18:00:00,2023-09-22T12:30:00,85,0,0,0,0,2713,,,,,,
2023-09-22T12:53:29,,2023_09_22-12_56,2023_09_22-12_56-3,Buy,500,IFA1/IFA2/NEMO/EL,2023-09-22T18:00:00,2023-09-22T19:00:00,2023-09-22T12:30:00,90,0,0,0,0,4375,,,,,,
2023-09-22T12:53:29,,2023_09_22-12_56,2023_09_22-12_56-4,Buy,500,IFA1/IFA2/NEMO/EL,2023-09-22T19:00:00,2023-09-22T20:00:00,2023-09-22T12:30:00,80,0,0,0,0,4709,,,,,,
2023-09-23T11:20:18,,2023_09_23-11_35,2023_09_23-11_35-1,Buy,1000,IFA1/BN/NEMO/IFA2/EL,2023-09-23T16:00:00,2023-09-23T17:00:00,2023-09-23T11:10:00,90,110,99.09,104.03,1000,8372,480,,,423,97,
2023-09-23T11:20:18,,2023_09_23-11_35,2023_09_23-11_35-2,Buy,1000,IFA1/BN/NEMO/IFA2/EL,2023-09-23T17:00:00,2023-09-23T18:00:00,2023-09-23T11:10:00,100,125.44,117.19,121.44,1000,8785,550,,50,336,64,
2023-09-23T11:20:18,,2023_09_23-11_35,2023_09_23-11_35-3,Buy,800,IFA1/BN/NEMO/IFA2/EL,2023-09-23T18:00:00,2023-09-23T19:00:00,2023-09-23T11:10:00,100,131.63,127.55,129.71,800,8590,552,,150,23,75,
2023-09-23T18:35:56,,2023_09_23-19_00,2023_09_23-19_00-1,Sell,500,IFA1/IFA2/EL,2023-09-23T23:00:00,2023-09-24T00:00:00,2023-09-23T18:30:00,90,63.5,69.65,65.85,500,1403,343,,,,157,
2023-09-23T18:35:56,,2023_09_23-19_00,2023_09_23-19_00-2,Sell,400,IFA1/IFA2/EL,2023-09-24T00:00:00,2023-09-24T01:00:00,2023-09-23T18:30:00,80,54.85,61.77,57.55,400,907,201,,,,199,
2023-09-23T18:35:56,,2023_09_23-19_00,2023_09_23-19_00-3,Sell,800,IFA1/IFA2/EL,2023-09-24T01:00:00,2023-09-24T02:00:00,2023-09-23T18:30:00,60,0.92,45.63,29.53,800,1290,100,,,500,200,
2023-09-23T18:35:56,,2023_09_23-19_00,2023_09_23-19_00-4,Sell,800,IFA1/IFA2/EL,2023-09-24T02:00:00,2023-09-24T03:00:00,2023-09-23T18:30:00,50,0.32,43.59,29.95,800,1249,200,,,300,300,
2023-09-23T18:35:56,,2023_09_23-19_00,2023_09_23-19_00-5,Sell,1250,IFA1/IFA2/EL,2023-09-24T03:00:00,2023-09-24T04:00:00,2023-09-23T18:30:00,50,-9.61,35.16,15.55,1236,1474,250,,,586,400,
2023-09-23T18:35:56,,2023_09_23-19_00,2023_09_23-19_00-6,Sell,600,IFA1/IFA2/EL,2023-09-24T04:00:00,2023-09-24T05:00:00,2023-09-23T18:30:00,50,0.21,21.15,10.08,600,1013,100,,,200,300,
2023-09-23T18:35:56,,2023_09_23-19_00,2023_09_23-19_00-7,Sell,1400,IFA1/IFA2/EL,2023-09-24T05:00:00,2023-09-24T06:00:00,2023-09-23T18:30:00,60,-13.11,30.25,11.88,1376,1814,600,,,476,300,
2023-09-23T23:32:11,,2023_09_23-23_40,2023_09_23-23_40-1,Sell,300,IFA1/IFA2/EL,2023-09-24T04:00:00,2023-09-24T05:00:00,2023-09-23T23:20:00,50,8,12.95,10.14,300,400,100,,,,200,
2023-09-23T23:32:11,,2023_09_23-23_40,2023_09_23-23_40-2,Sell,300,IFA1/IFA2/EL,2023-09-24T05:00:00,2023-09-24T06:00:00,2023-09-23T23:20:00,50,-3.1,5.67,0.89,300,424,47,,,,253,
2023-09-23T23:32:11,,2023_09_23-23_40,2023_09_23-23_40-3,Sell,2000,IFA2/EL,2023-09-24T06:00:00,2023-09-24T07:00:00,2023-09-23T23:20:00,70,-66.5,16.85,-13.52,934,934,,,,138,796,
2023-09-23T23:32:11,,2023_09_23-23_40,2023_09_23-23_40-4,Sell,1900,IFA2/BN/NEMO/EL,2023-09-24T07:00:00,2023-09-24T08:00:00,2023-09-23T23:20:00,70,-5.27,20.22,8.47,1900,3798,,50,281,688,881,
2023-09-23T23:32:11,,2023_09_23-23_40,2023_09_23-23_40-5,Sell,3100,IFA2/BN/NEMO/EL,2023-09-24T08:00:00,2023-09-24T09:00:00,2023-09-23T23:20:00,70,-27.69,-7.86,-17.1,3100,7641,,450,1200,385,1065,
2023-09-23T23:32:11,,2023_09_23-23_40,2023_09_23-23_40-6,Sell,3200,IFA2/BN/NEMO/EL,2023-09-24T09:00:00,2023-09-24T10:00:00,2023-09-23T23:20:00,70,-30,-3.83,-17.33,3200,6526,,250,437,1160,1353,
2023-09-23T23:32:11,,2023_09_23-23_40,2023_09_23-23_40-7,Sell,3700,IFA1/IFA2/BN/NEMO/EL,2023-09-24T10:00:00,2023-09-24T11:00:00,2023-09-23T23:20:00,40,-20.34,-7.09,-14.38,3700,11225,1101,100,295,1251,953,
2023-09-23T23:32:11,,2023_09_23-23_40,2023_09_23-23_40-8,Sell,4100,IFA1/IFA2/BN/NEMO/EL,2023-09-24T11:00:00,2023-09-24T12:00:00,2023-09-23T23:20:00,30,-28,-10.11,-19.16,4100,11805,1375,50,50,1775,850,
2023-09-24T06:15:23,,2023_09_24-06_36,2023_09_24-06_36-1,Sell,450,NEMO/BN,2023-09-24T10:00:00,2023-09-24T11:00:00,2023-09-24T06:05:00,50,-24.88,-18.11,-22.73,450,4530,,,450,,,
2023-09-24T08:41:15,,2023_09_24-09_03,2023_09_24-09_03-1,Sell,4100,IFA1/BN/NEMO/IFA2/EL,2023-09-24T12:00:00,2023-09-24T13:00:00,2023-09-24T08:35:00,20,-47.44,-27.12,-38.18,4100,7796,1175,338,663,929,995,
2023-09-24T08:41:15,,2023_09_24-09_03,2023_09_24-09_03-2,Sell,3500,IFA1/BN/NEMO/IFA2/EL,2023-09-24T13:00:00,2023-09-24T14:00:00,2023-09-24T08:35:00,20,-49,-27.12,-37.71,3500,6711,1036,348,589,880,647,
2023-09-24T08:41:15,,2023_09_24-09_03,2023_09_24-09_03-3,Sell,2800,IFA1/BN/NEMO/IFA2/EL,2023-09-24T14:00:00,2023-09-24T15:00:00,2023-09-24T08:35:00,40,-36.28,-23.23,-29.97,2800,13178,1502,,150,951,197,
2023-09-24T12:55:25,,2023_09_24-13_21,2023_09_24-13_21-1,Sell,300,IFA1/NEMO/IFA2,2023-09-24T15:00:00,2023-09-24T16:00:00,2023-09-24T12:50:00,60,9.35,13.69,11.62,300,1736,267,,,33,,
2023-09-24T12:55:25,,2023_09_24-13_21,2023_09_24-13_21-2,Buy,600,IFA1/BN/NEMO/IFA2,2023-09-24T17:00:00,2023-09-24T18:00:00,2023-09-24T12:50:00,85,117.65,110.06,114.93,600,2214,62,248,250,40,,
2023-09-24T12:55:25,,2023_09_24-13_21,2023_09_24-13_21-3,Buy,300,IFA1/BN/NEMO/IFA2/EL,2023-09-24T18:00:00,2023-09-24T19:00:00,2023-09-24T12:50:00,85,112.31,109.98,110.57,300,3112,90,185,,25,,
2023-09-24T22:16:11,,2023_09_24-22_40,2023_09_24-22_40-1,Buy,600,IFA1/BN/IFA2/EL,2023-09-25T05:00:00,2023-09-25T06:00:00,2023-09-24T22:10:00,75,126.01,121.74,125.05,600,4313,461,,,89,50,
2023-09-24T22:16:11,,2023_09_24-22_40,2023_09_24-22_40-2,Buy,1300,IFA1/BN/IFA2/EL,2023-09-25T06:00:00,2023-09-25T07:00:00,2023-09-24T22:10:00,95,143,135.92,140.85,1300,5060,520,71,,411,298,
2023-09-24T22:16:11,,2023_09_24-22_40,2023_09_24-22_40-3,Buy,500,IFA1/BN/IFA2/EL,2023-09-25T07:00:00,2023-09-25T08:00:00,2023-09-24T22:10:00,80,118.3,114.46,116.71,500,3642,211,,,50,239,
2023-09-25T13:03:40,,2023_09_25-13_22,2023_09_25-13_22-1,Buy,500,IFA1/IFA2/BN,2023-09-25T15:00:00,2023-09-25T16:00:00,2023-09-25T13:00:00,75,85.68,78.12,83.17,500,3806,401,,,99,,
2023-09-25T13:03:40,,2023_09_25-13_22,2023_09_25-13_22-2,Buy,500,IFA1/IFA2/BN,2023-09-25T16:00:00,2023-09-25T17:00:00,2023-09-25T13:00:00,90,128.25,116.35,123.85,500,3678,378,,,122,,
2023-09-25T13:03:40,,2023_09_25-13_22,2023_09_25-13_22-3,Buy,500,IFA1/IFA2/BN,2023-09-25T17:00:00,2023-09-25T18:00:00,2023-09-25T13:00:00,100,155.41,142.45,148.71,500,3459,312,,,188,,
2023-09-25T13:03:40,,2023_09_25-13_22,2023_09_25-13_22-4,Buy,500,IFA1/IFA2/BN/EL,2023-09-25T18:00:00,2023-09-25T19:00:00,2023-09-25T13:00:00,100,138.5,130.09,135.13,500,7141,260,,,40,200,
2023-09-25T13:03:40,,2023_09_25-13_22,2023_09_25-13_22-5,Buy,500,IFA1/IFA2/BN/EL,2023-09-25T19:00:00,2023-09-25T20:00:00,2023-09-25T13:00:00,90,115.11,109.92,113.68,500,7039,100,50,,50,300,
2023-09-25T13:03:40,,2023_09_25-13_22,2023_09_25-13_22-6,Buy,500,IFA1/IFA2/BN/EL,2023-09-25T20:00:00,2023-09-25T21:00:00,2023-09-25T13:00:00,80,105.9,101.18,104.63,500,6978,140,160,,100,100,
2023-09-25T23:53:00,"Due to French electricity system conditions, NGESO is unable to trade on the interconnectors joining GB and France. For more information, see this link to French margin graph: https://www.services-rte.com/en/view-data-published-by-rte/balancing-capacities.html#:~:text=RTE%20proposes%20on%20this%20web,best%20hypothesis%20at%20our%20disposal",2023_09_26-00_20,2023_09_26-00_20-1,Buy,1100,IFA1/IFA2/EL/BN,2023-09-26T05:00:00,2023-09-26T06:00:00,2023-09-25T23:45:00,80,304.5,130.92,209.67,1100,4977,60,600,,240,200,
2023-09-25T23:53:00,"Due to French electricity system conditions, NGESO is unable to trade on the interconnectors joining GB and France. For more information, see this link to French margin graph: https://www.services-rte.com/en/view-data-published-by-rte/balancing-capacities.html#:~:text=RTE%20proposes%20on%20this%20web,best%20hypothesis%20at%20our%20disposal",2023_09_26-00_20,2023_09_26-00_20-2,Buy,1500,IFA1/IFA2/EL/BN,2023-09-26T06:00:00,2023-09-26T07:00:00,2023-09-25T23:45:00,105,167.3,143.65,153.47,1500,7739,585,400,,298,217,
2023-09-26T22:54:43,,2023_09_26-22_54,2023_09_26-22_54-1,Buy,1500,IFA1/BN/IFA2/EL,2023-09-27T05:00:00,2023-09-27T06:00:00,2023-09-26T22:45:00,85,151.36,130,141.09,1500,4079,865,,,388,247,
2023-09-26T22:54:43,,2023_09_26-22_54,2023_09_26-22_54-2,Buy,1400,IFA1/BN/IFA2/EL,2023-09-27T06:00:00,2023-09-27T07:00:00,2023-09-26T22:45:00,100,156.71,131,149.14,1400,4442,743,,,559,98,
2023-09-26T22:54:43,,2023_09_26-22_54,2023_09_26-22_54-3,Buy,700,IFA1/BN/IFA2/EL,2023-09-27T07:00:00,2023-09-27T08:00:00,2023-09-26T22:45:00,85,125.51,120,122.91,700,3013,367,,,245,88,
2023-09-27T12:12:50,,2023_09_27-12_40,2023_09_27-12_40-1,Buy,350,IFA1/IFA2/BN,2023-09-27T14:00:00,2023-09-27T15:00:00,2023-09-27T12:05:00,60,93.87,92.24,93.1,350,3112,265,,,85,,
2023-09-27T12:12:50,,2023_09_27-12_40,2023_09_27-12_40-2,Buy,400,IFA1/IFA2/BN,2023-09-27T16:00:00,2023-09-27T17:00:00,2023-09-27T12:05:00,60,104.01,86,93.61,400,4456,202,,,198,,
2023-09-27T12:12:50,,2023_09_27-12_40,2023_09_27-12_40-3,Buy,200,IFA1/IFA2/BN,2023-09-27T17:00:00,2023-09-27T18:00:00,2023-09-27T12:05:00,80,125.34,125.34,125.34,200,4975,200,,,,,
2023-09-27T12:12:50,,2023_09_27-12_40,2023_09_27-12_40-4,Buy,200,IFA1/IFA2,2023-09-27T17:00:00,2023-09-27T18:00:00,2023-09-27T12:05:00,80,125.34,125.34,125.34,200,3488,200,,,,,
2023-09-27T23:04:58,"Due to French electricity system conditions, NGESO is unable to trade on the interconnectors joining GB and France. For more information, see this link to French margin graph: https://www.services-rte.com/en/view-data-published-by-rte/balancing-capacities.html#:~:text=RTE%20proposes%20on%20this%20web,best%20hypothesis%20at%20our%20disposal",2023_09_27-23_30,2023_09_27-23_30-1,Buy,2400,IFA1/IFA2/EL/BN,2023-09-28T06:00:00,2023-09-28T07:00:00,2023-09-27T23:00:00,90,157.82,127.2,139.18,2400,10307,510,1400,,490,,
2023-09-27T23:04:58,,2023_09_27-23_30,2023_09_27-23_30-2,Buy,700,IFA1/IFA2/EL/BN,2023-09-28T07:00:00,2023-09-28T08:00:00,2023-09-27T23:00:00,80,113.72,109.99,111.67,700,6893,158,,,292,250,
2023-09-28T07:35:17,,2023_09_28-07_37,2023_09_28-07_37-1,Buy,900,BN/EL,2023-09-28T16:00:00,2023-09-28T17:00:00,2023-09-28T07:15:00,80,146.83,134.5,141.54,900,9785,,,,,900,
2023-09-28T07:35:17,,2023_09_28-07_37,2023_09_28-07_37-2,Buy,400,IFA1/IFA2/BN/EL,2023-09-28T17:00:00,2023-09-28T18:00:00,2023-09-28T07:15:00,100,157.9,147,155.39,400,13044,,,,,400,
2023-09-28T07:35:17,,2023_09_28-07_37,2023_09_28-07_37-3,Buy,0,IFA1/IFA2/BN/EL,2023-09-28T18:00:00,2023-09-28T19:00:00,2023-09-28T07:15:00,100,0,0,0,0,13214,,,,,,
2023-09-28T15:21:07,,2023_09_28-15_53,2023_09_28-15_53-1,Buy,500,IFA1/IFA2/BN,2023-09-28T17:00:00,2023-09-28T18:00:00,2023-09-28T15:15:00,70,136.59,120.88,132.45,500,3589,224,,,276,,
2023-09-28T15:21:07,,2023_09_28-15_53,2023_09_28-15_53-2,Buy,400,IFA1/IFA2/BN,2023-09-28T18:00:00,2023-09-28T19:00:00,2023-09-28T15:15:00,70,137.43,129.43,135.14,400,5373,275,,,125,,
2023-09-28T15:21:07,,2023_09_28-15_53,2023_09_28-15_53-3,Buy,1000,IFA1/BN,2023-09-28T21:00:00,2023-09-28T22:00:00,2023-09-28T15:15:00,50,95,91.87,93.43,1000,5710,675,325,,,,
2023-09-28T19:53:42,,2023_09_28-20_02,2023_09_28-20_02-1,Sell,1200,IFA1/IFA2,2023-09-28T22:00:00,2023-09-28T23:00:00,2023-09-28T19:45:00,95,60.96,82.07,68.86,1200,2606,716,,,484,,
2023-09-28T19:53:42,,2023_09_28-20_02,2023_09_28-20_02-2,Sell,1500,IFA1/IFA2,2023-09-28T23:00:00,2023-09-29T00:00:00,2023-09-28T19:45:00,80,15.8,47.7,30.67,1500,2817,834,,,666,,
2023-09-28T19:53:42,,2023_09_28-20_02,2023_09_28-20_02-3,Sell,2300,IFA1/IFA2,2023-09-29T00:00:00,2023-09-29T01:00:00,2023-09-28T19:45:00,65,-24.09,25.33,-0.87,2300,3082,1405,,,895,,
2023-09-28T19:53:42,,2023_09_28-20_02,2023_09_28-20_02-4,Sell,2500,IFA1/IFA2,2023-09-29T01:00:00,2023-09-29T02:00:00,2023-09-28T19:45:00,40,-53.49,17.75,-27.48,2500,3030,1291,,,1209,,
2023-09-28T19:53:42,,2023_09_28-20_02,2023_09_28-20_02-5,Sell,2500,IFA1/IFA2,2023-09-29T02:00:00,2023-09-29T03:00:00,2023-09-28T19:45:00,40,-50.23,7.35,-30.06,2500,3159,1315,,,1185,,
2023-09-28T19:53:42,,2023_09_28-20_02,2023_09_28-20_02-6,Sell,2500,IFA1/IFA2,2023-09-29T03:00:00,2023-09-29T04:00:00,2023-09-28T19:45:00,55,-59.95,16.89,-33.68,2500,2843,1340,,,1160,,
2023-09-28T19:53:42,,2023_09_28-20_02,2023_09_28-20_02-7,Sell,1300,IFA1/IFA2,2023-09-29T04:00:00,2023-09-29T05:00:00,2023-09-28T19:45:00,75,32.64,59.92,44.89,1300,2326,600,,,700,,
2023-09-29T13:07:35,,2023_09_29-13_34,2023_09_29-13_34-1,Buy,400,IFA1/IFA2/BN,2023-09-29T16:00:00,2023-09-29T17:00:00,2023-09-29T13:05:00,75,96.29,93.96,95.49,400,3400,69,292,,39,,
2023-09-29T13:07:35,,2023_09_29-13_34,2023_09_29-13_34-2,Buy,400,IFA1/IFA2/BN,2023-09-29T17:00:00,2023-09-29T18:00:00,2023-09-29T13:05:00,85,109.87,106.48,108.83,400,3164,10,300,,90,,
2023-09-29T13:07:35,,2023_09_29-13_34,2023_09_29-13_34-3,Buy,400,IFA1/IFA2/BN/EL,2023-09-29T18:00:00,2023-09-29T19:00:00,2023-09-29T13:05:00,90,111.37,106.82,109.43,400,5406,64,185,,151,,
2023-09-29T13:07:35,,2023_09_29-13_34,2023_09_29-13_34-4,Buy,400,IFA1/IFA2/BN/EL,2023-09-29T19:00:00,2023-09-29T20:00:00,2023-09-29T13:05:00,80,97.26,93.6,96.1,400,5043,39,199,,39,123,
2023-09-30T00:20:34,,2023_09_30-00_46,2023_09_30-00_46-1,Buy,800,IFA1/BN/IFA2/EL,2023-09-30T05:00:00,2023-09-30T06:00:00,2023-09-30T00:15:00,74,125,98.79,110.23,800,1841,207,,,342,251,
2023-09-30T00:20:34,,2023_09_30-00_46,2023_09_30-00_46-2,Buy,1100,IFA1/BN/IFA2/EL,2023-09-30T06:00:00,2023-09-30T07:00:00,2023-09-30T00:15:00,80,178.62,102.4,138.87,1100,2633,250,428,,185,237,
2023-10-01T00:06:26,,2023_10_01-00_21,2023_10_01-00_21-1,Sell,1400,IFA1/IFA2/EL/BN,2023-10-01T06:00:00,2023-10-01T07:00:00,2023-10-01T00:00:00,70,59.24,72.21,65.71,1400,4243,625,153,,269,353,
2023-10-01T00:06:26,,2023_10_01-00_21,2023_10_01-00_21-2,Sell,900,IFA1/IFA2/EL/BN,2023-10-01T07:00:00,2023-10-01T08:00:00,2023-10-01T00:00:00,70,55.5,62.64,58.06,900,4801,225,237,,236,202,
2023-10-01T00:06:26,,2023_10_01-00_21,2023_10_01-00_21-3,Sell,600,IFA1/IFA2/EL/BN,2023-10-01T08:00:00,2023-10-01T09:00:00,2023-10-01T00:00:00,80,30.45,35.67,33.49,600,5169,,359,,140,101,
2023-10-01T00:06:26,,2023_10_01-00_21,2023_10_01-00_21-4,Sell,200,IFA1/IFA2/EL/BN,2023-10-01T09:00:00,2023-10-01T10:00:00,2023-10-01T00:00:00,85,8.7,9.51,8.78,200,2874,56,,,20,124,
2023-10-01T11:29:38,"Due to French electricity system conditions, NGESO is unable to trade on the interconnectors joining GB and France.",2023_10_01-11_48,2023_10_01-11_48-1,Buy,450,IFA1/BN/IFA2/EL,2023-10-01T16:00:00,2023-10-01T17:00:00,2023-10-01T11:20:00,80,130.47,116,126.67,450,6229,,450,,,,
2023-10-01T11:29:38,,2023_10_01-11_48,2023_10_01-11_48-2,Buy,850,IFA1/BN/IFA2/EL,2023-10-01T17:00:00,2023-10-01T18:00:00,2023-10-01T11:20:00,90,126.07,121,123.74,850,6580,481,45,,157,167,
2023-10-01T11:29:38,,2023_10_01-11_48,2023_10_01-11_48-3,Buy,250,IFA1/BN/IFA2/EL,2023-10-01T18:00:00,2023-10-01T19:00:00,2023-10-01T11:20:00,100,120.52,118.38,119.52,250,6639,100,45,,,105,
2023-10-01T11:29:38,,2023_10_01-11_48,2023_10_01-11_48-4,Buy,150,IFA1/BN/IFA2/EL,2023-10-01T19:00:00,2023-10-01T20:00:00,2023-10-01T11:20:00,80,105.54,103,103.85,150,6478,150,,,,,
2023-10-01T11:29:38,,2023_10_01-11_48,2023_10_01-11_48-5,Buy,150,IFA1/BN/IFA2/EL,2023-10-01T20:00:00,2023-10-01T21:00:00,2023-10-01T11:20:00,70,98.99,98.79,98.86,150,6334,50,,,,100,
2023-10-01T23:55:57,"Due to French electricity system conditions, NGESO is unable to trade on the interconnectors joining GB and France.",2023_10_02-00_07,2023_10_02-00_07-1,Buy,800,IFA1/IFA2/BN/EL,2023-10-02T04:00:00,2023-10-02T05:00:00,2023-10-01T23:45:00,70,116.58,111.59,114.25,800,5787,,800,,,,
2023-10-01T23:55:57,"Due to French electricity system conditions, NGESO is unable to trade on the interconnectors joining GB and France.",2023_10_02-00_07,2023_10_02-00_07-2,Buy,1200,IFA1/IFA2/BN/EL,2023-10-02T05:00:00,2023-10-02T06:00:00,2023-10-01T23:45:00,95,136.59,128.73,132.12,1200,5239,462,600,,125,13,
2023-10-01T23:55:57,,2023_10_02-00_07,2023_10_02-00_07-3,Buy,1500,IFA1/IFA2/BN/EL,2023-10-02T06:00:00,2023-10-02T07:00:00,2023-10-01T23:45:00,95,147.03,139.2,143.22,1500,8778,850,300,,279,71,
2023-10-01T23:55:57,,2023_10_02-00_07,2023_10_02-00_07-4,Buy,300,IFA1/IFA2/BN/EL,2023-10-02T07:00:00,2023-10-02T08:00:00,2023-10-01T23:45:00,80,124.93,123.43,124.41,300,3756,25,,,177,98,
2023-10-02T10:55:58,,2023_10_02-11_23,2023_10_02-11_23-1,Buy,400,IFA1/BN/IFA2,2023-10-02T13:00:00,2023-10-02T14:00:00,2023-10-02T10:50:00,65,82.29,79.13,80.69,400,1143,99,171,,130,,
2023-10-02T10:55:58,,2023_10_02-11_23,2023_10_02-11_23-2,Buy,1600,IFA1/BN/IFA2,2023-10-02T14:00:00,2023-10-02T15:00:00,2023-10-02T10:50:00,70,93.72,83.5,92.31,1600,12605,472,743,,385,,
2023-10-02T13:15:55,,2023_10_02-13_23,2023_10_02-13_23-1,Buy,2500,IFA1/BN/IFA2,2023-10-02T15:00:00,2023-10-02T16:00:00,2023-10-02T13:05:00,80,130.42,107,116.31,2500,2999,516,1448,,536,,
2023-10-02T13:15:55,,2023_10_02-13_23,2023_10_02-13_23-2,Buy,2100,IFA1/BN/IFA2,2023-10-02T16:00:00,2023-10-02T17:00:00,2023-10-02T13:05:00,95,153.52,142.23,148.56,1950,3744,701,717,,532,,
2023-10-02T13:15:55,,2023_10_02-13_23,2023_10_02-13_23-3,Buy,3450,IFA1/BN/IFA2,2023-10-02T17:00:00,2023-10-02T18:00:00,2023-10-02T13:05:00,110,197.49,179.62,188.42,3300,4819,1175,1109,,1016,,
2023-10-02T13:15:55,,2023_10_02-13_23,2023_10_02-13_23-4,Buy,3250,IFA1/BN/IFA2/EL,2023-10-02T18:00:00,2023-10-02T19:00:00,2023-10-02T13:05:00,105,182.12,140,155.08,3100,10666,1000,256,,850,994,
2023-10-02T13:15:55,,2023_10_02-13_23,2023_10_02-13_23-5,Buy,2350,IFA1/BN/IFA2/EL,2023-10-02T19:00:00,2023-10-02T20:00:00,2023-10-02T13:05:00,85,108.91,101.05,106.96,2200,9948,1094,662,,54,390,
2023-10-02T18:43:15,,2023_10_02-19_01,2023_10_02-19_01-1,Sell,1300,IFA1/BN/IFA2/EL,2023-10-03T01:00:00,2023-10-03T02:00:00,2023-10-02T18:40:00,60,16,22.12,19.3,1300,6908,302,796,,,202,
2023-10-02T18:43:15,,2023_10_02-19_01,2023_10_02-19_01-2,Sell,2500,IFA1/BN/IFA2/EL,2023-10-03T02:00:00,2023-10-03T03:00:00,2023-10-02T18:40:00,50,-16.89,2.2,-8.54,2500,6631,503,1120,,404,473,
2023-10-02T18:43:15,,2023_10_02-19_01,2023_10_02-19_01-3,Sell,2800,IFA1/BN/IFA2/EL,2023-10-03T03:00:00,2023-10-03T04:00:00,2023-10-02T18:40:00,40,-17.92,3.37,-8.68,2800,6382,793,857,,563,587,
2023-10-02T18:43:15,,2023_10_02-19_01,2023_10_02-19_01-4,Sell,2000,IFA1/BN/IFA2/EL,2023-10-03T04:00:00,2023-10-03T05:00:00,2023-10-02T18:40:00,60,-4.22,7.91,1.36,2000,6224,432,780,,101,687,
2023-10-02T18:43:15,,2023_10_02-19_01,2023_10_02-19_01-5,Sell,600,IFA1/BN/IFA2/EL,2023-10-03T05:00:00,2023-10-03T06:00:00,2023-10-02T18:40:00,90,37.17,44,39.7,600,6917,276,50,,,274,
2023-10-02T20:15:07,,2023_10_02-20_38,2023_10_02-20_38-1,Sell,500,IFA1/IFA2/BN,2023-10-03T00:00:00,2023-10-03T01:00:00,2023-10-02T20:10:00,90,49.56,56.38,51.54,500,5407,40,460,,,,
2023-10-02T20:15:07,,2023_10_02-20_38,2023_10_02-20_38-2,Sell,700,IFA1/IFA2/BN,2023-10-03T01:00:00,2023-10-03T02:00:00,2023-10-02T20:10:00,60,20.27,25.42,22.16,700,4319,450,50,,200,,
2023-10-02T20:15:07,,2023_10_02-20_38,2023_10_02-20_38-3,Sell,200,IFA1/IFA2/BN,2023-10-03T02:00:00,2023-10-03T03:00:00,2023-10-02T20:10:00,50,0.85,1.3,1.19,200,2641,195,,,5,,
2023-10-02T20:15:07,,2023_10_02-20_38,2023_10_02-20_38-4,Sell,300,IFA1/IFA2/BN,2023-10-03T03:00:00,2023-10-03T04:00:00,2023-10-02T20:10:00,40,1.69,5.08,3.39,300,2656,200,,,100,,
2023-10-02T20:15:07,,2023_10_02-20_38,2023_10_02-20_38-5,Sell,900,IFA1/IFA2/EL/BN,2023-10-03T04:00:00,2023-10-03T05:00:00,2023-10-02T20:10:00,60,2,10.09,5.55,900,4279,406,175,,250,69,
2023-10-02T20:15:07,,2023_10_02-20_38,2023_10_02-20_38-6,Sell,1600,IFA1/IFA2/EL/BN,2023-10-03T05:00:00,2023-10-03T06:00:00,2023-10-02T20:10:00,90,30.23,42.23,35.47,1600,5997,718,101,,350,431,
2023-10-03T09:32:32,,2023_10_03-09_49,2023_10_03-09_49-1,Sell,500,IFA1/BN/IFA2,2023-10-03T11:00:00,2023-10-03T12:00:00,2023-10-03T09:25:00,25,38.07,39.76,39.07,500,4706,500,,,,,
2023-10-03T09:32:32,,2023_10_03-09_49,2023_10_03-09_49-2,Sell,800,IFA1/BN/IFA2,2023-10-03T12:00:00,2023-10-03T13:00:00,2023-10-03T09:25:00,10,41.16,44.2,43.2,800,4586,800,,,,,
2023-10-03T09:32:32,,2023_10_03-09_49,2023_10_03-09_49-3,Sell,600,BN,2023-10-03T13:00:00,2023-10-03T14:00:00,2023-10-03T09:25:00,50,13.05,26.42,19.32,600,1653,,600,,,,
2023-10-03T09:32:32,,2023_10_03-09_49,2023_10_03-09_49-4,Sell,1000,BN,2023-10-03T14:00:00,2023-10-03T15:00:00,2023-10-03T09:25:00,15,16.8,30.07,20.47,1000,6723,,1000,,,,
2023-10-03T09:32:32,,2023_10_03-09_49,2023_10_03-09_49-5,Sell,1300,BN,2023-10-03T15:00:00,2023-10-03T16:00:00,2023-10-03T09:25:00,60,42.85,51.5,46,1300,6858,,1300,,,,
2023-10-03T19:32:33,,2023_10_03-20_06,2023_10_03-20_06-1,Sell,600,IFA1/IFA2/BN,2023-10-03T21:00:00,2023-10-03T22:00:00,2023-10-03T19:30:00,80,55.54,64,58.99,600,1570,150,284,,166,,
2023-10-03T19:32:33,,2023_10_03-20_06,2023_10_03-20_06-2,Sell,2300,IFA1/IFA2/BN,2023-10-03T22:00:00,2023-10-03T23:00:00,2023-10-03T19:30:00,75,37,57.61,44.41,2300,3189,1076,670,,554,,
2023-10-03T20:48:49,,2023_10_03-21_02,2023_10_03-21_02-1,Sell,2700,IFA1/IFA2/BN,2023-10-03T23:00:00,2023-10-04T00:00:00,2023-10-03T20:40:00,60,-39.05,18.22,-1.47,2682,2796,1107,802,,773,,
2023-10-03T20:48:49,,2023_10_03-21_02,2023_10_03-21_02-2,Sell,2800,IFA1/IFA2/BN,2023-10-04T00:00:00,2023-10-04T01:00:00,2023-10-03T20:40:00,50,-46.86,15,-11.11,2542,2740,909,852,,781,,
2023-10-03T20:48:49,,2023_10_03-21_02,2023_10_03-21_02-3,Sell,2500,IFA1/IFA2/BN,2023-10-04T01:00:00,2023-10-04T02:00:00,2023-10-03T20:40:00,40,-38.18,12.97,-8.28,2500,2841,881,855,,764,,
2023-10-03T20:48:49,,2023_10_03-21_02,2023_10_03-21_02-4,Sell,1900,IFA1/IFA2/BN,2023-10-04T02:00:00,2023-10-04T03:00:00,2023-10-03T20:40:00,40,-38.18,18.03,-8.03,1900,2150,826,388,,686,,
2023-10-03T20:48:49,,2023_10_03-21_02,2023_10_03-21_02-5,Sell,1250,IFA1/IFA2/BN,2023-10-04T03:00:00,2023-10-04T04:00:00,2023-10-03T20:40:00,65,-29.5,37.77,15.74,1153,1449,536,336,,281,,
2023-10-03T20:48:49,,2023_10_03-21_02,2023_10_03-21_02-6,Buy,400,IFA1/IFA2/BN/EL,2023-10-04T05:00:00,2023-10-04T06:00:00,2023-10-03T20:40:00,65,0,0,0,0,4114,,,,,,
2023-10-03T20:48:49,,2023_10_03-21_02,2023_10_03-21_02-7,Buy,600,IFA1/IFA2/BN/EL,2023-10-04T06:00:00,2023-10-04T07:00:00,2023-10-03T20:40:00,80,0,0,0,0,4494,,,,,,
2023-10-03T20:48:49,,2023_10_03-21_02,2023_10_03-21_02-8,Buy,500,IFA1/IFA2/BN/EL,2023-10-04T07:00:00,2023-10-04T08:00:00,2023-10-03T20:40:00,65,103.04,98.92,101.37,500,4404,100,297,,103,,
2023-10-03T23:17:23,,2023_10_03-23_50,2023_10_03-23_50-1,Buy,500,IFA1/IFA2/EL,2023-10-04T05:00:00,2023-10-04T06:00:00,2023-10-03T23:15:00,65,117.53,116.21,116.9,500,4166,386,,,114,,
2023-10-04T09:27:56,,2023_10_04-09_53,2023_10_04-09_53-1,Buy,600,IFA1/IFA2/BN/EL,2023-10-04T15:00:00,2023-10-04T16:00:00,2023-10-04T09:25:00,55,82.44,80.27,81.53,600,10036,175,150,,28,247,
2023-10-04T09:27:56,,2023_10_04-09_53,2023_10_04-09_53-2,Buy,200,IFA1/IFA2/BN/EL,2023-10-04T16:00:00,2023-10-04T17:00:00,2023-10-04T09:25:00,65,87.41,82.06,84.4,200,6236,,200,,,,
2023-10-04T09:27:56,,2023_10_04-09_53,2023_10_04-09_53-3,Buy,200,IFA1/IFA2/BN/EL,2023-10-04T17:00:00,2023-10-04T18:00:00,2023-10-04T09:25:00,80,113.28,110.39,112.36,200,6186,,200,,,,
2023-10-04T17:13:41,,2023_10_04-17_41,2023_10_04-17_41-1,Sell,1700,IFA1/IFA2/BN/EL,2023-10-04T23:00:00,2023-10-05T00:00:00,2023-10-04T17:10:00,75,55,64.34,58.41,1700,9296,850,,,299,551,
2023-10-04T17:13:41,,2023_10_04-17_41,2023_10_04-17_41-2,Sell,2000,IFA1/IFA2/BN/EL,2023-10-05T00:00:00,2023-10-05T01:00:00,2023-10-04T17:10:00,60,47.62,55.39,51.58,2000,9570,1040,,,234,726,
2023-10-04T17:13:41,,2023_10_04-17_41,2023_10_04-17_41-3,Sell,2000,IFA1/IFA2/BN/EL,2023-10-05T01:00:00,2023-10-05T02:00:00,2023-10-04T17:10:00,57,42.1,47.91,44.84,2000,9896,929,40,,380,651,
2023-10-04T17:13:41,,2023_10_04-17_41,2023_10_04-17_41-4,Sell,2000,IFA1/IFA2/BN/EL,2023-10-05T02:00:00,2023-10-05T03:00:00,2023-10-04T17:10:00,65,45.49,54.21,49.16,2000,9848,865,40,,505,590,
2023-10-04T17:13:41,,2023_10_04-17_41,2023_10_04-17_41-5,Sell,1300,IFA1/IFA2/BN/EL,2023-10-05T03:00:00,2023-10-05T04:00:00,2023-10-04T17:10:00,82,58.18,62.63,59.93,1300,8949,629,100,,320,251,
2023-10-05T12:58:44,,2023_10_05-13_18,2023_10_05-13_18-1,Buy,300,IFA1/IFA2/BN,2023-10-05T15:00:00,2023-10-05T16:00:00,2023-10-05T12:55:00,60,80,74.03,76.64,300,4549,,300,,,,
2023-10-05T12:58:44,,2023_10_05-13_18,2023_10_05-13_18-2,Buy,600,IFA1/IFA2/BN,2023-10-05T16:00:00,2023-10-05T17:00:00,2023-10-05T12:55:00,75,117.65,110.57,113.27,600,5202,15,570,,15,,
2023-10-05T12:58:44,,2023_10_05-13_18,2023_10_05-13_18-3,Buy,1300,IFA1/IFA2/BN,2023-10-05T17:00:00,2023-10-05T18:00:00,2023-10-05T12:55:00,77,177.62,171.58,174.24,1300,5667,343,215,,742,,
2023-10-05T12:58:44,,2023_10_05-13_18,2023_10_05-13_18-4,Buy,1300,IFA1/IFA2/BN/EL,2023-10-05T18:00:00,2023-10-05T19:00:00,2023-10-05T12:55:00,73,141.38,134.99,139.39,1300,9954,605,255,,156,284,
2023-10-05T12:58:44,,2023_10_05-13_18,2023_10_05-13_18-5,Buy,1000,IFA1/IFA2/BN/EL,2023-10-05T19:00:00,2023-10-05T20:00:00,2023-10-05T12:55:00,61,104.26,100.79,102.9,1000,10057,390,400,,110,100,
2023-10-05T18:20:10,,2023_10_05-18_40,2023_10_05-18_40-1,Buy,300,IFA1/IFA2/BN,2023-10-05T20:00:00,2023-10-05T21:00:00,2023-10-05T18:15:00,60,93.57,74,86.15,300,3718,85,100,,115,,
2023-10-05T18:20:10,,2023_10_05-18_40,2023_10_05-18_40-2,Buy,600,IFA1/IFA2/BN,2023-10-05T21:00:00,2023-10-05T22:00:00,2023-10-05T18:15:00,60,88.7,72,81.11,600,3673,202,200,,198,,
2023-10-05T21:11:07,,2023_10_05-21_19,2023_10_05-21_19-1,Buy,500,IFA1/IFA2/EL,2023-10-06T05:00:00,2023-10-06T06:00:00,2023-10-05T21:00:00,70,104.95,101.96,104.08,500,3833,204,,,,296,
2023-10-05T21:11:07,,2023_10_05-21_19,2023_10_05-21_19-2,Buy,1900,IFA1/IFA2/EL/BN,2023-10-06T06:00:00,2023-10-06T07:00:00,2023-10-05T21:00:00,90,115.95,109.67,113.58,1900,9263,325,979,,198,398,
2023-10-05T21:11:07,,2023_10_05-21_19,2023_10_05-21_19-3,Buy,900,IFA1/IFA2/EL/BN,2023-10-06T07:00:00,2023-10-06T08:00:00,2023-10-05T21:00:00,80,99.86,91.38,96.61,900,6939,,475,,74,351,
2023-10-06T10:18:22,,2023_10_06-10_51,2023_10_06-10_51-1,Sell,700,IFA1/IFA2/BN,2023-10-06T12:00:00,2023-10-06T13:00:00,2023-10-06T10:15:00,55,9.3,14.4,12.25,700,4304,630,,,70,,
2023-10-06T14:13:18,,2023_10_06-14_43,2023_10_06-14_43-1,Buy,1000,IFA1/IFA2/BN,2023-10-06T17:00:00,2023-10-06T18:00:00,2023-10-06T14:10:00,70,106.58,95.65,103.01,1000,3543,374,354,,272,,
2023-10-06T19:54:07,,2023_10_06-20_17,2023_10_06-20_17-1,Sell,2200,IFA1/IFA2/BN/NEMO,2023-10-06T22:00:00,2023-10-06T23:00:00,2023-10-06T19:50:00,75,36.12,59.66,45.05,2200,7312,774,128,473,825,,
2023-10-06T19:54:07,,2023_10_06-20_17,2023_10_06-20_17-2,Sell,2400,IFA1/IFA2/BN/NEMO,2023-10-06T23:00:00,2023-10-07T00:00:00,2023-10-06T19:50:00,50,24.91,37.2,30.63,2400,7297,427,757,550,666,,
2023-10-06T19:54:07,,2023_10_06-20_17,2023_10_06-20_17-3,Sell,2800,IFA1/IFA2/BN/NEMO,2023-10-07T00:00:00,2023-10-07T01:00:00,2023-10-06T19:50:00,25,-1.04,26,10.88,2800,7081,503,647,986,664,,
2023-10-06T22:48:21,,2023_10_06-23_03,2023_10_06-23_03-1,Sell,1050,IFA1/IFA2/BN/NEMO,2023-10-07T01:00:00,2023-10-07T02:00:00,2023-10-06T22:40:00,30,31.27,44.42,38.12,1050,4347,82,150,706,112,,
2023-10-06T22:48:21,,2023_10_06-23_03,2023_10_06-23_03-2,Sell,1050,BN/NEMO,2023-10-07T02:00:00,2023-10-07T03:00:00,2023-10-06T22:40:00,30,15.48,40.03,27.88,1050,2999,,295,755,,,
2023-10-06T22:48:21,,2023_10_06-23_03,2023_10_06-23_03-3,Sell,1400,BN/NEMO,2023-10-07T03:00:00,2023-10-07T04:00:00,2023-10-06T22:40:00,30,8.24,47.97,24.77,1400,2793,,582,818,,,
2023-10-06T22:48:21,,2023_10_06-23_03,2023_10_06-23_03-4,Sell,750,BN/EL,2023-10-07T04:00:00,2023-10-07T05:00:00,2023-10-06T22:40:00,50,25.8,49.35,38.09,750,2219,,152,,,598,
2023-10-06T22:48:21,,2023_10_06-23_03,2023_10_06-23_03-5,Sell,600,BN/NEMO/EL,2023-10-07T05:00:00,2023-10-07T06:00:00,2023-10-06T22:40:00,75,58.48,64.59,61.6,600,3077,,,25,,575,
2023-10-06T22:48:21,,2023_10_06-23_03,2023_10_06-23_03-6,Sell,300,IFA1/IFA2/BN/NEMO/EL,2023-10-07T06:00:00,2023-10-07T07:00:00,2023-10-06T22:40:00,80,66.04,91,75.12,300,4880,50,125,25,100,,
2023-10-07T01:23:17,,2023_10_07-01_42,2023_10_07-01_42-1,Sell,700,IFA1/BN/NEMO/IFA2/EL,2023-10-07T10:00:00,2023-10-07T11:00:00,2023-10-07T01:15:00,55,5.07,6.63,5.76,700,7105,545,,80,,75,
2023-10-07T01:23:17,,2023_10_07-01_42,2023_10_07-01_42-2,Sell,1200,IFA1/BN/NEMO/IFA2/EL,2023-10-07T11:00:00,2023-10-07T12:00:00,2023-10-07T01:15:00,50,-2.51,0.43,-1.03,1200,8672,620,,225,250,105,
2023-10-07T10:03:00,,2023_10_07-10_28,2023_10_07-10_28-1,Sell,500,BN/NEMO,2023-10-07T12:00:00,2023-10-07T13:00:00,2023-10-07T10:00:00,40,-19.1,-12.81,-15.19,500,2444,,247,253,,,
2023-10-07T10:03:00,,2023_10_07-10_28,2023_10_07-10_28-2,Sell,800,IFA1/BN/NEMO/IFA2,2023-10-07T13:00:00,2023-10-07T14:00:00,2023-10-07T10:00:00,40,5.19,9.32,7.45,800,5742,625,,,175,,
2023-10-07T10:03:00,,2023_10_07-10_28,2023_10_07-10_28-3,Sell,1000,IFA1/BN/NEMO/IFA2,2023-10-07T14:00:00,2023-10-07T15:00:00,2023-10-07T10:00:00,60,39.48,43.26,40.93,1000,9148,965,10,,25,,
2023-10-07T13:08:21,,2023_10_07-13_32,2023_10_07-13_32-1,Buy,455,IFA1/BN/NEMO/IFA2,2023-10-07T16:00:00,2023-10-07T17:00:00,2023-10-07T13:05:00,65,92.19,80.19,85.62,455,4505,253,5,,197,,
2023-10-07T13:08:21,,2023_10_07-13_32,2023_10_07-13_32-2,Buy,1055,IFA1/BN/NEMO/IFA2,2023-10-07T17:00:00,2023-10-07T18:00:00,2023-10-07T13:05:00,80,106.12,93.12,101.76,1055,4597,434,295,,326,,
2023-10-07T13:08:21,,2023_10_07-13_32,2023_10_07-13_32-3,Buy,1355,IFA1/BN/NEMO/IFA2/EL,2023-10-07T20:00:00,2023-10-07T21:00:00,2023-10-07T13:05:00,55,96.87,89.88,93.6,1355,7561,84,147,60,358,706,
2023-10-08T11:35:12,,2023_10_08-11_54,2023_10_08-11_54-1,Buy,500,IFA1/BN/NEMO/IFA2,2023-10-08T14:00:00,2023-10-08T15:00:00,2023-10-08T11:30:00,60,85.39,82.41,83.64,500,4621,50,400,,50,,
2023-10-08T11:35:12,,2023_10_08-11_54,2023_10_08-11_54-2,Buy,950,IFA1/BN/NEMO/IFA2,2023-10-08T15:00:00,2023-10-08T16:00:00,2023-10-08T11:30:00,70,94.47,83.76,90.32,950,7291,207,200,118,425,,
2023-10-08T11:35:12,,2023_10_08-11_54,2023_10_08-11_54-3,Buy,1600,IFA1/BN/NEMO/IFA2,2023-10-08T16:00:00,2023-10-08T17:00:00,2023-10-08T11:30:00,90,124.89,114,121.75,1600,9472,304,453,374,469,,
2023-10-08T11:35:12,,2023_10_08-11_54,2023_10_08-11_54-4,Buy,1600,IFA1/BN/NEMO/IFA2,2023-10-08T17:00:00,2023-10-08T18:00:00,2023-10-08T11:30:00,100,146.86,135,142.35,1600,10852,527,,399,674,,
2023-10-08T15:09:32,,2023_10_08-15_24,2023_10_08-15_24-1,Buy,650,IFA1/BN/NEMO/IFA2,2023-10-08T17:00:00,2023-10-08T18:00:00,2023-10-08T15:05:00,100,140.04,134.59,138.17,650,3197,45,445,160,,,
2023-10-08T15:09:32,,2023_10_08-15_24,2023_10_08-15_24-2,Buy,1100,IFA1/BN/NEMO/IFA2,2023-10-08T18:00:00,2023-10-08T19:00:00,2023-10-08T15:05:00,95,121.76,117.22,120.29,1100,8447,75,441,369,215,,
2023-10-08T15:09:32,,2023_10_08-15_24,2023_10_08-15_24-3,Buy,550,IFA1/BN/NEMO/IFA2,2023-10-08T19:00:00,2023-10-08T20:00:00,2023-10-08T15:05:00,75,102.41,100.36,102.03,550,9750,50,335,100,65,,
2023-10-08T15:09:32,,2023_10_08-15_24,2023_10_08-15_24-4,Buy,800,IFA1/BN/NEMO/IFA2,2023-10-08T20:00:00,2023-10-08T21:00:00,2023-10-08T15:05:00,65,101.63,96.77,99.74,800,10614,109,372,279,40,,
2023-10-08T15:09:32,,2023_10_08-15_24,2023_10_08-15_24-5,Buy,950,IFA1/BN/NEMO/IFA2,2023-10-08T21:00:00,2023-10-08T22:00:00,2023-10-08T15:05:00,65,97.46,94.27,96.21,950,10902,160,431,294,65,,
2023-10-08T15:09:32,,2023_10_08-15_24,2023_10_08-15_24-6,Buy,550,IFA1/BN/NEMO/IFA2,2023-10-08T19:00:00,2023-10-08T20:00:00,2023-10-08T15:05:00,75,104.65,102.41,103.9,550,9750,74,217,219,40,,
2023-10-08T15:09:32,,2023_10_08-15_24,2023_10_08-15_24-7,Buy,800,IFA1/BN/NEMO/IFA2,2023-10-08T20:00:00,2023-10-08T21:00:00,2023-10-08T15:05:00,65,102.38,101.63,101.99,800,10614,355,262,118,65,,
2023-10-08T15:09:32,,2023_10_08-15_24,2023_10_08-15_24-8,Buy,950,IFA1/BN/NEMO/IFA2,2023-10-08T21:00:00,2023-10-08T22:00:00,2023-10-08T15:05:00,65,99.86,97.46,99.06,950,10902,249,224,337,140,,
2023-10-08T21:18:51,Cancelled,2023_10_08-21_45,2023_10_08-21_45-1,Buy,300,IFA1/BN/NEMO/IFA2/EL,2023-10-09T04:00:00,2023-10-09T05:00:00,2023-10-08T21:20:00,65,,,,,,,,,,,
2023-10-08T21:18:51,Cancelled,2023_10_08-21_45,2023_10_08-21_45-2,Buy,1900,IFA1/BN/NEMO/IFA2/EL,2023-10-09T05:00:00,2023-10-09T06:00:00,2023-10-08T21:20:00,75,,,,,,,,,,,
2023-10-08T21:18:51,Cancelled,2023_10_08-21_45,2023_10_08-21_45-3,Buy,2400,IFA1/BN/NEMO/IFA2/EL,2023-10-09T06:00:00,2023-10-09T07:00:00,2023-10-08T21:20:00,75,,,,,,,,,,,
2023-10-08T21:18:51,Cancelled,2023_10_08-21_45,2023_10_08-21_45-4,Buy,1800,IFA1/BN/NEMO/IFA2/EL,2023-10-09T07:00:00,2023-10-09T08:00:00,2023-10-08T21:20:00,80,,,,,,,,,,,
2023-10-08T21:18:51,Cancelled,2023_10_08-21_45,2023_10_08-21_45-5,Buy,1300,IFA1/BN/NEMO/IFA2/EL,2023-10-09T08:00:00,2023-10-09T09:00:00,2023-10-08T21:20:00,75,,,,,,,,,,,
2023-10-08T21:18:51,Cancelled,2023_10_08-21_45,2023_10_08-21_45-6,Buy,900,IFA1/BN/NEMO/IFA2/EL,2023-10-09T09:00:00,2023-10-09T10:00:00,2023-10-08T21:20:00,65,,,,,,,,,,,
2023-10-08T22:04:39,,2023_10_08-22_26,2023_10_08-22_26-1,Buy,300,IFA1/BN/NEMO/IFA2/EL,2023-10-09T04:00:00,2023-10-09T05:00:00,2023-10-08T22:00:00,65,100.57,98.79,99.14,300,4032,98,,100,102,,
2023-10-08T22:04:39,,2023_10_08-22_26,2023_10_08-22_26-2,Buy,1900,IFA1/BN/NEMO/IFA2/EL,2023-10-09T05:00:00,2023-10-09T06:00:00,2023-10-08T22:00:00,75,122.67,117.22,120.83,1600,6669,474,30,775,321,,
2023-10-08T22:04:39,,2023_10_08-22_26,2023_10_08-22_26-3,Buy,2400,IFA1/BN/NEMO/IFA2/EL,2023-10-09T06:00:00,2023-10-09T07:00:00,2023-10-08T22:00:00,75,133.55,128,130.89,1800,9697,600,,556,644,,
2023-10-08T22:04:39,,2023_10_08-22_26,2023_10_08-22_26-4,Buy,1800,IFA1/BN/NEMO/IFA2/EL,2023-10-09T07:00:00,2023-10-09T08:00:00,2023-10-08T22:00:00,80,122.56,118,120.16,1200,8381,380,,300,520,,
2023-10-08T22:04:39,,2023_10_08-22_26,2023_10_08-22_26-5,Buy,1300,IFA1/BN/NEMO/IFA2/EL,2023-10-09T08:00:00,2023-10-09T09:00:00,2023-10-08T22:00:00,75,113.28,108.99,111.48,1300,7544,215,275,550,260,,
2023-10-08T22:04:39,,2023_10_08-22_26,2023_10_08-22_26-6,Buy,900,IFA1/BN/NEMO/IFA2/EL,2023-10-09T09:00:00,2023-10-09T10:00:00,2023-10-08T22:00:00,65,100.88,96.68,98.67,900,6420,280,250,150,220,,
2023-10-09T11:15:23,"Due to French electricity system conditions, NGESO is unable to trade on the interconnectors joining GB and France. For more information, see this link to French margin graph: https://www.services-rte.com/en/view-data-published-by-rte/balancing-capacities.html#:~:text=RTE%20proposes%20on%20this%20web,best%20hypothesis%20at%20our%20disposal",2023_10_09-11_31,2023_10_09-11_31-1,Buy,650,BN/NEMO/IFA1/IFA2,2023-10-09T15:00:00,2023-10-09T16:00:00,2023-10-09T11:10:00,85,119.75,107.27,117.18,650,8357,,564,86,,,
2023-10-09T11:15:23,"Due to French electricity system conditions, NGESO is unable to trade on the interconnectors joining GB and France. For more information, see this link to French margin graph: https://www.services-rte.com/en/view-data-published-by-rte/balancing-capacities.html#:~:text=RTE%20proposes%20on%20this%20web,best%20hypothesis%20at%20our%20disposal",2023_10_09-11_31,2023_10_09-11_31-2,Buy,2500,BN/NEMO/IFA1/IFA2,2023-10-09T16:00:00,2023-10-09T17:00:00,2023-10-09T11:10:00,120,177.12,159.18,172.32,2500,13232,,1663,837,,,
2023-10-09T11:15:23,"Due to French electricity system conditions, NGESO is unable to trade on the interconnectors joining GB and France. For more information, see this link to French margin graph: https://www.services-rte.com/en/view-data-published-by-rte/balancing-capacities.html#:~:text=RTE%20proposes%20on%20this%20web,best%20hypothesis%20at%20our%20disposal",2023_10_09-11_31,2023_10_09-11_31-3,Buy,2550,BN/NEMO/IFA1/IFA2,2023-10-09T17:00:00,2023-10-09T18:00:00,2023-10-09T11:10:00,145,208.36,191.19,203.48,2550,13945,,1673,877,,,
2023-10-09T11:15:23,"Due to French electricity system conditions, NGESO is unable to trade on the interconnectors joining GB and France. For more information, see this link to French margin graph: https://www.services-rte.com/en/view-data-published-by-rte/balancing-capacities.html#:~:text=RTE%20proposes%20on%20this%20web,best%20hypothesis%20at%20our%20disposal",2023_10_09-11_31,2023_10_09-11_31-4,Buy,2000,BN/NEMO/IFA1/IFA2,2023-10-09T18:00:00,2023-10-09T19:00:00,2023-10-09T11:10:00,120,170.86,157.36,167.2,2000,13740,,1601,399,,,
2023-10-09T11:15:23,"Due to French electricity system conditions, NGESO is unable to trade on the interconnectors joining GB and France. For more information, see this link to French margin graph: https://www.services-rte.com/en/view-data-published-by-rte/balancing-capacities.html#:~:text=RTE%20proposes%20on%20this%20web,best%20hypothesis%20at%20our%20disposal",2023_10_09-11_31,2023_10_09-11_31-5,Buy,1300,BN/NEMO/IFA1/IFA2,2023-10-09T19:00:00,2023-10-09T20:00:00,2023-10-09T11:10:00,90,123.39,116.61,120.74,1300,13401,,1035,265,,,
2023-10-09T23:47:33,,2023_10_09-23_43,2023_10_09-23_43-1,Buy,0,IFA1/IFA2/BN/NEMO,2023-10-10T05:00:00,2023-10-10T06:00:00,2023-10-09T23:35:00,75,137.45,136.7,137.2,300,6849,150,,,150,,
2023-10-09T23:47:33,,2023_10_09-23_43,2023_10_09-23_43-2,Buy,570,IFA1/IFA2/BN/NEMO,2023-10-10T06:00:00,2023-10-10T07:00:00,2023-10-09T23:35:00,110,157.38,150.5,155.2,570,8534,105,,,465,,
2023-10-09T23:47:33,,2023_10_09-23_43,2023_10_09-23_43-3,Buy,370,IFA1/IFA2/BN/NEMO,2023-10-10T07:00:00,2023-10-10T08:00:00,2023-10-09T23:35:00,100,118.53,113.52,115.68,370,8687,200,75,,95,,
2023-10-09T23:47:33,,2023_10_09-23_43,2023_10_09-23_43-4,Buy,0,IFA1/IFA2/BN/NEMO,2023-10-10T08:00:00,2023-10-10T09:00:00,2023-10-09T23:35:00,80,101.4,98.04,99.16,300,8492,,300,,,,
2023-10-09T23:47:33,,2023_10_09-23_43,2023_10_09-23_43-5,Buy,570,IFA1/IFA2/BN/NEMO,2023-10-10T09:00:00,2023-10-10T10:00:00,2023-10-09T23:35:00,70,95.61,88.58,92.61,570,9216,,274,,296,,
2023-10-10T13:05:52,,2023_10_10-13_25,2023_10_10-13_25-1,Buy,200,IFA1/BN/NEMO,2023-10-10T15:00:00,2023-10-10T16:00:00,2023-10-10T13:00:00,100,93.9,88.59,89.91,200,2806,51,67,82,,,
2023-10-10T13:05:52,,2023_10_10-13_25,2023_10_10-13_25-2,Buy,1100,IFA1/IFA2/BN/NEMO,2023-10-10T16:00:00,2023-10-10T17:00:00,2023-10-10T13:00:00,120,119.69,115.07,118.31,1100,7262,390,445,135,130,,
2023-10-10T13:05:52,,2023_10_10-13_25,2023_10_10-13_25-3,Buy,1200,IFA1/IFA2/BN/NEMO,2023-10-10T17:00:00,2023-10-10T18:00:00,2023-10-10T13:00:00,135,126.7,121,125.27,1200,7371,415,526,160,99,,
2023-10-10T16:34:55,,2023_10_10-16_56,2023_10_10-16_56-1,Buy,500,IFA1/IFA2/NEMO,2023-10-10T19:00:00,2023-10-10T20:00:00,2023-10-10T16:25:00,65,97.19,91.71,95.55,500,2825,191,,198,111,,
2023-10-10T16:34:55,,2023_10_10-16_56,2023_10_10-16_56-2,Buy,500,IFA1/IFA2/BN/NEMO,2023-10-10T19:00:00,2023-10-10T20:00:00,2023-10-10T16:25:00,65,96.5,92.95,94.93,500,3871,0,500,0,0,,
2023-10-11T20:39:31,,2023_10_11-21_09,2023_10_11-21_09-1,Buy,1000,IFA1/BN/NEMO/IFA2/EL,2023-10-12T06:00:00,2023-10-12T07:00:00,2023-10-11T20:30:00,100,147.15,142.62,145.14,373,5263,,,,34,339,
2023-10-12T11:23:22,,2023_10_12-11_30,2023_10_12-11_30-1,Buy,700,IFA1/BN/NEMO/IFA2,2023-10-12T13:00:00,2023-10-12T14:00:00,2023-10-12T11:15:00,75,101.53,91.48,97.62,415,3563,145,,,270,,
2023-10-12T11:23:22,"Due to French electricity system conditions, NGESO is unable to trade on the interconnectors joining GB and France. For more information, see this link to French margin graph: https://www.services-rte.com/en/view-data-published-by-rte/balancing-capacities.html#:~:text=RTE%20proposes%20on%20this%20web,best%20hypothesis%20at%20our%20disposal",2023_10_12-11_30,2023_10_12-11_30-2,Buy,1600,IFA1/BN/NEMO/IFA2,2023-10-12T14:00:00,2023-10-12T15:00:00,2023-10-12T11:15:00,80,122.62,99.45,113.21,1315,15196,300,358,457,200,,
2023-10-12T11:23:22,"Due to French electricity system conditions, NGESO is unable to trade on the interconnectors joining GB and France. For more information, see this link to French margin graph: https://www.services-rte.com/en/view-data-published-by-rte/balancing-capacities.html#:~:text=RTE%20proposes%20on%20this%20web,best%20hypothesis%20at%20our%20disposal",2023_10_12-11_30,2023_10_12-11_30-3,Buy,2600,IFA1/BN/NEMO/IFA2/EL,2023-10-12T15:00:00,2023-10-12T16:00:00,2023-10-12T11:15:00,95,231.39,132.64,191.23,2315,15568,281,1373,442,108,111,
2023-10-12T11:23:22,"Due to French electricity system conditions, NGESO is unable to trade on the interconnectors joining GB and France. For more information, see this link to French margin graph: https://www.services-rte.com/en/view-data-published-by-rte/balancing-capacities.html#:~:text=RTE%20proposes%20on%20this%20web,best%20hypothesis%20at%20our%20disposal",2023_10_12-11_30,2023_10_12-11_30-4,Buy,2600,IFA1/BN/NEMO/IFA2/EL,2023-10-12T16:00:00,2023-10-12T17:00:00,2023-10-12T11:15:00,135,186.27,164.38,174.3,2315,17841,302,,1815,100,98,
2023-10-12T11:23:22,"Due to French electricity system conditions, NGESO is unable to trade on the interconnectors joining GB and France. For more information, see this link to French margin graph: https://www.services-rte.com/en/view-data-published-by-rte/balancing-capacities.html#:~:text=RTE%20proposes%20on%20this%20web,best%20hypothesis%20at%20our%20disposal",2023_10_12-11_30,2023_10_12-11_30-5,Buy,3400,IFA1/BN/NEMO/IFA2/EL,2023-10-12T17:00:00,2023-10-12T18:00:00,2023-10-12T11:15:00,160,247.58,224.54,236.73,3115,20142,450,1487,628,400,150,
2023-10-12T14:41:14,"Due to French electricity system conditions, NGESO is unable to trade on the interconnectors joining GB and France. For more information, see this link to French margin graph: https://www.services-rte.com/en/view-data-published-by-rte/balancing-capacities.html#:~:text=RTE%20proposes%20on%20this%20web,best%20hypothesis%20at%20our%20disposal",2023_10_12-15_03,2023_10_12-15_03-1,Buy,3300,IFA1/IFA2/NEMO/BN/EL,2023-10-12T18:00:00,2023-10-12T19:00:00,2023-10-12T14:35:00,120,174.4,141.82,152.74,3300,11995,440,1499,801,,560,
2023-10-12T16:44:33,"Due to French electricity system conditions, NGESO is unable to trade on the interconnectors joining GB and France.",2023_10_12-17_08,2023_10_12-17_08-1,Buy,3200,IFA1/IFA2/NEMO/BN,2023-10-12T19:00:00,2023-10-12T20:00:00,2023-10-12T16:40:00,35,129.83,116.89,124.5,2925,5885,569,795,1130,431,,
2023-10-12T16:44:33,,2023_10_12-17_08,2023_10_12-17_08-2,Buy,2100,IFA1/IFA2/NEMO/BN,2023-10-12T20:00:00,2023-10-12T21:00:00,2023-10-12T16:40:00,15,124.64,117.96,121.99,1825,5322,346,576,601,302,,
2023-10-12T20:05:35,,2023_10_12-20_14,2023_10_12-20_14-1,Sell,600,IFA1/IFA2/BN/NEMO,2023-10-13T00:00:00,2023-10-13T01:00:00,2023-10-12T19:45:00,110,77.26,88,82.29,600,4410,399,,,201,,
2023-10-12T20:05:35,,2023_10_12-20_14,2023_10_12-20_14-2,Sell,900,IFA1/IFA2/BN/NEMO,2023-10-13T01:00:00,2023-10-13T02:00:00,2023-10-12T19:45:00,100,72.19,84.4,76.44,900,4854,394,102,,404,,
2023-10-12T20:05:35,,2023_10_12-20_14,2023_10_12-20_14-3,Sell,600,IFA1/IFA2/BN/NEMO,2023-10-13T02:00:00,2023-10-13T03:00:00,2023-10-12T19:45:00,90,71.35,82.19,76.45,600,4327,297,,,303,,
2023-10-12T20:05:35,,2023_10_12-20_14,2023_10_12-20_14-4,Sell,1000,IFA1/IFA2/BN/NEMO,2023-10-13T03:00:00,2023-10-13T04:00:00,2023-10-12T19:45:00,80,59.11,78.86,66.79,1000,4222,597,,,403,,
2023-10-12T20:05:35,,2023_10_12-20_14,2023_10_12-20_14-5,Sell,900,IFA1/IFA2/BN/NEMO/EL,2023-10-13T04:00:00,2023-10-13T05:00:00,2023-10-12T19:45:00,90,84.18,101.34,95.02,900,4710,252,,,152,496,
2023-10-13T09:58:03,,2023_10_13-10_00,2023_10_13-10_00-1,Sell,300,IFA1/IFA2/NEMO,2023-10-13T12:00:00,2023-10-13T13:00:00,2023-10-13T09:45:00,121,28.04,32.3,30.04,300,5653,100,,100,100,,
2023-10-13T09:58:03,,2023_10_13-10_00,2023_10_13-10_00-2,Sell,300,IFA1/IFA2/NEMO,2023-10-13T13:00:00,2023-10-13T14:00:00,2023-10-13T09:45:00,120,31,34.61,32.66,300,5274,100,,100,100,,
2023-10-13T09:58:03,,2023_10_13-10_00,2023_10_13-10_00-3,Sell,300,IFA1/IFA2/NEMO,2023-10-13T14:00:00,2023-10-13T15:00:00,2023-10-13T09:45:00,125,32.85,33.97,33.32,300,8277,170,,100,30,,
2023-10-13T09:58:03,,2023_10_13-10_00,2023_10_13-10_00-4,Sell,200,IFA1/IFA2/NEMO/EL,2023-10-13T15:00:00,2023-10-13T16:00:00,2023-10-13T09:45:00,150,57.72,61.98,58.68,200,5956,,,200,,,
2023-10-13T09:58:03,,2023_10_13-10_00,2023_10_13-10_00-5,Sell,500,IFA1/IFA2/NEMO/BN,2023-10-13T12:00:00,2023-10-13T13:00:00,2023-10-13T09:45:00,121,27.13,29.46,28.14,500,7113,201,200,75,24,,
2023-10-13T09:58:03,,2023_10_13-10_00,2023_10_13-10_00-6,Sell,300,IFA1/IFA2/NEMO/BN,2023-10-13T13:00:00,2023-10-13T14:00:00,2023-10-13T09:45:00,120,30.86,67,42.68,300,6408,50,100,49,101,,
2023-10-13T09:58:03,,2023_10_13-10_00,2023_10_13-10_00-7,Sell,1000,IFA1/IFA2/NEMO/BN,2023-10-13T14:00:00,2023-10-13T15:00:00,2023-10-13T09:45:00,125,27,38.94,29.79,1000,11191,830,,0,170,,
2023-10-13T14:39:57,,2023_10_13-14_55,2023_10_13-14_55-1,Buy,300,IFA1/IFA2/NEMO/BN,2023-10-13T17:00:00,2023-10-13T18:00:00,2023-10-13T14:25:00,120,200,94.36,145.54,123,171,,57,,66,,
2023-10-13T14:39:57,,2023_10_13-14_55,2023_10_13-14_55-2,Buy,100,IFA1/IFA2/NEMO/BN/EL,2023-10-13T18:00:00,2023-10-13T19:00:00,2023-10-13T14:25:00,90,78.72,76.99,77.86,100,551,100,,,,,
2023-10-13T18:45:56,,2023_10_13-19_15,2023_10_13-19_15-1,Sell,1000,IFA1/IFA2/BN/NEMO/EL,2023-10-13T23:00:00,2023-10-14T00:00:00,2023-10-13T18:40:00,20,-4.19,-1.15,-2.84,1000,6787,125,449,301,125,,
2023-10-13T18:45:56,"Due to French electricity system conditions, NGESO is unable to trade on the interconnectors joining GB and France.",2023_10_13-19_15,2023_10_13-19_15-2,Sell,1200,IFA1/IFA2/BN/NEMO/EL,2023-10-14T00:00:00,2023-10-14T01:00:00,2023-10-13T18:40:00,20,-5.03,-1.78,-3.76,1200,7294,125,599,301,125,50,
2023-10-13T18:45:56,,2023_10_13-19_15,2023_10_13-19_15-3,Sell,700,IFA1/IFA2/BN/NEMO/EL,2023-10-14T01:00:00,2023-10-14T02:00:00,2023-10-13T18:40:00,20,-4.03,-0.89,-2.77,700,6563,100,325,200,75,,
2023-10-13T18:45:56,,2023_10_13-19_15,2023_10_13-19_15-4,Sell,500,IFA1/IFA2/BN/NEMO/EL,2023-10-14T02:00:00,2023-10-14T03:00:00,2023-10-13T18:40:00,20,-2.68,-0.89,-2.04,500,6102,100,200,150,50,,
2023-10-13T18:45:56,,2023_10_13-19_15,2023_10_13-19_15-5,Sell,600,IFA1/IFA2/BN/NEMO/EL,2023-10-14T03:00:00,2023-10-14T04:00:00,2023-10-13T18:40:00,20,-3.83,-0.89,-2.51,600,6355,100,225,150,125,,
2023-10-13T23:31:23,"Due to French electricity system conditions, NGESO is unable to trade on the interconnectors joining GB and France.",2023_10_14-00_04,2023_10_14-00_04-1,Sell,1000,IFA1/IFA2/BN/NEMO,2023-10-14T01:00:00,2023-10-14T02:00:00,2023-10-13T23:25:00,20,-4.6,5.29,-1.12,1000,3021,,625,150,225,,
2023-10-13T23:31:23,"Due to French electricity system conditions, NGESO is unable to trade on the interconnectors joining GB and France.",2023_10_14-00_04,2023_10_14-00_04-2,Sell,1000,IFA1/IFA2/BN/NEMO,2023-10-14T02:00:00,2023-10-14T03:00:00,2023-10-13T23:25:00,20,-3.08,5.74,-0.09,1000,2989,60,549,201,190,,
2023-10-13T23:31:23,"Due to French electricity system conditions, NGESO is unable to trade on the interconnectors joining GB and France.",2023_10_14-00_04,2023_10_14-00_04-3,Sell,1400,IFA1/IFA2/BN/NEMO,2023-10-14T03:00:00,2023-10-14T04:00:00,2023-10-13T23:25:00,20,-9.07,-0.39,-4.37,1400,2815,,909,331,160,,
2023-10-13T23:31:23,,2023_10_14-00_04,2023_10_14-00_04-4,Sell,1000,IFA1/IFA2/BN/NEMO/EL,2023-10-14T04:00:00,2023-10-14T05:00:00,2023-10-13T23:25:00,20,-2,2,-0.13,1000,4179,10,404,212,14,360,
2023-10-13T23:31:23,"Due to French electricity system conditions, NGESO is unable to trade on the interconnectors joining GB and France.",2023_10_14-00_04,2023_10_14-00_04-5,Sell,1300,IFA1/IFA2/BN/NEMO/EL,2023-10-14T05:00:00,2023-10-14T06:00:00,2023-10-13T23:25:00,20,0,4.49,2.37,1300,4451,,627,273,,400,
2023-10-14T00:24:38,"Due to French electricity system conditions, NGESO is unable to trade on the interconnectors joining GB and France.",2023_10_14-00_50,2023_10_14-00_50-1,Sell,2000,IFA1/IFA2/BN/NEMO/EL,2023-10-14T06:00:00,2023-10-14T07:00:00,2023-10-14T00:20:00,55,0.5,27,8.37,2000,6126,,1325,275,300,100,
2023-10-14T00:24:38,,2023_10_14-00_50,2023_10_14-00_50-2,Sell,700,IFA1/IFA2/BN/NEMO/EL,2023-10-14T07:00:00,2023-10-14T08:00:00,2023-10-14T00:20:00,70,21.5,45,27.95,700,4970,,210,100,190,200,
2023-10-14T00:24:38,,2023_10_14-00_50,2023_10_14-00_50-3,Sell,600,IFA1/IFA2/BN/NEMO/EL,2023-10-14T08:00:00,2023-10-14T09:00:00,2023-10-14T00:20:00,55,15.61,44,24.39,600,4877,76,,,324,200,
2023-10-14T00:24:38,,2023_10_14-00_50,2023_10_14-00_50-4,Sell,500,IFA1/IFA2/BN/NEMO/EL,2023-10-14T09:00:00,2023-10-14T10:00:00,2023-10-14T00:20:00,40,15.08,42,24.26,500,4523,76,,,340,84,
2023-10-14T00:24:38,,2023_10_14-00_50,2023_10_14-00_50-5,Sell,200,IFA1/IFA2/BN/NEMO/EL,2023-10-14T10:00:00,2023-10-14T11:00:00,2023-10-14T00:20:00,30,26.83,26.83,26.83,200,3230,,,,,200,
2023-10-14T00:24:38,,2023_10_14-00_50,2023_10_14-00_50-6,Sell,800,IFA1/IFA2/BN/NEMO/EL,2023-10-14T11:00:00,2023-10-14T12:00:00,2023-10-14T00:20:00,25,5.36,10.42,8.12,800,4316,,,,175,625,
2023-10-14T10:17:58,,2023_10_14-10_48,2023_10_14-10_48-1,Sell,500,IFA1/IFA2/BN/NEMO,2023-10-14T12:00:00,2023-10-14T13:00:00,2023-10-14T10:15:00,15,-4.23,-1.9,-3.32,500,5300,320,,50,130,,
2023-10-14T10:17:58,,2023_10_14-10_48,2023_10_14-10_48-2,Sell,500,IFA1/IFA2/BN/NEMO,2023-10-14T13:00:00,2023-10-14T14:00:00,2023-10-14T10:15:00,15,-3.22,-1.61,-2.32,500,5095,100,,300,100,,
2023-10-14T18:44:11,,2023_10_14-19_03,2023_10_14-19_03-1,Sell,1700,IFA1/IFA2/NEMO/BN/EL,2023-10-14T22:00:00,2023-10-14T23:00:00,2023-10-14T18:40:00,70,17.76,51.86,22.42,1700,8041,465,419,125,228,463,
2023-10-14T18:44:11,,2023_10_14-19_03,2023_10_14-19_03-2,Sell,3400,IFA1/IFA2/NEMO/BN/EL,2023-10-14T23:00:00,2023-10-15T00:00:00,2023-10-14T18:40:00,40,-10.97,19.02,0,3400,8971,603,301,837,780,879,
2023-10-14T18:44:11,,2023_10_14-19_03,2023_10_14-19_03-3,Sell,4000,IFA1/IFA2/NEMO/BN/EL,2023-10-15T00:00:00,2023-10-15T01:00:00,2023-10-14T18:40:00,40,-25.36,1.81,-9.65,4000,9081,628,671,1060,610,1031,
2023-10-14T18:44:11,,2023_10_14-19_03,2023_10_14-19_03-4,Sell,3900,IFA1/IFA2/NEMO/BN/EL,2023-10-15T01:00:00,2023-10-15T02:00:00,2023-10-14T18:40:00,30,-21.72,1.38,-9.66,3900,9218,644,466,1110,714,966,
2023-10-14T18:44:11,,2023_10_14-19_03,2023_10_14-19_03-5,Sell,2000,IFA1/IFA2/NEMO/BN/EL,2023-10-15T02:00:00,2023-10-15T03:00:00,2023-10-14T18:40:00,30,-4.67,3.2,-1.49,2000,9441,502,175,125,593,605,
2023-10-14T18:44:11,,2023_10_14-19_03,2023_10_14-19_03-6,Sell,2000,IFA1/IFA2/NEMO/BN/EL,2023-10-15T03:00:00,2023-10-15T04:00:00,2023-10-14T18:40:00,20,-4.05,4.69,-0.98,2000,9313,546,175,50,499,730,
2023-10-14T18:44:11,,2023_10_14-19_03,2023_10_14-19_03-7,Sell,2000,IFA1/IFA2/NEMO/BN/EL,2023-10-15T04:00:00,2023-10-15T05:00:00,2023-10-14T18:40:00,30,-3.37,3.45,-0.35,2000,8440,566,200,113,468,653,
2023-10-14T18:44:11,,2023_10_14-19_03,2023_10_14-19_03-8,Sell,2000,IFA1/IFA2/NEMO/BN/EL,2023-10-15T05:00:00,2023-10-15T06:00:00,2023-10-14T18:40:00,50,13.9,33.25,17.74,2000,8823,394,300,125,405,776,
2023-10-14T18:44:11,,2023_10_14-19_03,2023_10_14-19_03-9,Sell,1650,IFA1/IFA2/NEMO/BN/EL,2023-10-15T06:00:00,2023-10-15T07:00:00,2023-10-14T18:40:00,60,22.55,38.2,26.03,1650,9217,250,327,50,349,674,
2023-10-14T23:11:12,"Due to French electricity system conditions, NGESO is unable to trade on the interconnectors joining GB and France. For more information, see this link to French margin graph: https://www.services-rte.com/en/view-data-published-by-rte/balancing-capacities.html#:~:text=RTE%20proposes%20on%20this%20web,best%20hypothesis%20at%20our%20disposal",2023_10_14-23_23,2023_10_14-23_23-1,Sell,1100,IFA1/IFA2/BN/NEMO,2023-10-15T02:00:00,2023-10-15T03:00:00,2023-10-14T23:00:00,30,-14.21,10.91,3.75,1100,2935,150,181,619,150,,
2023-10-14T23:11:12,"Due to French electricity system conditions, NGESO is unable to trade on the interconnectors joining GB and France. For more information, see this link to French margin graph: https://www.services-rte.com/en/view-data-published-by-rte/balancing-capacities.html#:~:text=RTE%20proposes%20on%20this%20web,best%20hypothesis%20at%20our%20disposal",2023_10_14-23_23,2023_10_14-23_23-2,Sell,1100,IFA1/IFA2/BN/NEMO,2023-10-15T03:00:00,2023-10-15T04:00:00,2023-10-14T23:00:00,20,-11.71,8.44,4.44,1100,3108,80,182,668,170,,
2023-10-14T23:11:12,"Due to French electricity system conditions, NGESO is unable to trade on the interconnectors joining GB and France. For more information, see this link to French margin graph: https://www.services-rte.com/en/view-data-published-by-rte/balancing-capacities.html#:~:text=RTE%20proposes%20on%20this%20web,best%20hypothesis%20at%20our%20disposal",2023_10_14-23_23,2023_10_14-23_23-3,Sell,1900,IFA1/IFA2/EL/BN/NEMO,2023-10-15T04:00:00,2023-10-15T05:00:00,2023-10-14T23:00:00,30,-12.21,9.21,3.17,1900,5007,175,350,1200,75,100,
2023-10-14T23:11:12,,2023_10_14-23_23,2023_10_14-23_23-4,Sell,1600,IFA1/IFA2/EL/BN/NEMO,2023-10-15T05:00:00,2023-10-15T06:00:00,2023-10-14T23:00:00,50,14,21.58,16.54,1600,5322,431,153,691,175,150,
2023-10-14T23:11:12,,2023_10_14-23_23,2023_10_14-23_23-5,Sell,500,IFA1/IFA2/EL/BN/NEMO,2023-10-15T06:00:00,2023-10-15T07:00:00,2023-10-14T23:00:00,60,33.12,39,35.7,500,5875,123,,,,377,
2023-10-15T21:52:45,,2023_10_15-22_21,2023_10_15-22_21-1,Buy,1000,IFA1/IFA2/BN/NEMO/EL,2023-10-16T05:00:00,2023-10-16T06:00:00,2023-10-15T21:45:00,110,152.26,144.37,148.08,1000,5129,354,,,223,423,
2023-10-15T21:52:45,,2023_10_15-22_21,2023_10_15-22_21-2,Buy,1000,IFA1/BN/NEMO,2023-10-16T06:00:00,2023-10-16T07:00:00,2023-10-15T21:45:00,130,239.18,154.75,209.54,1000,4986,80,145,775,,,
2023-10-16T12:05:42,,2023_10_16-12_30,2023_10_16-12_30-1,Buy,800,BN/NEMO,2023-10-16T15:00:00,2023-10-16T16:00:00,2023-10-16T12:00:00,120,174.61,161.28,169.98,800,4128,,750,50,,,
2023-10-16T12:05:42,,2023_10_16-12_30,2023_10_16-12_30-2,Buy,900,BN/NEMO,2023-10-16T16:00:00,2023-10-16T17:00:00,2023-10-16T12:00:00,160,302.63,259,282.5,900,7140,,700,200,,,
2023-10-16T12:05:42,,2023_10_16-12_30,2023_10_16-12_30-3,Buy,1100,BN/NEMO,2023-10-16T17:00:00,2023-10-16T18:00:00,2023-10-16T12:00:00,195,312,280.71,292.5,1100,7136,,700,400,,,
2023-10-16T12:05:42,,2023_10_16-12_30,2023_10_16-12_30-4,Buy,650,BN/NEMO,2023-10-16T18:00:00,2023-10-16T19:00:00,2023-10-16T12:00:00,140,175.67,145.84,153.27,600,5279,,450,150,,,
2023-10-16T12:05:42,,2023_10_16-12_30,2023_10_16-12_30-5,Buy,400,BN/NEMO/IFA1,2023-10-16T19:00:00,2023-10-16T20:00:00,2023-10-16T12:00:00,115,132.84,130.34,131.64,400,4531,,250,150,,,
2023-10-16T16:44:53,,2023_10_16-17_13,2023_10_16-17_13-1,Buy,700,IFA1/IFA2/BN/NEMO,2023-10-16T20:00:00,2023-10-16T21:00:00,2023-10-16T16:40:00,105,122.36,114.92,120.57,700,2503,231,225,150,94,,
2023-10-16T16:44:53,,2023_10_16-17_13,2023_10_16-17_13-2,Buy,700,IFA1/IFA2/BN/NEMO,2023-10-16T21:00:00,2023-10-16T22:00:00,2023-10-16T16:40:00,85,106.91,103.36,105.53,700,3871,220,225,150,105,,
2023-10-17T14:33:12,,2023_10_17-14_58,2023_10_17-14_58-1,Buy,400,IFA1/IFA2/BN/NEMO,2023-10-17T17:00:00,2023-10-17T18:00:00,2023-10-17T14:30:00,105,119.86,117.18,118.31,400,1935,98,169,108,25,,
2023-10-17T19:32:40,,2023_10_17-19_51,2023_10_17-19_51-1,Sell,700,IFA1/IFA2/NEMO,2023-10-17T22:00:00,2023-10-17T23:00:00,2023-10-17T19:30:00,80,41.4,47.57,44.18,700,4017,452,,148,100,,
2023-10-17T19:32:40,,2023_10_17-19_51,2023_10_17-19_51-2,Sell,400,IFA1/IFA2,2023-10-17T23:00:00,2023-10-18T00:00:00,2023-10-17T19:30:00,50,23.7,29.33,26.36,400,2122,400,,,,,
2023-10-17T19:32:40,,2023_10_17-19_51,2023_10_17-19_51-3,Sell,400,IFA1/IFA2,2023-10-18T00:00:00,2023-10-18T01:00:00,2023-10-17T19:30:00,40,4.42,20.11,12.27,400,1554,400,,,,,
2023-10-18T20:59:32,,2023_10_18-21_23,2023_10_18-21_23-1,Sell,750,IFA1/IFA2/NEMO/BN,2023-10-19T00:00:00,2023-10-19T01:00:00,2023-10-18T20:55:00,20,-2.52,2.29,-0.02,750,2342,300,25,273,152,,
2023-10-18T20:59:32,,2023_10_18-21_23,2023_10_18-21_23-2,Sell,1800,IFA1/IFA2/NEMO/BN,2023-10-19T01:00:00,2023-10-19T02:00:00,2023-10-18T20:55:00,20,-11.88,2.23,-3.72,1800,3182,701,125,499,475,,
2023-10-18T20:59:32,,2023_10_18-21_23,2023_10_18-21_23-3,Sell,700,IFA1/IFA2/NEMO/BN,2023-10-19T02:00:00,2023-10-19T03:00:00,2023-10-18T20:55:00,20,-1.51,3.12,0.74,700,2701,350,,150,200,,
2023-10-19T10:55:32,,2023_10_19-11_23,2023_10_19-11_23-1,Buy,400,IFA2/BN/NEMO,2023-10-19T14:00:00,2023-10-19T15:00:00,2023-10-19T10:50:00,75,134,103.68,126.07,400,4064,,50,150,200,,
2023-10-19T10:55:32,,2023_10_19-11_23,2023_10_19-11_23-2,Buy,400,IFA2/BN/NEMO/EL,2023-10-19T15:00:00,2023-10-19T16:00:00,2023-10-19T10:50:00,85,135.11,100.7,124.82,400,4411,,,50,220,130,
2023-10-19T10:55:32,,2023_10_19-11_23,2023_10_19-11_23-3,Buy,300,IFA1/IFA2/BN/NEMO/EL,2023-10-19T16:00:00,2023-10-19T17:00:00,2023-10-19T10:50:00,100,131.34,125.96,128.66,300,5705,75,,,127,98,
2023-10-19T22:37:39,"Due to French electricity system conditions, NGESO is unable to trade on the interconnectors joining GB and France. For more information, see this link to French margin graph: https://www.services-rte.com/en/view-data-published-by-rte/balancing-capacities.html#:~:text=RTE%20proposes%20on%20this%20web,best%20hypothesis%20at%20our%20disposal",2023_10_19-22_57,2023_10_19-22_57-1,Buy,1100,IFA1/IFA2/EL/BN/NEMO,2023-10-20T04:00:00,2023-10-20T05:00:00,2023-10-19T22:30:00,20,87.1,80.13,83.45,1100,6392,300,200,400,,200,
2023-10-19T22:37:39,"Due to French electricity system conditions, NGESO is unable to trade on the interconnectors joining GB and France. For more information, see this link to French margin graph: https://www.services-rte.com/en/view-data-published-by-rte/balancing-capacities.html#:~:text=RTE%20proposes%20on%20this%20web,best%20hypothesis%20at%20our%20disposal",2023_10_19-22_57,2023_10_19-22_57-2,Buy,950,IFA1/IFA2/EL/BN/NEMO,2023-10-20T05:00:00,2023-10-20T06:00:00,2023-10-19T22:30:00,60,112,107.13,109.2,950,5506,166,292,158,236,98,
2023-10-19T22:37:39,,2023_10_19-22_57,2023_10_19-22_57-3,Buy,400,IFA1/IFA2/EL/BN/NEMO,2023-10-20T06:00:00,2023-10-20T07:00:00,2023-10-19T22:30:00,80,119.03,116.3,117.91,400,4893,100,,,200,100,
2023-10-20T20:24:15,,2023_10_20-20_36,2023_10_20-20_36-1,Sell,900,IFA1/BN/NEMO/IFA2,2023-10-20T22:00:00,2023-10-20T23:00:00,2023-10-20T20:20:00,70,24.71,44.27,32.76,900,5117,348,402,150,,,
2023-10-20T20:24:15,"Due to French electricity system conditions, NGESO is unable to trade on the interconnectors joining GB and France.",2023_10_20-20_36,2023_10_20-20_36-2,Sell,1500,IFA1/BN/NEMO/IFA2,2023-10-20T23:00:00,2023-10-21T00:00:00,2023-10-20T20:20:00,50,5.51,19.63,13.25,1500,5159,500,379,621,,,
2023-10-20T20:24:15,"Due to French electricity system conditions, NGESO is unable to trade on the interconnectors joining GB and France.",2023_10_20-20_36,2023_10_20-20_36-3,Sell,1800,IFA1/BN/NEMO/IFA2,2023-10-21T00:00:00,2023-10-21T01:00:00,2023-10-20T20:20:00,40,2.35,17.6,10.67,1800,5099,396,561,739,104,,
2023-10-20T20:24:15,"Due to French electricity system conditions, NGESO is unable to trade on the interconnectors joining GB and France.",2023_10_20-20_36,2023_10_20-20_36-4,Sell,1800,IFA1/BN/NEMO/IFA2,2023-10-21T01:00:00,2023-10-21T02:00:00,2023-10-20T20:20:00,30,-4,19.29,6.93,1800,4990,399,497,803,101,,
2023-10-20T20:24:15,"Due to French electricity system conditions, NGESO is unable to trade on the interconnectors joining GB and France.",2023_10_20-20_36,2023_10_20-20_36-5,Sell,1200,IFA1/BN/NEMO/IFA2,2023-10-21T02:00:00,2023-10-21T03:00:00,2023-10-20T20:20:00,25,-8.4,9.93,1.91,1200,4211,399,250,450,101,,
2023-10-20T20:24:15,"Due to French electricity system conditions, NGESO is unable to trade on the interconnectors joining GB and France.",2023_10_20-20_36,2023_10_20-20_36-6,Sell,950,IFA1/NEMO/IFA2,2023-10-21T03:00:00,2023-10-21T04:00:00,2023-10-20T20:20:00,20,-11.79,5.23,-0.61,950,4137,301,,450,199,,
2023-10-20T20:24:15,"Due to French electricity system conditions, NGESO is unable to trade on the interconnectors joining GB and France.",2023_10_20-20_36,2023_10_20-20_36-7,Sell,1600,IFA1/NEMO/IFA2/EL,2023-10-21T04:00:00,2023-10-21T05:00:00,2023-10-20T20:20:00,45,-45.99,14.98,0.76,1600,6112,,,1100,,500,
2023-10-20T20:24:15,"Due to French electricity system conditions, NGESO is unable to trade on the interconnectors joining GB and France.",2023_10_20-20_36,2023_10_20-20_36-8,Sell,1000,IFA1/BN/NEMO/IFA2/EL,2023-10-21T05:00:00,2023-10-21T06:00:00,2023-10-20T20:20:00,75,25.21,34.27,31.2,1000,6605,151,305,195,149,200,
2023-10-21T20:54:49,,2023_10_21-21_15,2023_10_21-21_15-1,Sell,500,IFA1/BN/NEMO/IFA2,2023-10-21T23:00:00,2023-10-22T00:00:00,2023-10-21T20:50:00,75,34.8,36.55,35.79,500,6238,500,,,,,
2023-10-21T20:54:49,,2023_10_21-21_15,2023_10_21-21_15-2,Sell,1100,IFA1/BN/NEMO/IFA2,2023-10-22T00:00:00,2023-10-22T01:00:00,2023-10-21T20:50:00,65,23.11,26.58,25.39,1100,7224,629,101,15,355,,
2023-10-21T20:54:49,,2023_10_21-21_15,2023_10_21-21_15-3,Sell,1800,IFA1/BN/NEMO/IFA2,2023-10-22T01:00:00,2023-10-22T02:00:00,2023-10-21T20:50:00,60,14.94,20.77,18.51,1800,7319,816,140,145,699,,
2023-10-21T20:54:49,,2023_10_21-21_15,2023_10_21-21_15-4,Sell,1900,IFA1/BN/NEMO/IFA2,2023-10-22T02:00:00,2023-10-22T03:00:00,2023-10-21T20:50:00,45,18.55,24.09,21.87,1900,7314,831,141,115,813,,
2023-10-21T20:54:49,,2023_10_21-21_15,2023_10_21-21_15-5,Sell,2000,IFA1/BN/NEMO/IFA2,2023-10-22T03:00:00,2023-10-22T04:00:00,2023-10-21T20:50:00,45,26.33,32.4,29.79,2000,7314,916,156,115,813,,
2023-10-21T20:54:49,,2023_10_21-21_15,2023_10_21-21_15-6,Sell,1800,IFA1/BN/NEMO/IFA2/EL,2023-10-22T04:00:00,2023-10-22T05:00:00,2023-10-21T20:50:00,55,24.96,30.45,28.01,1800,8592,866,40,93,646,155,
2023-10-21T20:54:49,,2023_10_21-21_15,2023_10_21-21_15-7,Sell,1500,IFA1/BN/NEMO/IFA2/EL,2023-10-22T05:00:00,2023-10-22T06:00:00,2023-10-21T20:50:00,90,42.39,49.57,44.97,1500,8092,650,141,115,594,,
2023-10-22T22:13:34,,2023_10_22-22_39,2023_10_22-22_39-1,Buy,500,BN/NEMO/IFA2/EL,2023-10-23T06:00:00,2023-10-23T07:00:00,2023-10-22T22:10:00,112,0,0,0,0,4774,,,,,,
2023-10-23T13:25:39,,2023_10_23-13_52,2023_10_23-13_52-1,Buy,1000,IFA1/IFA2/NEMO/BN,2023-10-23T17:00:00,2023-10-23T18:00:00,2023-10-23T13:15:00,110,157.85,152.62,156.37,1000,4844,257,569,125,49,,
2023-10-23T13:25:39,,2023_10_23-13_52,2023_10_23-13_52-2,Buy,500,IFA1/IFA2/NEMO/BN/EL,2023-10-23T18:00:00,2023-10-23T19:00:00,2023-10-23T13:15:00,100,135.25,130.5,133.5,500,5865,107,368,25,,,
2023-10-24T00:38:58,,2023_10_24-01_03,2023_10_24-01_03-1,Buy,1000,IFA1/IFA2/BN/NEMO/EL,2023-10-24T06:00:00,2023-10-24T07:00:00,2023-10-24T00:35:00,100,132.06,125.12,129.17,1000,8292,216,50,100,191,443,
2023-10-24T00:38:58,,2023_10_24-01_03,2023_10_24-01_03-2,Buy,500,IFA1/IFA2/BN/NEMO/EL,2023-10-24T07:00:00,2023-10-24T08:00:00,2023-10-24T00:35:00,100,133.04,131.2,132.2,500,5753,,350,150,,,
2023-10-24T00:38:58,,2023_10_24-01_03,2023_10_24-01_03-3,Buy,500,IFA2/BN/NEMO/EL,2023-10-24T08:00:00,2023-10-24T09:00:00,2023-10-24T00:35:00,95,130.86,129.06,129.75,500,3915,,257,,95,148,
2023-10-24T13:07:15,,2023_10_24-13_21,2023_10_24-13_21-1,Buy,300,NEMO/BN,2023-10-24T15:00:00,2023-10-24T16:00:00,2023-10-24T12:50:00,90,127.41,119.8,124.3,300,1933,,150,150,,,
2023-10-24T13:07:15,,2023_10_24-13_21,2023_10_24-13_21-2,Buy,500,IFA2/NEMO/BN,2023-10-24T16:00:00,2023-10-24T17:00:00,2023-10-24T12:50:00,110,148.92,142.57,146.3,500,2401,,172,314,14,,
2023-10-24T13:07:15,,2023_10_24-13_21,2023_10_24-13_21-3,Buy,0,IFA2/NEMO/BN,2023-10-24T17:00:00,2023-10-24T18:00:00,2023-10-24T12:50:00,120,0,0,0,0,1565,,,,,,
2023-10-24T13:07:15,,2023_10_24-13_21,2023_10_24-13_21-4,Buy,0,NEMO/BN,2023-10-24T18:00:00,2023-10-24T19:00:00,2023-10-24T12:50:00,100,0,0,0,0,1034,,,,,,
2023-10-25T01:05:39,,2023_10_25-01_27,2023_10_25-01_27-1,Buy,1000,BN,2023-10-25T04:00:00,2023-10-25T05:00:00,2023-10-25T01:00:00,80,170.71,98.13,125.92,824,922,,824,,,,
2023-10-25T01:05:39,,2023_10_25-01_27,2023_10_25-01_27-2,Buy,800,BN/NEMO,2023-10-25T05:00:00,2023-10-25T06:00:00,2023-10-25T01:00:00,94,134.36,114.05,125.67,800,2793,,700,100,,,
2023-10-25T11:03:09,,2023_10_25-11_31,2023_10_25-11_31-1,Buy,250,NEMO/BN,2023-10-25T13:00:00,2023-10-25T14:00:00,2023-10-25T10:55:00,80,0,0,0,0,1352,,,,,,
2023-10-25T11:03:09,,2023_10_25-11_31,2023_10_25-11_31-2,Buy,700,NEMO/BN,2023-10-25T14:00:00,2023-10-25T15:00:00,2023-10-25T10:55:00,90,120.12,115.19,119.25,250,4711,,250,,,,
2023-10-25T11:03:09,,2023_10_25-11_31,2023_10_25-11_31-3,Buy,600,NEMO/BN,2023-10-25T15:00:00,2023-10-25T16:00:00,2023-10-25T10:55:00,100,126.81,123.75,124.88,150,4615,,125,25,,,
2023-10-25T14:25:00,,2023_10_25-14_55,2023_10_25-14_55-1,Buy,880,NEMO/BN,2023-10-25T16:00:00,2023-10-25T17:00:00,2023-10-25T14:20:00,115,164,133.3,148.9,880,1179,,673,207,,,
2023-10-25T14:25:00,,2023_10_25-14_55,2023_10_25-14_55-2,Buy,600,NEMO/BN,2023-10-25T17:00:00,2023-10-25T18:00:00,2023-10-25T14:20:00,120,245,149,182.83,600,639,,329,271,,,
2023-10-25T14:25:00,,2023_10_25-14_55,2023_10_25-14_55-3,Buy,400,NEMO/BN/EL,2023-10-25T18:00:00,2023-10-25T19:00:00,2023-10-25T14:20:00,105,152.23,114.82,131.53,400,613,,295,96,,9,
2023-10-26T01:08:44,,2023_10_26-01_39,2023_10_26-01_39-1,Buy,200,BN/IFA1/IFA2/NEMO,2023-10-26T06:00:00,2023-10-26T07:00:00,2023-10-26T01:05:00,100,130,129.99,129.99,200,3620,,,48,152,,
2023-10-26T01:08:44,,2023_10_26-01_39,2023_10_26-01_39-2,Buy,200,BN/IFA1/IFA2/NEMO,2023-10-26T07:00:00,2023-10-26T08:00:00,2023-10-26T01:05:00,100,132.6,130.22,131.5,200,3175,53,,,147,,
2023-10-26T01:08:44,,2023_10_26-01_39,2023_10_26-01_39-3,Buy,200,BN/IFA1/IFA2/NEMO,2023-10-26T08:00:00,2023-10-26T09:00:00,2023-10-26T01:05:00,100,136.39,135.22,136.1,200,3120,50,,150,,,
2023-10-26T01:08:44,,2023_10_26-01_39,2023_10_26-01_39-4,Buy,200,BN/IFA1/IFA2/EL/NEMO,2023-10-26T09:00:00,2023-10-26T10:00:00,2023-10-26T01:05:00,95,128.61,126.5,127.56,200,3463,100,,100,,,
2023-10-26T01:08:44,,2023_10_26-01_39,2023_10_26-01_39-5,Buy,200,BN/IFA1/IFA2/EL/NEMO,2023-10-26T10:00:00,2023-10-26T11:00:00,2023-10-26T01:05:00,85,121.42,120.39,120.91,200,3960,100,,,,100,
2023-10-26T01:08:44,,2023_10_26-01_39,2023_10_26-01_39-6,Buy,200,BN/IFA1/IFA2/EL/NEMO,2023-10-26T11:00:00,2023-10-26T12:00:00,2023-10-26T01:05:00,85,114.38,113.41,113.55,200,3967,90,,10,,100,
2023-10-26T13:07:09,,2023_10_26-13_20,2023_10_26-13_20-1,Buy,1200,BN,2023-10-26T16:00:00,2023-10-26T17:00:00,2023-10-26T12:55:00,100,171.33,143.2,158.01,1200,1699,,1200,,,,
2023-10-26T13:07:09,,2023_10_26-13_20,2023_10_26-13_20-2,Buy,1100,IFA1/BN/NEMO/IFA2,2023-10-26T17:00:00,2023-10-26T18:00:00,2023-10-26T12:55:00,110,147,132.36,142.38,1100,4194,198,700,,202,,
2023-10-27T02:36:02,,2023_10_27-03_00,2023_10_27-03_00-1,Buy,650,BN/NEMO,2023-10-27T06:00:00,2023-10-27T07:00:00,2023-10-27T02:30:00,100,138.89,135.16,137.41,650,3737,,380,270,,,
2023-10-27T02:36:02,,2023_10_27-03_00,2023_10_27-03_00-2,Buy,650,BN/NEMO,2023-10-27T07:00:00,2023-10-27T08:00:00,2023-10-27T02:30:00,105,161.76,151.94,156.71,650,2989,,404,246,,,
2023-10-27T02:36:02,,2023_10_27-03_00,2023_10_27-03_00-3,Buy,650,BN/NEMO,2023-10-27T08:00:00,2023-10-27T09:00:00,2023-10-27T02:30:00,100,192.65,151,173.39,650,2385,,503,147,,,
2023-10-27T02:36:02,,2023_10_27-03_00,2023_10_27-03_00-4,Buy,250,BN/NEMO,2023-10-27T09:00:00,2023-10-27T10:00:00,2023-10-27T02:30:00,95,171.72,147,159.78,250,1561,,152,98,,,
2023-10-27T02:36:02,,2023_10_27-03_00,2023_10_27-03_00-5,Buy,250,BN/NEMO,2023-10-27T10:00:00,2023-10-27T11:00:00,2023-10-27T02:30:00,90,112.74,111.3,111.88,250,2085,,,250,,,
2023-10-27T02:36:02,,2023_10_27-03_00,2023_10_27-03_00-6,Buy,250,BN/NEMO,2023-10-27T11:00:00,2023-10-27T12:00:00,2023-10-27T02:30:00,85,135.11,105.32,121.24,250,1525,,150,100,,,
2023-10-27T11:31:22,,2023_10_27-12_01,2023_10_27-12_01-1,Buy,200,BN,2023-10-27T14:00:00,2023-10-27T15:00:00,2023-10-27T11:25:00,75,94.24,80.73,87.49,200,1887,,200,,,,
2023-10-27T11:31:22,,2023_10_27-12_01,2023_10_27-12_01-2,Buy,200,BN/NEMO,2023-10-27T15:00:00,2023-10-27T16:00:00,2023-10-27T11:25:00,85,111.23,109.43,110.55,200,2233,,200,,,,
2023-10-27T11:31:22,,2023_10_27-12_01,2023_10_27-12_01-3,Buy,200,BN/NEMO,2023-10-27T16:00:00,2023-10-27T17:00:00,2023-10-27T11:25:00,100,129.64,124.52,126.71,200,2520,,50,150,,,
2023-10-27T11:31:22,,2023_10_27-12_01,2023_10_27-12_01-4,Buy,500,BN/NEMO/EL,2023-10-27T17:00:00,2023-10-27T18:00:00,2023-10-27T11:25:00,100,141.99,128.82,135.51,500,3296,,400,100,,,
2023-10-28T21:39:56,"Due to French electricity system conditions, NGESO is unable to trade on the interconnectors joining GB and France.",2023_10_28-21_50,2023_10_28-21_50-1,Sell,600,IFA1/IFA2/BN/NEMO,2023-10-29T01:00:00,2023-10-29T02:00:00,2023-10-28T21:30:00,20,-10.44,-0.9,-6.67,600,3440,,451,149,,,
2023-10-28T21:39:56,,2023_10_28-21_50,2023_10_28-21_50-2,Sell,1400,IFA1/IFA2/BN/NEMO,2023-10-29T02:00:00,2023-10-29T03:00:00,2023-10-28T21:30:00,20,-9.99,-2.21,-7,1400,3672,596,100,75,629,,
2023-10-28T21:39:56,,2023_10_28-21_50,2023_10_28-21_50-3,Sell,1400,IFA1/IFA2/BN/NEMO,2023-10-29T03:00:00,2023-10-29T04:00:00,2023-10-28T21:30:00,20,-12.18,22.31,-8.33,1400,4070,574,152,75,599,,
2023-10-28T21:39:56,,2023_10_28-21_50,2023_10_28-21_50-4,Sell,2200,IFA1/IFA2/BN/NEMO,2023-10-29T04:00:00,2023-10-29T05:00:00,2023-10-28T21:30:00,15,-20.54,17.66,-13,2200,4229,873,323,226,778,,
2023-10-28T21:39:56,,2023_10_28-21_50,2023_10_28-21_50-5,Sell,2000,IFA1/IFA2/BN/NEMO/EL,2023-10-29T05:00:00,2023-10-29T06:00:00,2023-10-28T21:30:00,15,-14.75,-4.34,-10.9,2000,5863,898,226,,574,302,
2023-10-28T21:39:56,,2023_10_28-21_50,2023_10_28-21_50-6,Sell,1800,IFA1/IFA2/BN/NEMO/EL,2023-10-29T06:00:00,2023-10-29T07:00:00,2023-10-28T21:30:00,20,-15.66,-2.03,-10.35,1800,5716,519,355,,724,202,
2023-10-29T20:19:17,,2023_10_29-19_33,2023_10_29-19_33-1,Sell,400,IFA1/IFA2/BN/NEMO,2023-10-30T02:00:00,2023-10-30T03:00:00,2023-10-29T20:15:00,40,5.99,7.42,7.03,400,5263,150,100,150,,,
2023-10-29T20:19:17,,2023_10_29-19_33,2023_10_29-19_33-2,Sell,1000,IFA1/IFA2/BN/NEMO,2023-10-30T03:00:00,2023-10-30T04:00:00,2023-10-29T20:15:00,45,6.04,9.9,7.57,1000,6156,500,200,300,,,
2023-10-29T20:19:17,,2023_10_29-19_33,2023_10_29-19_33-3,Sell,1400,IFA1/IFA2/BN/NEMO,2023-10-30T04:00:00,2023-10-30T05:00:00,2023-10-29T20:15:00,65,10.13,17.96,13.47,1400,5976,527,300,400,173,,
2023-10-29T20:19:17,,2023_10_29-19_33,2023_10_29-19_33-4,Sell,1500,IFA1/IFA2/BN/NEMO,2023-10-30T05:00:00,2023-10-30T06:00:00,2023-10-29T20:15:00,100,54.14,62.96,57.59,1500,5407,655,100,450,295,,
2023-10-30T00:33:40,,2023_10_29-23_58,2023_10_29-23_58-1,Sell,1000,IFA1/IFA2/BN/NEMO,2023-10-30T02:00:00,2023-10-30T03:00:00,2023-10-30T00:30:00,40,1.44,8.87,5.01,600,4397,330,45,,225,,
2023-10-30T00:33:40,,2023_10_29-23_58,2023_10_29-23_58-2,Sell,1000,IFA1/IFA2/BN/NEMO,2023-10-30T03:00:00,2023-10-30T04:00:00,2023-10-30T00:30:00,45,5.03,9.28,7.08,600,3933,255,140,150,55,,
2023-10-30T00:33:40,,2023_10_29-23_58,2023_10_29-23_58-3,Sell,1000,IFA1/IFA2/BN/NEMO,2023-10-30T04:00:00,2023-10-30T05:00:00,2023-10-30T00:30:00,60,14.33,17.98,16.42,600,3670,371,104,100,25,,
2023-10-30T00:33:40,,2023_10_29-23_58,2023_10_29-23_58-4,Sell,1000,IFA1/IFA2/BN/NEMO,2023-10-30T05:00:00,2023-10-30T06:00:00,2023-10-30T00:30:00,100,49.31,63,55.01,1000,5396,100,700,200,,,
2023-10-30T11:03:36,,2023_10_30-10_00,2023_10_30-10_00-1,Buy,450,BN/NEMO,2023-10-30T14:00:00,2023-10-30T15:00:00,2023-10-30T10:45:00,90,209.9,172.05,196.52,450,2337,,152,298,,,
2023-10-30T11:03:36,,2023_10_30-10_00,2023_10_30-10_00-2,Buy,550,BN/NEMO,2023-10-30T15:00:00,2023-10-30T16:00:00,2023-10-30T10:45:00,90,163.45,147.9,154.63,550,5836,,422,128,,,
2023-10-30T11:03:36,,2023_10_30-10_00,2023_10_30-10_00-3,Buy,0,BN/NEMO/EL,2023-10-30T16:00:00,2023-10-30T17:00:00,2023-10-30T10:45:00,110,0,0,0,0,4754,,,,,,
2023-10-30T11:03:36,,2023_10_30-10_00,2023_10_30-10_00-4,Buy,0,BN/NEMO,2023-10-30T17:00:00,2023-10-30T18:00:00,2023-10-30T10:45:00,120,0,0,0,0,6124,,,,,,
2023-10-30T11:03:36,,2023_10_30-10_00,2023_10_30-10_00-5,Buy,0,BN/NEMO/EL,2023-10-30T18:00:00,2023-10-30T19:00:00,2023-10-30T10:45:00,110,0,0,0,0,5612,,,,,,
2023-10-30T20:14:28,,2023_10_30-19_39,2023_10_30-19_39-1,Sell,500,IFA1/BN/NEMO/IFA2,2023-10-31T00:00:00,2023-10-31T01:00:00,2023-10-30T20:10:00,115,74.5,76.41,75.49,500,5964,75,425,,,,
2023-10-30T20:14:28,,2023_10_30-19_39,2023_10_30-19_39-2,Sell,700,IFA1/BN/NEMO/IFA2,2023-10-31T01:00:00,2023-10-31T02:00:00,2023-10-30T20:10:00,110,66.38,69.43,67.86,700,6205,75,364,261,,,
2023-10-30T20:14:28,,2023_10_30-19_39,2023_10_30-19_39-3,Sell,900,IFA1/BN/NEMO/IFA2,2023-10-31T02:00:00,2023-10-31T03:00:00,2023-10-30T20:10:00,95,57.75,60.35,59.03,900,6285,50,425,425,,,
2023-10-30T20:14:28,,2023_10_30-19_39,2023_10_30-19_39-4,Sell,1100,IFA1/BN/NEMO/IFA2,2023-10-31T03:00:00,2023-10-31T04:00:00,2023-10-30T20:10:00,95,57.64,62.88,59.24,1100,6441,150,395,514,41,,
2023-10-30T20:14:28,,2023_10_30-19_39,2023_10_30-19_39-5,Sell,900,IFA1/BN/NEMO/IFA2,2023-10-31T04:00:00,2023-10-31T05:00:00,2023-10-30T20:10:00,95,66.08,76.21,69.82,900,6267,150,450,300,,,
2023-10-31T00:40:12,,2023_10_31-00_09,2023_10_31-00_09-1,Buy,500,BN/NEMO/IFA2/EL,2023-10-31T07:00:00,2023-10-31T08:00:00,2023-10-31T00:35:00,90,153.58,118.45,141.77,500,4538,,150,193,88,69,
2023-10-31T12:19:42,,2023_10_31-11_44,2023_10_31-11_44-1,Buy,700,BN/NEMO,2023-10-31T15:00:00,2023-10-31T16:00:00,2023-10-31T12:15:00,85,112.73,103.72,109.88,700,4688,,262,438,,,
2023-10-31T12:19:42,,2023_10_31-11_44,2023_10_31-11_44-2,Buy,700,BN/NEMO,2023-10-31T16:00:00,2023-10-31T17:00:00,2023-10-31T12:15:00,90,137.86,114.46,129.56,700,4493,,447,253,,,
2023-10-31T12:19:42,,2023_10_31-11_44,2023_10_31-11_44-3,Buy,950,BN/NEMO,2023-10-31T17:00:00,2023-10-31T18:00:00,2023-10-31T12:15:00,105,160.53,133.46,150.93,950,5817,,590,360,,,
2023-10-31T20:14:36,,2023_10_31-19_32,2023_10_31-19_32-1,Sell,500,BN/NEMO/IFA1/IFA2,2023-11-01T00:00:00,2023-11-01T01:00:00,2023-10-31T20:10:00,110,10.78,22.15,15.25,500,8610,,80,420,,,
2023-10-31T20:14:36,,2023_10_31-19_32,2023_10_31-19_32-2,Sell,2200,BN/NEMO/IFA1/IFA2,2023-11-01T01:00:00,2023-11-01T02:00:00,2023-10-31T20:10:00,80,-5.02,36,6.81,2200,9457,514,799,865,22,,
2023-10-31T20:14:36,,2023_10_31-19_32,2023_10_31-19_32-3,Sell,2500,BN/NEMO/IFA1/IFA2,2023-11-01T02:00:00,2023-11-01T03:00:00,2023-10-31T20:10:00,60,-14.98,4.38,-6.58,2500,9353,1417,218,550,315,,
2023-10-31T20:14:36,,2023_10_31-19_32,2023_10_31-19_32-4,Sell,3000,BN/NEMO/IFA1/IFA2,2023-11-01T03:00:00,2023-11-01T04:00:00,2023-10-31T20:10:00,60,-24.56,4,-12.81,3000,8461,1618,25,765,592,,
2023-10-31T20:14:36,,2023_10_31-19_32,2023_10_31-19_32-5,Sell,2200,BN/NEMO/IFA1/IFA2,2023-11-01T04:00:00,2023-11-01T05:00:00,2023-10-31T20:10:00,50,-12.78,6.11,-5.76,2200,6986,1573,,300,327,,
2023-10-31T20:14:36,,2023_10_31-19_32,2023_10_31-19_32-6,Sell,1400,BN/NEMO/IFA1/IFA2/EL,2023-11-01T05:00:00,2023-11-01T06:00:00,2023-10-31T20:10:00,40,9.58,24.97,16.28,1400,8388,829,,300,165,106,
2023-11-01T20:58:11,"Due to French electricity system conditions, NGESO is unable to trade on the interconnectors joining GB and France.",2023_11_01-20_33,2023_11_01-20_33-1,Sell,2000,IFA1/IFA2/BN/NEMO,2023-11-01T23:00:00,2023-11-02T00:00:00,2023-11-01T20:55:00,68.6,-25.03,39,-11.05,2000,8873,,848,1152,,,
2023-11-01T20:58:11,"Due to French electricity system conditions, NGESO is unable to trade on the interconnectors joining GB and France.",2023_11_01-20_33,2023_11_01-20_33-2,Sell,2600,IFA1/IFA2/BN/NEMO,2023-11-02T00:00:00,2023-11-02T01:00:00,2023-11-01T20:55:00,57.61,-38.03,29,-20.42,2600,9128,,1537,1063,,,
2023-11-01T20:58:11,"Due to French electricity system conditions, NGESO is unable to trade on the interconnectors joining GB and France.",2023_11_01-20_33,2023_11_01-20_33-3,Sell,3150,IFA1/IFA2/BN/NEMO,2023-11-02T01:00:00,2023-11-02T02:00:00,2023-11-01T20:55:00,40.82,-35.95,25,-20.52,3150,10139,,1560,1590,,,
2023-11-01T22:18:24,"Due to French electricity system conditions, NGESO is unable to trade on the interconnectors joining GB and France.",2023_11_01-21_18,2023_11_01-21_18-1,Sell,2500,IFA1/IFA2/NEMO/BN,2023-11-02T02:00:00,2023-11-02T03:00:00,2023-11-01T22:00:00,24.96,-98,-6.9,-61.44,2318,6041,,1591,727,,,
2023-11-01T22:18:24,"Due to French electricity system conditions, NGESO is unable to trade on the interconnectors joining GB and France.",2023_11_01-21_18,2023_11_01-21_18-2,Sell,2300,IFA1/IFA2/NEMO/BN,2023-11-02T03:00:00,2023-11-02T04:00:00,2023-11-01T22:00:00,27.33,-98,-6.88,-62.07,2172,6092,,1396,776,,,
2023-11-01T22:18:24,"Due to French electricity system conditions, NGESO is unable to trade on the interconnectors joining GB and France.",2023_11_01-21_18,2023_11_01-21_18-3,Sell,2200,IFA1/IFA2/NEMO/BN,2023-11-02T04:00:00,2023-11-02T05:00:00,2023-11-01T22:00:00,28.83,-98,-2.96,-61.59,2089,6014,,1305,784,,,
2023-11-01T22:18:24,"Due to French electricity system conditions, NGESO is unable to trade on the interconnectors joining GB and France.",2023_11_01-21_18,2023_11_01-21_18-4,Sell,3000,IFA1/IFA2/NEMO/BN,2023-11-02T05:00:00,2023-11-02T06:00:00,2023-11-01T22:00:00,49.93,-79,16.34,-25.03,2913,7903,345,1513,900,155,,
2023-11-01T22:18:24,"Due to French electricity system conditions, NGESO is unable to trade on the interconnectors joining GB and France.",2023_11_01-21_18,2023_11_01-21_18-5,Sell,3000,IFA1/IFA2/NEMO/BN,2023-11-02T06:00:00,2023-11-02T07:00:00,2023-11-01T22:00:00,91.71,-33.87,55.21,22.51,3000,7975,385,1600,900,115,,
2023-11-02T20:49:31,,2023_11_02-19_56,2023_11_02-19_56-1,Sell,1700,IFA1/BN/NEMO/IFA2,2023-11-02T23:00:00,2023-11-03T00:00:00,2023-11-02T20:35:00,50,-4.03,7.13,1.18,1700,7730,954,76,142,528,,
2023-11-02T20:49:31,"Due to French electricity system conditions, NGESO is unable to trade on the interconnectors joining GB and France.",2023_11_02-19_56,2023_11_02-19_56-2,Sell,1400,IFA1/BN/NEMO/IFA2,2023-11-03T00:00:00,2023-11-03T01:00:00,2023-11-02T20:35:00,40,-12.23,5.65,-0.82,1400,7525,769,75,425,131,,
2023-11-02T20:49:31,"Due to French electricity system conditions, NGESO is unable to trade on the interconnectors joining GB and France.",2023_11_02-19_56,2023_11_02-19_56-3,Sell,1400,IFA1/BN/NEMO/IFA2,2023-11-03T01:00:00,2023-11-03T02:00:00,2023-11-02T20:35:00,30,-13.49,4.37,-2.88,1400,7736,719,112,488,81,,
2023-11-02T20:49:31,"Due to French electricity system conditions, NGESO is unable to trade on the interconnectors joining GB and France.",2023_11_02-19_56,2023_11_02-19_56-4,Sell,1400,IFA1/BN/NEMO/IFA2,2023-11-03T02:00:00,2023-11-03T03:00:00,2023-11-02T20:35:00,25,-36.67,0.64,-9.42,1400,7562,739,300,300,61,,
2023-11-02T20:49:31,,2023_11_02-19_56,2023_11_02-19_56-5,Sell,200,IFA1/BN/NEMO/IFA2,2023-11-03T03:00:00,2023-11-03T04:00:00,2023-11-02T20:35:00,20,18.1,18.1,18.1,200,5323,,,,200,,
2023-11-02T20:49:31,"Due to French electricity system conditions, NGESO is unable to trade on the interconnectors joining GB and France.",2023_11_02-19_56,2023_11_02-19_56-6,Sell,850,IFA1/BN/NEMO/IFA2,2023-11-03T04:00:00,2023-11-03T05:00:00,2023-11-02T20:35:00,40,-68,15.71,-12.85,850,5795,400,450,,,,
2023-11-03T00:24:43,,2023_11_02-23_56,2023_11_02-23_56-1,Buy,500,IFA1/BN/NEMO/IFA2/EL,2023-11-03T07:00:00,2023-11-03T08:00:00,2023-11-03T00:20:00,70,107.16,105.26,106.09,500,7633,350,,,,150,
2023-11-03T13:53:58,"Due to French electricity system conditions, NGESO is unable to trade on the interconnectors joining GB and France.",2023_11_03-13_23,2023_11_03-13_23-1,Buy,400,IFA1/BN/NEMO,2023-11-03T16:00:00,2023-11-03T17:00:00,2023-11-03T13:50:00,70,139.8,124.88,135.41,400,2335,,291,109,,,
2023-11-03T13:53:58,,2023_11_03-13_23,2023_11_03-13_23-2,Buy,400,IFA1/BN/NEMO,2023-11-03T17:00:00,2023-11-03T18:00:00,2023-11-03T13:50:00,85,152.37,139.89,148.08,400,2148,202,102,96,,,
2023-11-05T00:35:38,,2023_11_04-23_50,2023_11_04-23_50-1,Sell,700,BN/IFA1/IFA2/NEMO,2023-11-05T03:00:00,2023-11-05T04:00:00,2023-11-05T00:30:00,110,-0.84,2.68,0.83,700,3354,502,175,,23,,
2023-11-05T00:35:38,,2023_11_04-23_50,2023_11_04-23_50-2,Sell,1000,BN/IFA1/IFA2/NEMO,2023-11-05T04:00:00,2023-11-05T05:00:00,2023-11-05T00:30:00,95,-0.85,3.88,1.21,1000,3254,626,276,75,23,,
2023-11-05T00:35:38,,2023_11_04-23_50,2023_11_04-23_50-3,Sell,1600,BN/IFA1/IFA2/NEMO/EL,2023-11-05T05:00:00,2023-11-05T06:00:00,2023-11-05T00:30:00,95,5.96,21.37,11.45,1600,5807,,1193,407,,,
2023-11-05T00:35:38,,2023_11_04-23_50,2023_11_04-23_50-4,Sell,1500,BN/IFA1/IFA2/NEMO/EL,2023-11-05T06:00:00,2023-11-05T07:00:00,2023-11-05T00:30:00,100,6.5,37.85,17.55,1500,5584,9,1056,435,,,
2023-11-05T00:35:38,,2023_11_04-23_50,2023_11_04-23_50-5,Sell,300,BN/IFA1/IFA2/NEMO/EL,2023-11-05T07:00:00,2023-11-05T08:00:00,2023-11-05T00:30:00,85,36.78,46.27,40.09,300,5416,,300,,,,
2023-11-05T20:18:36,,2023_11_05-19_41,2023_11_05-19_41-1,Sell,1500,IFA1/IFA2/BN/NEMO,2023-11-05T23:00:00,2023-11-06T00:00:00,2023-11-05T20:15:00,130,1.74,7.45,4.01,1500,8781,467,438,115,480,,
2023-11-05T20:18:36,,2023_11_05-19_41,2023_11_05-19_41-2,Sell,1700,IFA1/IFA2/BN/NEMO,2023-11-06T00:00:00,2023-11-06T01:00:00,2023-11-05T20:15:00,115,-0.85,5.06,1.14,1700,8781,471,924,25,280,,
2023-11-05T20:18:36,,2023_11_05-19_41,2023_11_05-19_41-3,Sell,1700,IFA1/IFA2/BN/NEMO,2023-11-06T01:00:00,2023-11-06T02:00:00,2023-11-05T20:15:00,100,-4.25,0.96,-2.52,1700,8888,648,513,59,480,,
2023-11-05T22:35:51,,2023_11_05-21_52,2023_11_05-21_52-1,Sell,2000,IFA1/IFA2/BN/NEMO,2023-11-06T02:00:00,2023-11-06T03:00:00,2023-11-05T22:30:00,90,-0.84,4.44,0.81,2000,6562,957,388,253,402,,
2023-11-05T22:35:51,"Due to French electricity system conditions, NGESO is unable to trade on the interconnectors joining GB and France. For more information, see this link to French margin graph: https://www.services-rte.com/en/view-data-published-by-rte/balancing-capacities.html#:~:text=RTE%20proposes%20on%20this%20web,best%20hypothesis%20at%20our%20disposal",2023_11_05-21_52,2023_11_05-21_52-2,Sell,2400,IFA1/IFA2/BN/NEMO,2023-11-06T03:00:00,2023-11-06T04:00:00,2023-11-05T22:30:00,80,0,5.31,2.59,2400,6561,1107,421,479,393,,
2023-11-05T22:35:51,,2023_11_05-21_52,2023_11_05-21_52-3,Sell,2500,IFA1/IFA2/BN/NEMO,2023-11-06T04:00:00,2023-11-06T05:00:00,2023-11-05T22:30:00,80,8.7,18.25,11.91,2500,6710,828,566,454,652,,
2023-11-05T22:35:51,,2023_11_05-21_52,2023_11_05-21_52-4,Sell,1500,IFA1/IFA2/BN/NEMO/EL,2023-11-06T05:00:00,2023-11-06T06:00:00,2023-11-05T22:30:00,90,59.59,63.68,61.41,1500,8010,550,368,30,300,252,
2023-11-05T22:35:51,,2023_11_05-21_52,2023_11_05-21_52-5,Sell,800,IFA1/IFA2/BN/NEMO/EL,2023-11-06T06:00:00,2023-11-06T07:00:00,2023-11-05T22:30:00,110,82.88,89.14,84.71,800,7941,400,372,,28,,
2023-11-06T20:18:10,,2023_11_06-19_29,2023_11_06-19_29-1,Sell,500,IFA1/IFA2/BN/NEMO,2023-11-06T23:00:00,2023-11-07T00:00:00,2023-11-06T20:15:00,95,63.17,71.33,66.42,500,5441,300,40,,160,,
2023-11-06T20:18:10,,2023_11_06-19_29,2023_11_06-19_29-2,Sell,400,IFA1/IFA2/BN/NEMO,2023-11-07T00:00:00,2023-11-07T01:00:00,2023-11-06T20:15:00,93,60.85,66.37,63.31,400,5402,299,50,,51,,
2023-11-06T20:18:10,,2023_11_06-19_29,2023_11_06-19_29-3,Sell,400,IFA1/IFA2/BN/NEMO,2023-11-07T01:00:00,2023-11-07T02:00:00,2023-11-06T20:15:00,83,53.73,56.84,54.9,400,5300,275,100,,25,,
2023-11-06T20:18:10,,2023_11_06-19_29,2023_11_06-19_29-4,Sell,600,IFA1/IFA2/BN/NEMO,2023-11-07T02:00:00,2023-11-07T03:00:00,2023-11-06T20:15:00,80,46.45,50.05,48.13,600,5174,300,75,100,125,,
2023-11-06T20:18:10,,2023_11_06-19_29,2023_11_06-19_29-5,Sell,1000,IFA1/IFA2/BN/NEMO,2023-11-07T03:00:00,2023-11-07T04:00:00,2023-11-06T20:15:00,75,45.48,51.95,48.41,1000,5337,300,101,300,299,,
2023-11-06T20:18:10,,2023_11_06-19_29,2023_11_06-19_29-6,Sell,1100,IFA1/IFA2/BN/NEMO,2023-11-07T04:00:00,2023-11-07T05:00:00,2023-11-06T20:15:00,90,58.98,63.99,61.4,1100,5416,400,,334,366,,
2023-11-06T20:18:10,,2023_11_06-19_29,2023_11_06-19_29-7,Sell,400,IFA1/IFA2/BN/NEMO,2023-11-07T05:00:00,2023-11-07T06:00:00,2023-11-06T20:15:00,105,79.95,82.31,81.35,400,3647,158,,101,141,,
2023-11-06T21:43:57,"Due to French electricity system conditions, NGESO is unable to trade on the interconnectors joining GB and France.",2023_11_06-21_01,2023_11_06-21_01-1,Buy,1300,IFA1/IFA2/EL/BN/NEMO,2023-11-07T07:00:00,2023-11-07T08:00:00,2023-11-06T21:40:00,80,136.7,126.72,131.13,1300,8087,197,149,151,251,552,
2023-11-06T21:43:57,,2023_11_06-21_01,2023_11_06-21_01-2,Buy,300,IFA1/IFA2/EL/BN/NEMO,2023-11-07T08:00:00,2023-11-07T09:00:00,2023-11-06T21:40:00,70,113.79,111.55,112.2,300,5362,196,,,104,,
2023-11-07T13:57:12,,2023_11_07-13_25,2023_11_07-13_25-1,Buy,500,IFA1/IFA2/BN/NEMO,2023-11-07T17:00:00,2023-11-07T18:00:00,2023-11-07T13:50:00,155,132.73,128,130.44,500,2792,95,196,,209,,
2023-11-07T13:57:12,,2023_11_07-13_25,2023_11_07-13_25-2,Buy,400,IFA1/IFA2/BN/NEMO,2023-11-07T18:00:00,2023-11-07T19:00:00,2023-11-07T13:50:00,145,123.6,121.49,122.72,400,2600,114,89,50,147,,
2023-11-07T20:49:24,,2023_11_07-20_17,2023_11_07-20_17-1,Sell,300,IFA2/BN/NEMO,2023-11-07T23:00:00,2023-11-08T00:00:00,2023-11-07T20:45:00,120,74.21,77.77,75.82,300,4244,,300,,,,
2023-11-07T20:49:24,,2023_11_07-20_17,2023_11_07-20_17-2,Sell,800,IFA2/BN/NEMO,2023-11-08T00:00:00,2023-11-08T01:00:00,2023-11-07T20:45:00,110,65.02,73.43,69.41,800,5908,,637,,163,,
2023-11-07T20:49:24,,2023_11_07-20_17,2023_11_07-20_17-3,Sell,800,IFA2/BN/NEMO,2023-11-08T01:00:00,2023-11-08T02:00:00,2023-11-07T20:45:00,100,59.72,64.64,61.28,800,5964,,452,,348,,
2023-11-08T00:30:02,,2023_11_07-23_49,2023_11_07-23_49-1,Buy,500,IFA1/NEMO/EL,2023-11-08T05:00:00,2023-11-08T06:00:00,2023-11-08T00:20:00,50,81.58,79.24,80.57,500,4040,246,,25,,229,
2023-11-08T00:30:02,,2023_11_07-23_49,2023_11_07-23_49-2,Buy,700,IFA1/NEMO/EL,2023-11-08T06:00:00,2023-11-08T07:00:00,2023-11-08T00:20:00,70,108.22,104.16,106.46,700,4973,301,,150,,249,
2023-11-08T00:30:02,,2023_11_07-23_49,2023_11_07-23_49-3,Buy,500,IFA1/IFA2/BN/NEMO/EL,2023-11-08T06:00:00,2023-11-08T07:00:00,2023-11-08T00:20:00,70,108.82,105.1,107.15,500,6952,44,139,90,197,30,
2023-11-08T00:30:02,,2023_11_07-23_49,2023_11_07-23_49-4,Buy,800,IFA1/IFA2/BN/NEMO/EL,2023-11-08T07:00:00,2023-11-08T08:00:00,2023-11-08T00:20:00,75,107.83,105.05,106.59,800,8254,500,,50,197,53,
2023-11-08T10:58:54,,2023_11_08-10_22,2023_11_08-10_22-1,Buy,1200,IFA1/IFA2/BN/NEMO,2023-11-08T15:00:00,2023-11-08T16:00:00,2023-11-08T10:50:00,70,96.41,83.57,89,1200,11178,400,,100,700,,
2023-11-08T10:58:54,,2023_11_08-10_22,2023_11_08-10_22-2,Buy,500,IFA1/IFA2/BN/NEMO/EL,2023-11-08T16:00:00,2023-11-08T17:00:00,2023-11-08T10:50:00,90,106.43,98.09,103.56,500,8659,70,85,147,25,173,
2023-11-08T21:44:17,,2023_11_08-21_10,2023_11_08-21_10-1,Sell,400,IFA1/BN/NEMO/IFA2,2023-11-09T03:00:00,2023-11-09T04:00:00,2023-11-08T21:40:00,90,62.81,67.16,65.11,400,3685,,101,202,97,,
2023-11-08T21:44:17,,2023_11_08-21_10,2023_11_08-21_10-2,Sell,400,IFA1/BN/NEMO/IFA2,2023-11-09T04:00:00,2023-11-09T05:00:00,2023-11-08T21:40:00,95,64.81,69.17,67.22,400,3596,,101,215,84,,
2023-11-08T21:44:17,,2023_11_08-21_10,2023_11_08-21_10-3,Sell,500,IFA1/BN/NEMO/IFA2,2023-11-09T05:00:00,2023-11-09T06:00:00,2023-11-08T21:40:00,115,74.97,82.72,79.41,500,2763,197,,202,101,,
2023-11-08T23:56:06,,2023_11_08-23_32,2023_11_08-23_32-1,Sell,200,IFA1/BN/NEMO/IFA2,2023-11-09T02:00:00,2023-11-09T03:00:00,2023-11-08T23:53:00,92,49.37,52.01,50.65,200,3207,14,74,,112,,
2023-11-08T23:56:06,,2023_11_08-23_32,2023_11_08-23_32-2,Sell,200,IFA1/BN/NEMO/IFA2,2023-11-09T03:00:00,2023-11-09T04:00:00,2023-11-08T23:53:00,90,49.28,51.34,50.69,200,2801,58,20,,122,,
2023-11-08T23:56:06,,2023_11_08-23_32,2023_11_08-23_32-3,Sell,300,IFA1/BN/NEMO/IFA2,2023-11-09T04:00:00,2023-11-09T05:00:00,2023-11-08T23:53:00,95,49.99,53.52,51.52,300,2806,25,60,,215,,
2023-11-08T23:56:06,,2023_11_08-23_32,2023_11_08-23_32-4,Sell,500,IFA1/BN/NEMO/IFA2,2023-11-09T05:00:00,2023-11-09T06:00:00,2023-11-08T23:53:00,115,67.55,72.35,71.15,500,2697,330,,,170,,
2023-11-10T20:23:28,,2023_11_10-19_52,2023_11_10-19_52-1,Sell,200,IFA1/IFA2/BN/NEMO,2023-11-11T01:00:00,2023-11-11T02:00:00,2023-11-10T20:20:00,100,70.76,71.59,71.18,200,2893,,200,,,,
2023-11-10T20:23:28,,2023_11_10-19_52,2023_11_10-19_52-2,Sell,500,IFA1/IFA2/BN/NEMO,2023-11-11T02:00:00,2023-11-11T03:00:00,2023-11-10T20:20:00,100,67.78,69.89,68.7,500,4325,125,300,75,,,
2023-11-12T12:12:59,,2023_11_12-11_37,2023_11_12-11_37-1,Buy,345,BN,2023-11-12T14:00:00,2023-11-12T15:00:00,2023-11-12T12:05:00,75,147.78,110.17,132.82,345,546,,345,,,,
2023-11-12T12:12:59,,2023_11_12-11_37,2023_11_12-11_37-2,Buy,1200,BN/NEMO,2023-11-12T15:00:00,2023-11-12T16:00:00,2023-11-12T12:05:00,80,155.79,119.5,142.36,1200,3636,,1052,148,,,
2023-11-12T12:12:59,,2023_11_12-11_37,2023_11_12-11_37-3,Buy,900,BN/NEMO/EL,2023-11-12T16:00:00,2023-11-12T17:00:00,2023-11-12T12:05:00,100,145.76,129.75,137.99,900,4084,,26,84,,790,
2023-11-12T20:42:08,,2023_11_12-20_41,2023_11_12-20_41-1,Sell,1300,IFA1/IFA2/BN/NEMO,2023-11-12T23:00:00,2023-11-13T00:00:00,2023-11-12T21:25:00,110,,,,,,,,,,,
2023-11-12T20:42:08,,2023_11_12-20_41,2023_11_12-20_41-2,Sell,1000,IFA1/IFA2/BN/NEMO,2023-11-13T00:00:00,2023-11-13T01:00:00,2023-11-12T21:25:00,100,,,,,,,,,,,
2023-11-12T22:50:06,,2023_11_12-22_17,2023_11_12-22_17-1,Sell,500,IFA1/IFA2/BN/NEMO,2023-11-13T01:00:00,2023-11-13T02:00:00,2023-11-12T22:45:00,95,58.85,66.81,63.33,500,3615,51,275,47,127,,
2023-11-12T22:50:06,,2023_11_12-22_17,2023_11_12-22_17-2,Sell,300,IFA1/IFA2/BN/NEMO,2023-11-13T02:00:00,2023-11-13T03:00:00,2023-11-12T22:45:00,90,43.5,62.5,54.18,300,2981,39,60,100,101,,
2023-11-12T22:50:06,,2023_11_12-22_17,2023_11_12-22_17-3,Sell,200,IFA1/IFA2/BN/NEMO,2023-11-13T03:00:00,2023-11-13T04:00:00,2023-11-12T22:45:00,80,48.67,50.5,49.8,200,2262,140,,50,10,,
2023-11-12T22:50:06,,2023_11_12-22_17,2023_11_12-22_17-4,Sell,500,IFA1/IFA2/BN/NEMO,2023-11-13T04:00:00,2023-11-13T05:00:00,2023-11-12T22:45:00,80,46.52,54.5,48.74,500,2391,258,,101,141,,
2023-11-13T20:17:39,"Due to French electricity system conditions, NGESO is unable to trade on the interconnectors joining GB and France. For more information, see this link to French margin graph: https://www.services-rte.com/en/view-data-published-by-rte/balancing-capacities.html#:~:text=RTE%20proposes%20on%20this%20web,best%20hypothesis%20at%20our%20disposal",2023_11_13-19_27,2023_11_13-19_27-1,Sell,2000,IFA1/IFA2/BN/NEMO,2023-11-13T23:00:00,2023-11-14T00:00:00,2023-11-13T20:10:00,70,-9.05,15.69,2.86,2000,9130,500,485,1015,,,
2023-11-13T20:17:39,"Due to French electricity system conditions, NGESO is unable to trade on the interconnectors joining GB and France. For more information, see this link to French margin graph: https://www.services-rte.com/en/view-data-published-by-rte/balancing-capacities.html#:~:text=RTE%20proposes%20on%20this%20web,best%20hypothesis%20at%20our%20disposal",2023_11_13-19_27,2023_11_13-19_27-2,Sell,1700,IFA1/IFA2/BN/NEMO,2023-11-14T00:00:00,2023-11-14T01:00:00,2023-11-13T20:10:00,70,-19.87,0.85,-9.03,1700,9049,500,430,770,,,
2023-11-13T20:17:39,"Due to French electricity system conditions, NGESO is unable to trade on the interconnectors joining GB and France. For more information, see this link to French margin graph: https://www.services-rte.com/en/view-data-published-by-rte/balancing-capacities.html#:~:text=RTE%20proposes%20on%20this%20web,best%20hypothesis%20at%20our%20disposal",2023_11_13-19_27,2023_11_13-19_27-3,Sell,1600,IFA1/IFA2/BN/NEMO,2023-11-14T01:00:00,2023-11-14T02:00:00,2023-11-13T20:10:00,70,-22.32,-2.55,-11.82,1600,9049,500,401,699,,,
2023-11-13T20:17:39,"Due to French electricity system conditions, NGESO is unable to trade on the interconnectors joining GB and France. For more information, see this link to French margin graph: https://www.services-rte.com/en/view-data-published-by-rte/balancing-capacities.html#:~:text=RTE%20proposes%20on%20this%20web,best%20hypothesis%20at%20our%20disposal",2023_11_13-19_27,2023_11_13-19_27-4,Sell,1950,IFA1/IFA2/BN/NEMO,2023-11-14T02:00:00,2023-11-14T03:00:00,2023-11-13T20:10:00,60,-24.4,-3.41,-13.14,1950,9250,500,461,989,,,
2023-11-13T20:17:39,"Due to French electricity system conditions, NGESO is unable to trade on the interconnectors joining GB and France. For more information, see this link to French margin graph: https://www.services-rte.com/en/view-data-published-by-rte/balancing-capacities.html#:~:text=RTE%20proposes%20on%20this%20web,best%20hypothesis%20at%20our%20disposal",2023_11_13-19_27,2023_11_13-19_27-5,Sell,2600,IFA1/IFA2/BN/NEMO,2023-11-14T03:00:00,2023-11-14T04:00:00,2023-11-13T20:10:00,60,-29,-3.41,-16.42,2600,9270,500,916,1184,,,
2023-11-13T20:17:39,"Due to French electricity system conditions, NGESO is unable to trade on the interconnectors joining GB and France. For more information, see this link to French margin graph: https://www.services-rte.com/en/view-data-published-by-rte/balancing-capacities.html#:~:text=RTE%20proposes%20on%20this%20web,best%20hypothesis%20at%20our%20disposal",2023_11_13-19_27,2023_11_13-19_27-6,Sell,2200,IFA1/IFA2/BN/NEMO,2023-11-14T04:00:00,2023-11-14T05:00:00,2023-11-13T20:10:00,50,-26.23,1.7,-11.52,2200,9269,500,566,1134,,,
2023-11-13T20:17:39,"Due to French electricity system conditions, NGESO is unable to trade on the interconnectors joining GB and France. For more information, see this link to French margin graph: https://www.services-rte.com/en/view-data-published-by-rte/balancing-capacities.html#:~:text=RTE%20proposes%20on%20this%20web,best%20hypothesis%20at%20our%20disposal",2023_11_13-19_27,2023_11_13-19_27-7,Sell,1900,IFA1/IFA2/BN/NEMO,2023-11-14T05:00:00,2023-11-14T06:00:00,2023-11-13T20:10:00,70,23.85,40.02,31.74,1900,8609,500,865,535,,,
2023-11-13T20:17:39,"Due to French electricity system conditions, NGESO is unable to trade on the interconnectors joining GB and France. For more information, see this link to French margin graph: https://www.services-rte.com/en/view-data-published-by-rte/balancing-capacities.html#:~:text=RTE%20proposes%20on%20this%20web,best%20hypothesis%20at%20our%20disposal",2023_11_13-19_27,2023_11_13-19_27-8,Sell,700,IFA1/IFA2/BN/NEMO,2023-11-14T06:00:00,2023-11-14T07:00:00,2023-11-13T20:10:00,100,63.44,67.24,65.17,700,8306,491,175,25,9,,
2023-11-14T20:41:38,,2023_11_14-19_56,2023_11_14-19_56-1,Sell,1800,IFA1/IFA2/BN/NEMO,2023-11-14T23:00:00,2023-11-15T00:00:00,2023-11-14T20:35:00,95,57.9,68.11,61.82,1800,7583,377,736,410,277,,
2023-11-14T20:41:38,"Due to French electricity system conditions, NGESO is unable to trade on the interconnectors joining GB and France.",2023_11_14-19_56,2023_11_14-19_56-2,Sell,2200,IFA1/IFA2/BN/NEMO,2023-11-15T00:00:00,2023-11-15T01:00:00,2023-11-14T20:35:00,85,49.31,61,55,2200,7735,678,655,545,322,,
2023-11-14T20:41:38,,2023_11_14-19_56,2023_11_14-19_56-3,Sell,1600,IFA1/IFA2/BN/NEMO,2023-11-15T01:00:00,2023-11-15T02:00:00,2023-11-14T20:35:00,80,51.71,58,54.17,1600,7298,567,450,350,233,,
2023-11-14T20:41:38,"Due to French electricity system conditions, NGESO is unable to trade on the interconnectors joining GB and France.",2023_11_14-19_56,2023_11_14-19_56-4,Sell,1500,IFA1/IFA2/BN/NEMO,2023-11-15T02:00:00,2023-11-15T03:00:00,2023-11-14T20:35:00,75,45.9,58,51.44,1500,6915,905,123,377,95,,
2023-11-14T20:41:38,,2023_11_14-19_56,2023_11_14-19_56-5,Sell,1300,IFA1/IFA2/BN/NEMO,2023-11-15T03:00:00,2023-11-15T04:00:00,2023-11-14T20:35:00,75,50.24,61,54.07,1300,5722,875,60,270,95,,
2023-11-14T20:41:38,"Due to French electricity system conditions, NGESO is unable to trade on the interconnectors joining GB and France.",2023_11_14-19_56,2023_11_14-19_56-6,Sell,1300,IFA1/IFA2/BN/NEMO,2023-11-15T04:00:00,2023-11-15T05:00:00,2023-11-14T20:35:00,80,54.33,63.68,59.82,1300,4965,892,,300,108,,
2023-11-14T20:41:38,,2023_11_14-19_56,2023_11_14-19_56-7,Sell,1100,IFA1/IFA2/BN/NEMO/EL,2023-11-15T05:00:00,2023-11-15T06:00:00,2023-11-14T20:35:00,95,63.71,74.6,70.49,1100,2845,391,100,250,250,109,
2023-11-15T11:33:10,,2023_11_15-10_36,2023_11_15-10_36-1,Buy,750,IFA1/BN/NEMO/EL,2023-11-15T18:00:00,2023-11-15T19:00:00,2023-11-15T11:30:00,95,120.98,115.67,118.68,750,7316,50,250,155,,295,
2023-11-17T00:05:17,,2023_11_16-23_21,2023_11_16-23_21-1,Buy,1000,IFA1/BN/NEMO/EL,2023-11-17T06:00:00,2023-11-17T07:00:00,2023-11-17T00:00:00,80,125.17,122,124.49,1000,5637,92,350,150,,408,
2023-11-17T21:47:51,,2023_11_17-21_11,2023_11_17-21_11-1,Sell,1000,IFA1/BN/NEMO,2023-11-18T01:00:00,2023-11-18T02:00:00,2023-11-17T21:45:00,112,65.61,70.9,67.21,1000,4507,394,606,,,,
2023-11-17T21:47:51,,2023_11_17-21_11,2023_11_17-21_11-2,Sell,1000,IFA1/BN/NEMO,2023-11-18T02:00:00,2023-11-18T03:00:00,2023-11-17T21:45:00,103,62.58,65.73,63.7,1000,3806,50,950,,,,
2023-11-18T20:28:32,,2023_11_18-19_58,2023_11_18-19_58-1,Sell,700,IFA1/BN/NEMO,2023-11-18T22:00:00,2023-11-18T23:00:00,2023-11-18T20:25:00,50,32.56,43.31,36.9,700,3041,137,412,151,,,
2023-11-18T20:28:32,,2023_11_18-19_58,2023_11_18-19_58-2,Sell,2000,IFA1/BN/NEMO,2023-11-18T23:00:00,2023-11-19T00:00:00,2023-11-18T20:25:00,35,2.6,10.35,5.97,2000,7443,768,1078,154,,,
2023-11-18T22:30:14,,2023_11_18-21_52,2023_11_18-21_52-1,Sell,2000,IFA1/BN/NEMO,2023-11-19T00:00:00,2023-11-19T01:00:00,2023-11-18T22:20:00,35,-7.51,1.87,-2.98,2000,4884,1000,590,410,,,
2023-11-18T22:30:14,,2023_11_18-21_52,2023_11_18-21_52-2,Sell,2000,IFA1/BN/NEMO,2023-11-19T01:00:00,2023-11-19T02:00:00,2023-11-18T22:20:00,35,-10.84,-2.71,-7.66,2000,4666,1234,29,737,,,
2023-11-18T22:30:14,,2023_11_18-21_52,2023_11_18-21_52-3,Sell,2000,IFA1/BN/NEMO,2023-11-19T02:00:00,2023-11-19T03:00:00,2023-11-18T22:20:00,25,-34.14,-12.83,-23.18,2000,4427,1101,566,333,,,
2023-11-18T22:30:14,,2023_11_18-21_52,2023_11_18-21_52-4,Sell,2500,IFA1/BN/NEMO,2023-11-19T03:00:00,2023-11-19T04:00:00,2023-11-18T22:20:00,25,-37.45,-11.38,-23.28,2500,4467,1245,869,386,,,
2023-11-18T22:30:14,,2023_11_18-21_52,2023_11_18-21_52-5,Sell,2500,IFA1/BN/NEMO,2023-11-19T04:00:00,2023-11-19T05:00:00,2023-11-18T22:20:00,25,-39.92,-7,-23.77,2500,4358,1180,811,509,,,
2023-11-18T22:30:14,"Due to French electricity system conditions, NGESO is unable to trade on the interconnectors joining GB and France. For more information, see this link to French margin graph: https://www.services-rte.com/en/view-data-published-by-rte/balancing-capacities.html#:~:text=RTE%20proposes%20on%20this%20web,best%20hypothesis%20at%20our%20disposal",2023_11_18-21_52,2023_11_18-21_52-6,Sell,3400,IFA1/BN/NEMO/EL,2023-11-19T05:00:00,2023-11-19T06:00:00,2023-11-18T22:20:00,35,-32.04,-10.18,-20.07,3400,7014,1148,800,700,,752,
2023-11-18T22:30:14,"Due to French electricity system conditions, NGESO is unable to trade on the interconnectors joining GB and France. For more information, see this link to French margin graph: https://www.services-rte.com/en/view-data-published-by-rte/balancing-capacities.html#:~:text=RTE%20proposes%20on%20this%20web,best%20hypothesis%20at%20our%20disposal",2023_11_18-21_52,2023_11_18-21_52-7,Sell,3200,IFA1/BN/NEMO/EL,2023-11-19T06:00:00,2023-11-19T07:00:00,2023-11-18T22:20:00,45,-28.87,-6.99,-17.33,3200,7100,812,1120,580,,688,
2023-11-18T22:30:14,,2023_11_18-21_52,2023_11_18-21_52-8,Sell,800,IFA1/BN/NEMO/EL,2023-11-19T07:00:00,2023-11-19T08:00:00,2023-11-18T22:20:00,50,1.7,5.97,3.42,800,6308,240,130,30,,400,
2023-11-19T20:53:25,,2023_11_19-20_26,2023_11_19-20_26-1,Sell,300,IFA1/BN/NEMO,2023-11-19T23:00:00,2023-11-20T00:00:00,2023-11-19T20:50:00,90,63.55,64.75,64.18,300,3209,200,100,,,,
2023-11-19T20:53:25,,2023_11_19-20_26,2023_11_19-20_26-2,Sell,500,IFA1/BN/NEMO,2023-11-20T00:00:00,2023-11-20T01:00:00,2023-11-19T20:50:00,90,58.92,60.91,59.78,500,4047,202,298,,,,
2023-11-19T23:07:12,,2023_11_19-22_23,2023_11_19-22_23-1,Sell,300,IFA1/BN/NEMO,2023-11-20T03:00:00,2023-11-20T04:00:00,2023-11-19T23:00:00,85,57.44,61.18,59.39,300,3741,50,150,100,,,
2023-11-19T23:07:12,,2023_11_19-22_23,2023_11_19-22_23-2,Sell,600,IFA1/BN/NEMO,2023-11-20T04:00:00,2023-11-20T05:00:00,2023-11-19T23:00:00,95,69.65,76.03,71.73,600,3912,,500,100,,,
2023-11-19T23:07:12,,2023_11_19-22_23,2023_11_19-22_23-3,Sell,200,IFA1/BN/NEMO/EL,2023-11-20T05:00:00,2023-11-20T06:00:00,2023-11-19T23:00:00,110,88.27,88.5,88.39,200,3371,,200,,,,
2023-11-19T23:07:12,,2023_11_19-22_23,2023_11_19-22_23-4,Buy,1000,IFA1/BN/NEMO/EL,2023-11-20T07:00:00,2023-11-20T08:00:00,2023-11-19T23:00:00,85,119.04,111.85,116.49,1000,6422,510,,190,,300,
2023-11-21T11:39:31,,2023_11_21-11_00,2023_11_21-11_00-1,Buy,900,BN/NEMO/EL,2023-11-21T16:00:00,2023-11-21T17:00:00,2023-11-21T11:30:00,120,134.07,128.28,132.24,900,5254,,525,375,,,
2023-11-21T11:39:31,,2023_11_21-11_00,2023_11_21-11_00-2,Buy,900,IFA1/BN/NEMO/EL,2023-11-21T17:00:00,2023-11-21T18:00:00,2023-11-21T11:30:00,120,130.66,122.76,128.28,900,6309,200,525,175,,,
2023-11-21T11:39:31,,2023_11_21-11_00,2023_11_21-11_00-3,Buy,1500,IFA1/BN/NEMO/EL,2023-11-21T18:00:00,2023-11-21T19:00:00,2023-11-21T11:30:00,110,127.97,119,124.76,1500,8246,300,800,375,,25,
2023-11-21T11:39:31,,2023_11_21-11_00,2023_11_21-11_00-4,Buy,700,IFA1/BN/NEMO/EL,2023-11-21T19:00:00,2023-11-21T20:00:00,2023-11-21T11:30:00,100,116.35,110.73,113.9,700,7693,300,189,200,,11,
2023-11-22T00:48:47,,2023_11_22-00_01,2023_11_22-00_01-1,Buy,600,IFA1/NEMO/EL,2023-11-22T05:00:00,2023-11-22T06:00:00,2023-11-22T00:40:00,80,103.48,96.94,100.28,600,4595,196,,,,404,
2023-11-22T00:48:47,,2023_11_22-00_01,2023_11_22-00_01-2,Buy,1400,IFA1/NEMO/EL,2023-11-22T06:00:00,2023-11-22T07:00:00,2023-11-22T00:40:00,80,119.12,107.42,114.43,1400,4821,368,,,,1032,
2023-11-22T00:48:47,,2023_11_22-00_01,2023_11_22-00_01-3,Buy,1300,IFA1/NEMO/EL,2023-11-22T07:00:00,2023-11-22T08:00:00,2023-11-22T00:40:00,95,133.59,126.15,129.95,1300,6083,424,,70,,806,
2023-11-22T00:48:47,,2023_11_22-00_01,2023_11_22-00_01-4,Buy,600,IFA1/NEMO/EL/BN,2023-11-22T05:00:00,2023-11-22T06:00:00,2023-11-22T00:40:00,80,107.6,103.48,104.86,600,5522,323,,,,277,
2023-11-22T09:08:51,,2023_11_22-09_07,2023_11_22-09_07-1,Buy,400,IFA1/NEMO,2023-11-22T12:00:00,2023-11-22T13:00:00,2023-11-22T09:35:00,75,,,,,,,,,,,
2023-11-22T09:08:51,,2023_11_22-09_07,2023_11_22-09_07-2,Buy,600,IFA1/NEMO/EL,2023-11-22T13:00:00,2023-11-22T14:00:00,2023-11-22T09:35:00,75,,,,,,,,,,,
2023-11-22T09:08:51,,2023_11_22-09_07,2023_11_22-09_07-3,Buy,800,IFA1/NEMO/EL,2023-11-22T14:00:00,2023-11-22T15:00:00,2023-11-22T09:35:00,75,,,,,,,,,,,
2023-11-22T09:08:51,,2023_11_22-09_07,2023_11_22-09_07-4,Buy,850,IFA1/NEMO/EL,2023-11-22T15:00:00,2023-11-22T16:00:00,2023-11-22T09:35:00,75,,,,,,,,,,,
2023-11-22T12:21:21,,2023_11_22-11_31,2023_11_22-11_31-1,Buy,700,IFA1/NEMO,2023-11-22T15:00:00,2023-11-22T16:00:00,2023-11-22T12:05:00,75,0,0,0,0,5163,,,,,,
2023-11-22T12:21:21,,2023_11_22-11_31,2023_11_22-11_31-2,Buy,1200,IFA1/NEMO/EL,2023-11-22T16:00:00,2023-11-22T17:00:00,2023-11-22T12:05:00,90,125.54,123.78,124.71,500,6052,500,,,,0,
2023-11-22T12:21:21,,2023_11_22-11_31,2023_11_22-11_31-3,Buy,1200,IFA1/NEMO/EL,2023-11-22T17:00:00,2023-11-22T18:00:00,2023-11-22T12:05:00,90,128.72,126.42,127.8,500,6888,428,,,,72,
2023-11-22T12:21:21,,2023_11_22-11_31,2023_11_22-11_31-4,Buy,700,IFA1/NEMO/EL,2023-11-22T18:00:00,2023-11-22T19:00:00,2023-11-22T12:05:00,80,0,115.49,0,0,7139,0,,,,0,
2023-11-22T12:21:21,,2023_11_22-11_31,2023_11_22-11_31-5,Buy,350,IFA1/NEMO/EL,2023-11-22T16:00:00,2023-11-22T17:00:00,2023-11-22T12:05:00,90,123.78,119.31,121.61,350,6052,252,,,,98,
2023-11-22T12:21:21,,2023_11_22-11_31,2023_11_22-11_31-6,Buy,350,IFA1/NEMO/EL,2023-11-22T17:00:00,2023-11-22T18:00:00,2023-11-22T12:05:00,90,126.42,122.88,124.71,350,6888,252,,,,98,
2023-11-22T12:21:21,,2023_11_22-11_31,2023_11_22-11_31-7,Buy,350,IFA1/NEMO/EL,2023-11-22T18:00:00,2023-11-22T19:00:00,2023-11-22T12:05:00,80,117.35,115.49,116.23,350,7139,252,,,,98,
2023-11-22T12:21:21,,2023_11_22-11_31,2023_11_22-11_31-8,Buy,350,IFA1/NEMO/EL,2023-11-22T19:00:00,2023-11-22T20:00:00,2023-11-22T12:05:00,80,109.47,105.42,107.65,350,4091,350,,,,,
2023-11-22T19:44:02,,2023_11_22-19_08,2023_11_22-19_08-1,Sell,600,IFA1/BN/NEMO,2023-11-22T22:00:00,2023-11-22T23:00:00,2023-11-22T19:35:00,80,38,60.58,51.45,497,497,190,303,4,,,
2023-11-22T19:44:02,,2023_11_22-19_08,2023_11_22-19_08-2,Sell,250,IFA1/BN/NEMO/EL,2023-11-23T02:00:00,2023-11-23T03:00:00,2023-11-22T19:35:00,35,25.36,26.16,25.8,250,2852,101,149,,,,
2023-11-22T19:44:02,,2023_11_22-19_08,2023_11_22-19_08-3,Sell,450,IFA1/BN/NEMO/EL,2023-11-23T03:00:00,2023-11-23T04:00:00,2023-11-22T19:35:00,35,16.46,20.54,19.06,450,2606,202,176,22,,50,
2023-11-22T19:44:02,,2023_11_22-19_08,2023_11_22-19_08-4,Sell,200,IFA1/BN/NEMO/EL,2023-11-23T04:00:00,2023-11-23T05:00:00,2023-11-22T19:35:00,40,31.3,32.5,31.9,200,1016,,,200,,,
2023-11-22T19:44:02,,2023_11_22-19_08,2023_11_22-19_08-5,Buy,700,IFA1/BN/NEMO/EL,2023-11-23T06:00:00,2023-11-23T07:00:00,2023-11-22T19:35:00,70,113.11,106.81,109.93,700,3377,248,222,130,,100,
2023-11-23T01:08:44,,2023_11_23-00_27,2023_11_23-00_27-1,Buy,300,IFA1/EL/BN/NEMO,2023-11-23T06:00:00,2023-11-23T07:00:00,2023-11-23T01:00:00,70,104.71,101.44,103.62,300,3883,98,,,,202,
2023-11-23T01:08:44,,2023_11_23-00_27,2023_11_23-00_27-2,Buy,1500,IFA1/EL/BN/NEMO,2023-11-23T07:00:00,2023-11-23T08:00:00,2023-11-23T01:00:00,90,133.44,119.9,129.59,1500,8860,975,,427,,98,
2023-11-23T01:08:44,,2023_11_23-00_27,2023_11_23-00_27-3,Buy,1300,IFA1/EL/BN/NEMO,2023-11-23T08:00:00,2023-11-23T09:00:00,2023-11-23T01:00:00,90,123.76,114.13,119.67,1300,6644,790,,180,,330,
2023-11-23T13:06:46,,2023_11_23-12_21,2023_11_23-12_21-1,Buy,800,NEMO/BN/IFA1,2023-11-23T16:00:00,2023-11-23T17:00:00,2023-11-23T13:00:00,85,122.8,113.1,120.44,800,6320,100,602,98,,,
2023-11-23T13:06:46,,2023_11_23-12_21,2023_11_23-12_21-2,Buy,600,NEMO/BN/IFA1,2023-11-23T17:00:00,2023-11-23T18:00:00,2023-11-23T13:00:00,85,126.85,122.98,124.88,600,6318,196,304,100,,,
2023-11-24T23:48:19,,2023_11_24-23_04,2023_11_24-23_04-1,Sell,100,IFA1/BN/NEMO,2023-11-25T02:00:00,2023-11-25T03:00:00,2023-11-24T23:40:00,100,66.2,70,66.96,100,1885,50,50,,,,
2023-11-24T23:48:19,,2023_11_24-23_04,2023_11_24-23_04-2,Sell,750,IFA1/BN/NEMO,2023-11-25T03:00:00,2023-11-25T04:00:00,2023-11-24T23:40:00,95,57.32,66.06,59.55,750,3504,512,130,108,,,
2023-11-24T23:48:19,,2023_11_24-23_04,2023_11_24-23_04-3,Sell,1000,IFA1/BN/NEMO,2023-11-25T04:00:00,2023-11-25T05:00:00,2023-11-24T23:40:00,95,56.26,65.17,57.98,1000,3754,709,130,161,,,
2023-11-24T23:48:19,,2023_11_24-23_04,2023_11_24-23_04-4,Sell,1100,IFA1/BN/NEMO/EL,2023-11-25T05:00:00,2023-11-25T06:00:00,2023-11-24T23:40:00,100,58.48,62,60.15,1100,5896,699,50,51,,300,
2023-11-24T23:48:19,"Due to French electricity system conditions, NGESO is unable to trade on the interconnectors joining GB and France. For more information, see this link to French margin graph: https://www.services-rte.com/en/view-data-published-by-rte/balancing-capacities.html#:~:text=RTE%20proposes%20on%20this%20web,best%20hypothesis%20at%20our%20disposal",2023_11_24-23_04,2023_11_24-23_04-5,Sell,1100,IFA1/BN/NEMO/EL,2023-11-25T06:00:00,2023-11-25T07:00:00,2023-11-24T23:40:00,110,63,67.94,65.36,1100,5856,,,,,,
2023-11-26T22:47:24,,2023_11_26-22_16,2023_11_26-22_16-1,Buy,800,IFA1/BN/NEMO/EL,2023-11-27T05:00:00,2023-11-27T06:00:00,2023-11-26T22:45:00,80,116.35,112.56,114.39,800,5200,125,475,150,,50,
2023-11-27T11:31:37,,2023_11_27-10_49,2023_11_27-10_49-1,Buy,500,IFA1/BN/NEMO,2023-11-27T15:00:00,2023-11-27T16:00:00,2023-11-27T11:20:00,90,109.2,106.45,107.45,500,5531,500,,,,,
2023-11-28T08:28:18,,2023_11_28-07_51,2023_11_28-07_51-1,Buy,1000,BN/NEMO,2023-11-28T10:00:00,2023-11-28T11:00:00,2023-11-28T08:25:00,100,199.33,165.45,184.6,543,861,,346,197,,,
2023-11-28T08:28:18,,2023_11_28-07_51,2023_11_28-07_51-2,Buy,1000,BN/NEMO,2023-11-28T11:00:00,2023-11-28T12:00:00,2023-11-28T08:25:00,95,172.56,160.07,169,1000,5800,,832,168,,,
2023-11-28T08:28:18,,2023_11_28-07_51,2023_11_28-07_51-3,Buy,1000,BN/NEMO,2023-11-28T12:00:00,2023-11-28T13:00:00,2023-11-28T08:25:00,95,169.63,158.62,165.45,1000,5903,,810,190,,,
2023-11-28T08:28:18,,2023_11_28-07_51,2023_11_28-07_51-4,Buy,1000,BN/NEMO,2023-11-28T13:00:00,2023-11-28T14:00:00,2023-11-28T08:25:00,94,175.5,160.04,168.47,1000,5963,,572,428,,,
2023-11-28T10:58:37,,2023_11_28-10_02,2023_11_28-10_02-1,Buy,1000,IFA1/NEMO/BN,2023-11-28T13:00:00,2023-11-28T14:00:00,2023-11-28T10:30:00,100,289,150,179.12,787,787,474,313,,,,
2023-11-28T12:34:41,,2023_11_28-11_56,2023_11_28-11_56-1,Buy,2600,IFA1/BN/NEMO,2023-11-28T14:00:00,2023-11-28T15:00:00,2023-11-28T12:25:00,100,303.63,153.1,203.15,2600,2899,696,1201,703,,,
2023-11-28T12:34:41,,2023_11_28-11_56,2023_11_28-11_56-2,Buy,3000,IFA1/BN/NEMO,2023-11-28T15:00:00,2023-11-28T16:00:00,2023-11-28T12:25:00,110,276.1,181.61,227.9,3000,10406,1100,1500,400,,,
2023-11-28T12:34:41,,2023_11_28-11_56,2023_11_28-11_56-3,Buy,3400,IFA1/BN/NEMO/EL,2023-11-28T16:00:00,2023-11-28T17:00:00,2023-11-28T12:25:00,120,304.5,206.41,247.55,3400,10469,1000,1137,721,,542,
2023-11-28T12:34:41,,2023_11_28-11_56,2023_11_28-11_56-4,Buy,3700,IFA1/BN/NEMO/EL,2023-11-28T17:00:00,2023-11-28T18:00:00,2023-11-28T12:25:00,120,268.09,212.01,236.3,3700,11932,1300,1083,850,,467,
2023-11-28T12:34:41,,2023_11_28-11_56,2023_11_28-11_56-5,Buy,3500,IFA1/BN/NEMO/EL,2023-11-28T18:00:00,2023-11-28T19:00:00,2023-11-28T12:25:00,110,245.62,190,216.23,3092,11092,1075,1100,450,,467,
2023-11-28T12:34:41,,2023_11_28-11_56,2023_11_28-11_56-6,Buy,2100,IFA1/BN/NEMO/EL,2023-11-28T19:00:00,2023-11-28T20:00:00,2023-11-28T12:25:00,100,169.87,151.85,162.03,2100,10579,725,910,318,,147,
2023-11-28T12:34:41,,2023_11_28-11_56,2023_11_28-11_56-7,Buy,1000,IFA1/BN/NEMO/EL,2023-11-28T20:00:00,2023-11-28T21:00:00,2023-11-28T12:25:00,90,128.27,107.19,123.6,1000,10120,160,600,110,,130,
2023-11-29T03:33:45,,2023_11_29-02_59,2023_11_29-02_59-1,Buy,1400,IFA1/BN/NEMO,2023-11-29T07:00:00,2023-11-29T08:00:00,2023-11-29T03:25:00,110,155.39,137.18,146.74,1400,8719,531,820,49,,,
2023-11-29T03:33:45,,2023_11_29-02_59,2023_11_29-02_59-2,Buy,400,IFA1/BN/NEMO,2023-11-29T08:00:00,2023-11-29T09:00:00,2023-11-29T03:25:00,110,158.88,152.18,155.88,400,4577,150,225,25,,,
2023-11-29T03:33:45,,2023_11_29-02_59,2023_11_29-02_59-3,Buy,1300,IFA1/BN/NEMO/EL,2023-11-29T11:00:00,2023-11-29T12:00:00,2023-11-29T03:25:00,100,142.49,135.61,139.84,1300,7494,850,100,60,,290,
2023-11-29T03:33:45,,2023_11_29-02_59,2023_11_29-02_59-4,Buy,1300,IFA1/BN/NEMO/EL,2023-11-29T12:00:00,2023-11-29T13:00:00,2023-11-29T03:25:00,100,149.77,139.15,145.12,1300,7362,757,180,165,,198,
2023-11-29T09:36:15,,2023_11_29-09_03,2023_11_29-09_03-1,Buy,1450,IFA1/BN/NEMO/EL,2023-11-29T13:00:00,2023-11-29T14:00:00,2023-11-29T09:30:00,100,169.51,150.67,160.73,1450,3654,1010,70,174,,196,
2023-11-29T09:36:15,,2023_11_29-09_03,2023_11_29-09_03-2,Buy,2500,IFA1/BN/NEMO/EL,2023-11-29T14:00:00,2023-11-29T15:00:00,2023-11-29T09:30:00,100,213.15,172.83,191.98,2500,4639,1580,386,321,,213,
2023-11-29T09:36:15,,2023_11_29-09_03,2023_11_29-09_03-3,Buy,2700,IFA1/BN/NEMO/EL,2023-11-29T15:00:00,2023-11-29T16:00:00,2023-11-29T09:30:00,100,265.62,220.87,242.5,2700,12215,1800,629,150,,121,
2023-11-29T12:15:21,,2023_11_29-11_41,2023_11_29-11_41-1,Buy,3100,IFA1/BN/NEMO/EL,2023-11-29T16:00:00,2023-11-29T17:00:00,2023-11-29T12:10:00,170,319.96,268.27,292.08,3100,15200,1450,934,471,,245,
2023-11-29T12:15:21,"Due to French electricity system conditions, NGESO is unable to trade on the interconnectors joining GB and France. For more information, see this link to French margin graph: https://www.services-rte.com/en/view-data-published-by-rte/balancing-capacities.html#:~:text=RTE%20proposes%20on%20this%20web,best%20hypothesis%20at%20our%20disposal",2023_11_29-11_41,2023_11_29-11_41-2,Buy,2800,IFA1/BN/EL,2023-11-29T17:00:00,2023-11-29T18:00:00,2023-11-29T12:10:00,175,327.96,277.28,298.43,2800,13793,1755,800,,,245,
2023-11-29T12:15:21,,2023_11_29-11_41,2023_11_29-11_41-3,Buy,1950,IFA1/BN/EL,2023-11-29T18:00:00,2023-11-29T19:00:00,2023-11-29T12:10:00,150,419,222.98,245.48,1950,12657,1000,500,,,450,
2023-11-29T15:43:01,,2023_11_29-14_57,2023_11_29-14_57-1,Buy,1000,IFA1/BN/NEMO/EL,2023-11-29T19:00:00,2023-11-29T20:00:00,2023-11-29T15:25:00,110,389,133.7,268.6,1000,3331,200,127,404,,269,
2023-11-29T15:43:01,,2023_11_29-14_57,2023_11_29-14_57-2,Buy,1600,IFA1/BN/NEMO/EL,2023-11-29T20:00:00,2023-11-29T21:00:00,2023-11-29T15:25:00,100,180,115.9,139.27,1600,5083,600,298,317,,385,
2023-11-29T15:43:01,,2023_11_29-14_57,2023_11_29-14_57-3,Buy,800,IFA1/BN/NEMO/EL,2023-11-29T21:00:00,2023-11-29T22:00:00,2023-11-29T15:25:00,90,114.5,111.16,113.13,800,6975,354,196,100,,150,
2023-11-30T01:01:07,,2023_11_30-00_19,2023_11_30-00_19-1,Buy,775,IFA1/BN/NEMO/EL,2023-11-30T06:00:00,2023-11-30T07:00:00,2023-11-30T00:50:00,100,163.4,148.54,160.17,775,8476,477,198,100,,,
2023-11-30T01:01:07,,2023_11_30-00_19,2023_11_30-00_19-2,Buy,1275,IFA1/BN/NEMO/EL,2023-11-30T07:00:00,2023-11-30T08:00:00,2023-11-30T00:50:00,150,212.56,187.82,207.53,1275,14032,800,100,119,,256,
2023-11-30T01:01:07,,2023_11_30-00_19,2023_11_30-00_19-3,Buy,775,IFA1/BN/NEMO/EL,2023-11-30T08:00:00,2023-11-30T09:00:00,2023-11-30T00:50:00,150,234.8,206.91,227.57,775,13209,351,100,200,,124,
2023-11-30T01:01:07,,2023_11_30-00_19,2023_11_30-00_19-4,Buy,575,IFA1/BN/NEMO/EL,2023-11-30T09:00:00,2023-11-30T10:00:00,2023-11-30T00:50:00,150,214.57,194.19,207.42,575,12751,375,100,,,100,
2023-11-30T01:01:07,,2023_11_30-00_19,2023_11_30-00_19-5,Buy,1275,IFA1/BN/NEMO/EL,2023-11-30T10:00:00,2023-11-30T11:00:00,2023-11-30T00:50:00,140,210.48,187.19,205.57,1275,12964,950,100,3,,222,
2023-11-30T01:01:07,,2023_11_30-00_19,2023_11_30-00_19-6,Buy,775,IFA1/BN/NEMO/EL,2023-11-30T11:00:00,2023-11-30T12:00:00,2023-11-30T00:50:00,140,188.59,173.2,183.36,775,12267,400,100,100,,175,
2023-11-30T01:01:07,,2023_11_30-00_19,2023_11_30-00_19-7,Buy,375,IFA1/BN/NEMO/EL,2023-11-30T12:00:00,2023-11-30T13:00:00,2023-11-30T00:50:00,140,181.69,171.92,177.92,375,11359,275,100,,,,
2023-11-30T12:15:54,,2023_11_30-11_30,2023_11_30-11_30-1,Buy,500,BN/NEMO/EL,2023-11-30T16:00:00,2023-11-30T17:00:00,2023-11-30T12:05:00,140,226.07,214.31,218.61,500,5349,,,,,500,
2023-11-30T12:15:54,,2023_11_30-11_30,2023_11_30-11_30-2,Buy,500,BN/NEMO/EL,2023-11-30T17:00:00,2023-11-30T18:00:00,2023-11-30T12:05:00,140,221.63,212.48,219.89,500,6913,,300,,,200,
2023-11-30T12:15:54,,2023_11_30-11_30,2023_11_30-11_30-3,Buy,500,BN/NEMO/EL,2023-11-30T18:00:00,2023-11-30T19:00:00,2023-11-30T12:05:00,115,182.91,168.11,178.14,500,6518,,,,,500,
2023-11-30T12:15:54,,2023_11_30-11_30,2023_11_30-11_30-4,Buy,500,BN/NEMO/EL,2023-11-30T19:00:00,2023-11-30T20:00:00,2023-11-30T12:05:00,95,144,135.44,141.61,500,6457,,217,,,283,
2023-11-30T12:15:54,,2023_11_30-11_30,2023_11_30-11_30-5,Buy,500,BN/NEMO/EL,2023-11-30T20:00:00,2023-11-30T21:00:00,2023-11-30T12:05:00,80,126,121.73,123.98,500,5945,,402,,,98,
2023-11-30T12:15:54,,2023_11_30-11_30,2023_11_30-11_30-6,Buy,500,BN/NEMO/EL,2023-11-30T21:00:00,2023-11-30T22:00:00,2023-11-30T12:05:00,73,116.14,112.56,114.4,500,6306,,248,,,252,
2023-12-01T02:40:44,,2023_12_01-01_56,2023_12_01-01_56-1,Buy,600,IFA1/BN,2023-12-01T05:00:00,2023-12-01T06:00:00,2023-12-01T02:30:00,125,110.41,106.24,108.59,600,4020,600,,,,,
2023-12-01T02:40:44,,2023_12_01-01_56,2023_12_01-01_56-2,Buy,400,IFA1/BN,2023-12-01T06:00:00,2023-12-01T07:00:00,2023-12-01T02:30:00,165,138,135.13,136.02,400,3829,400,,,,,
2023-12-01T13:34:37,,2023_12_01-02_44,2023_12_01-02_44-1,Buy,980,IFA1/BN/NEMO,2023-12-01T06:00:00,2023-12-01T07:00:00,2023-12-01T03:25:00,125,132.03,123.6,129.11,980,4230,368,0,612,,,
2023-12-01T13:34:37,,2023_12_01-02_44,2023_12_01-02_44-2,Buy,1130,IFA1/BN/NEMO,2023-12-01T07:00:00,2023-12-01T08:00:00,2023-12-01T03:25:00,165,175.81,168.42,172.03,1130,8656,775,0,355,,,
2023-12-01T13:34:37,,2023_12_01-02_44,2023_12_01-02_44-3,Buy,1280,IFA1/BN/NEMO,2023-12-01T08:00:00,2023-12-01T09:00:00,2023-12-01T03:25:00,180,196.18,187.63,193.11,1280,8164,725,150,405,,,
2023-12-01T13:34:37,,2023_12_01-02_44,2023_12_01-02_44-4,Buy,2330,IFA1/BN/NEMO,2023-12-01T09:00:00,2023-12-01T10:00:00,2023-12-01T03:25:00,170,208,185.86,201.19,2330,7613,1210,364,756,,,
2023-12-01T13:34:37,,2023_12_01-02_44,2023_12_01-02_44-5,Buy,2030,IFA1/BN/NEMO/EL,2023-12-01T10:00:00,2023-12-01T11:00:00,2023-12-01T03:25:00,165,196.02,181,190.87,2030,8722,450,911,669,,,
2023-12-01T13:34:37,,2023_12_01-02_44,2023_12_01-02_44-6,Buy,1580,IFA1/BN/NEMO/EL,2023-12-01T11:00:00,2023-12-01T12:00:00,2023-12-01T03:25:00,155,180.09,167.75,175.1,1580,8776,0,682,898,,,
2023-12-01T13:34:37,,2023_12_01-02_44,2023_12_01-02_44-7,Buy,2080,IFA1/BN/NEMO/EL,2023-12-01T12:00:00,2023-12-01T13:00:00,2023-12-01T03:25:00,150,164.87,150.1,160.52,2080,8872,0,1098,982,,,
2023-12-01T09:48:31,,2023_12_01-09_19,2023_12_01-09_19-1,Buy,2400,IFA1/BN/NEMO/EL,2023-12-01T13:00:00,2023-12-01T14:00:00,2023-12-01T09:45:00,200,152.8,140.28,147.27,2400,3697,713,442,679,,566,
2023-12-01T09:48:31,,2023_12_01-09_19,2023_12_01-09_19-2,Buy,1100,IFA1/BN/NEMO/EL,2023-12-01T14:00:00,2023-12-01T15:00:00,2023-12-01T09:45:00,200,148.78,142.87,145.78,1100,3134,313,367,193,,227,
2023-12-01T09:48:31,,2023_12_01-09_19,2023_12_01-09_19-3,Buy,700,IFA1/BN/NEMO/EL,2023-12-01T15:00:00,2023-12-01T16:00:00,2023-12-01T09:45:00,225,156.33,146.33,152.7,700,6710,425,268,7,,,
2023-12-01T14:11:26,,2023_12_01-13_27,2023_12_01-13_27-1,Buy,400,BN/NEMO,2023-12-01T16:00:00,2023-12-01T17:00:00,2023-12-01T14:00:00,275,712.49,690,701.41,400,983,,400,,,,
2023-12-01T14:11:26,,2023_12_01-13_27,2023_12_01-13_27-2,Buy,250,BN,2023-12-01T17:00:00,2023-12-01T18:00:00,2023-12-01T14:00:00,265,712.49,712.32,712.39,246,358,,246,,,,
2023-12-01T14:11:26,,2023_12_01-13_27,2023_12_01-13_27-3,Buy,200,IFA1/BN/NEMO,2023-12-01T18:00:00,2023-12-01T19:00:00,2023-12-01T14:00:00,215,280.54,212.15,251.47,118,965,24,19,75,,,
2023-12-03T19:34:47,,2023_12_03-18_54,2023_12_03-18_54-1,Sell,200,IFA1/NEMO/EL,2023-12-03T23:00:00,2023-12-04T00:00:00,2023-12-03T19:30:00,105,82.4,83.3,83.14,200,2601,200,,,,,
2023-12-03T19:34:47,,2023_12_03-18_54,2023_12_03-18_54-2,Sell,200,IFA1/NEMO/EL,2023-12-04T00:00:00,2023-12-04T01:00:00,2023-12-03T19:30:00,105,77.59,79.75,78.35,200,2801,50,,150,,,
2023-12-03T19:34:47,,2023_12_03-18_54,2023_12_03-18_54-3,Sell,200,IFA1/NEMO/EL,2023-12-04T01:00:00,2023-12-04T02:00:00,2023-12-03T19:30:00,105,76,78.07,77.52,200,2801,40,,160,,,
2023-12-04T23:44:13,,2023_12_04-23_09,2023_12_04-23_09-1,Buy,200,IFA1/BN/NEMO/EL,2023-12-05T07:00:00,2023-12-05T08:00:00,2023-12-04T23:40:00,80,109.81,109.81,109.81,200,3713,200,,,,,
2023-12-04T23:44:13,,2023_12_04-23_09,2023_12_04-23_09-2,Buy,300,IFA1/BN/NEMO/EL,2023-12-05T08:00:00,2023-12-05T09:00:00,2023-12-04T23:40:00,90,112.38,110.67,111.46,300,4286,200,50,50,,,
2023-12-04T23:44:13,,2023_12_04-23_09,2023_12_04-23_09-3,Buy,400,IFA1/BN/NEMO/EL,2023-12-05T09:00:00,2023-12-05T10:00:00,2023-12-04T23:40:00,90,108.1,106.81,107.46,400,4899,400,,,,,
2023-12-05T09:36:53,,2023_12_05-09_06,2023_12_05-09_06-1,Buy,300,IFA1/NEMO/BN,2023-12-05T12:00:00,2023-12-05T13:00:00,2023-12-05T09:35:00,84,107.03,104.43,106.02,300,1565,221,30,49,,,
2023-12-05T09:36:53,,2023_12_05-09_06,2023_12_05-09_06-2,Buy,400,IFA1/NEMO/BN/EL,2023-12-05T13:00:00,2023-12-05T14:00:00,2023-12-05T09:35:00,86,110.33,106.87,108.5,400,1983,296,,80,,24,
2023-12-05T09:36:53,,2023_12_05-09_06,2023_12_05-09_06-3,Buy,300,IFA1/NEMO/BN/EL,2023-12-05T14:00:00,2023-12-05T15:00:00,2023-12-05T09:35:00,90,110.01,108.48,109.23,300,1505,235,,49,,16,
2023-12-05T13:08:22,,2023_12_05-12_36,2023_12_05-12_36-1,Buy,600,IFA1/NEMO/BN,2023-12-05T15:00:00,2023-12-05T16:00:00,2023-12-05T13:05:00,84,113.9,107.8,110.73,600,2105,352,150,98,,,
2023-12-05T13:08:22,,2023_12_05-12_36,2023_12_05-12_36-2,Buy,850,IFA1/NEMO/BN,2023-12-05T16:00:00,2023-12-05T17:00:00,2023-12-05T13:05:00,91,123.62,117.52,119.94,850,2977,445,283,122,,,
2023-12-05T13:08:22,,2023_12_05-12_36,2023_12_05-12_36-3,Buy,600,IFA1/NEMO/BN,2023-12-05T17:00:00,2023-12-05T18:00:00,2023-12-05T13:05:00,91,127.15,122.83,124.53,600,3445,375,200,25,,,
2023-12-05T13:08:22,"Due to French electricity system conditions, NGESO is unable to trade on the interconnectors joining GB and France. For more information, see this link to French margin graph: https://www.services-rte.com/en/view-data-published-by-rte/balancing-capacities.html#:~:text=RTE%20proposes%20on%20this%20web,best%20hypothesis%20at%20our%20disposal",2023_12_05-12_36,2023_12_05-12_36-4,Buy,1250,IFA1/NEMO/BN,2023-12-05T18:00:00,2023-12-05T19:00:00,2023-12-05T13:05:00,87,134.27,122.83,126.92,1250,4549,500,430,320,,,
2023-12-05T13:08:22,,2023_12_05-12_36,2023_12_05-12_36-5,Buy,1500,IFA1/NEMO/BN/EL,2023-12-05T19:00:00,2023-12-05T20:00:00,2023-12-05T13:05:00,80,121.96,113.99,117.99,1500,7295,658,618,100,,124,
2023-12-06T00:17:36,,2023_12_05-23_38,2023_12_05-23_38-1,Buy,200,IFA1/BN/NEMO/EL,2023-12-06T06:00:00,2023-12-06T07:00:00,2023-12-06T00:10:00,90,118.68,114.77,116.64,200,5911,,200,,,,
2023-12-06T00:17:36,,2023_12_05-23_38,2023_12_05-23_38-2,Buy,300,IFA1/BN/NEMO/EL,2023-12-06T06:00:00,2023-12-06T07:00:00,2023-12-06T00:10:00,90,0,0,0,0,5911,,,,,,
2023-12-06T00:17:36,,2023_12_05-23_38,2023_12_05-23_38-3,Buy,700,IFA1/BN/NEMO/EL,2023-12-06T07:00:00,2023-12-06T08:00:00,2023-12-06T00:10:00,110,153.94,149.15,152.27,700,9380,600,5,,,95,
2023-12-06T03:59:27,,2023_12_06-03_29,2023_12_06-03_29-1,Buy,700,IFA1/BN/NEMO,2023-12-06T06:00:00,2023-12-06T07:00:00,2023-12-06T03:55:00,90,122.7,120.01,121.54,700,6007,700,,,,,
2023-12-06T03:59:27,,2023_12_06-03_29,2023_12_06-03_29-2,Buy,400,IFA1/BN/NEMO,2023-12-06T07:00:00,2023-12-06T08:00:00,2023-12-06T03:55:00,110,155.19,152.98,154.14,400,6667,225,25,150,,,
2023-12-06T09:43:50,,2023_12_06-09_04,2023_12_06-09_04-1,Buy,1300,IFA1/NEMO/BN/EL,2023-12-06T13:00:00,2023-12-06T14:00:00,2023-12-06T09:40:00,100,129.75,123.87,127.1,1300,4863,929,196,,,175,
2023-12-06T09:43:50,,2023_12_06-09_04,2023_12_06-09_04-2,Buy,1900,IFA1/NEMO/BN/EL,2023-12-06T14:00:00,2023-12-06T15:00:00,2023-12-06T09:40:00,105,135.97,131,133.5,1200,5702,846,173,,,181,
2023-12-06T09:43:50,,2023_12_06-09_04,2023_12_06-09_04-3,Buy,2400,IFA1/NEMO/BN/EL,2023-12-06T15:00:00,2023-12-06T16:00:00,2023-12-06T09:40:00,110,163.99,154.75,160.3,1700,21837,620,120,392,,568,
2023-12-06T09:43:50,,2023_12_06-09_04,2023_12_06-09_04-4,Buy,1800,IFA1/NEMO/BN/EL,2023-12-06T15:00:00,2023-12-06T16:00:00,2023-12-06T09:40:00,110,169,163.99,166.65,1800,21837,935,715,50,,100,
2023-12-06T11:58:21,,2023_12_06-10_48,2023_12_06-10_48-1,Buy,3100,IFA1/NEMO/BN/EL,2023-12-06T16:00:00,2023-12-06T17:00:00,2023-12-06T11:50:00,130,205.16,184,196.33,3100,25702,2108,450,0,,542,
2023-12-06T11:58:21,,2023_12_06-10_48,2023_12_06-10_48-2,Buy,3100,IFA1/NEMO/BN/EL,2023-12-06T17:00:00,2023-12-06T18:00:00,2023-12-06T11:50:00,125,215,192,207.56,3100,28543,2060,0,200,,840,
2023-12-06T11:58:21,,2023_12_06-10_48,2023_12_06-10_48-3,Buy,3700,IFA1/NEMO/BN/EL,2023-12-06T18:00:00,2023-12-06T19:00:00,2023-12-06T11:50:00,110,192.58,171,184.01,3700,31358,2178,250,530,,742,
2023-12-06T11:58:21,,2023_12_06-10_48,2023_12_06-10_48-4,Buy,3000,IFA1/NEMO/BN/EL,2023-12-06T16:00:00,2023-12-06T17:00:00,2023-12-06T11:50:00,130,213.46,205.16,208.58,2300,25702,1281,654,215,,150,
2023-12-06T11:58:21,,2023_12_06-10_48,2023_12_06-10_48-5,Buy,3300,IFA1/NEMO/BN/EL,2023-12-06T17:00:00,2023-12-06T18:00:00,2023-12-06T11:50:00,125,252.9,215,229.47,2600,28543,1031,718,603,,248,
2023-12-06T11:58:21,,2023_12_06-10_48,2023_12_06-10_48-6,Buy,3200,IFA1/NEMO/BN/EL,2023-12-06T18:00:00,2023-12-06T19:00:00,2023-12-06T11:50:00,110,199,192.58,196.26,2500,31358,1269,390,491,,350,
2023-12-06T16:02:43,,2023_12_06-14_54,2023_12_06-14_54-1,Buy,2200,IFA1/NEMO/BN/EL,2023-12-06T19:00:00,2023-12-06T20:00:00,2023-12-06T15:40:00,65,142.12,134.12,139.33,2200,15086,225,835,747,,393,
2023-12-06T16:02:43,,2023_12_06-14_54,2023_12_06-14_54-2,Buy,1600,IFA1/NEMO/BN/EL,2023-12-06T20:00:00,2023-12-06T21:00:00,2023-12-06T15:40:00,65,130.72,124.05,127.67,1600,15656,249,760,148,,443,
2023-12-06T16:02:43,,2023_12_06-14_54,2023_12_06-14_54-3,Buy,2000,IFA1/NEMO/BN/EL,2023-12-06T19:00:00,2023-12-06T20:00:00,2023-12-06T15:40:00,65,146,142.12,144.27,2000,15086,1186,296,341,,177,
2023-12-06T16:02:43,,2023_12_06-14_54,2023_12_06-14_54-4,Buy,2050,IFA1/NEMO/BN/EL,2023-12-06T20:00:00,2023-12-06T21:00:00,2023-12-06T15:40:00,65,133.27,130.72,131.66,2050,15656,962,449,592,,47,
2023-12-06T16:02:43,,2023_12_06-14_54,2023_12_06-14_54-5,Buy,2000,IFA1/NEMO/BN/EL,2023-12-06T21:00:00,2023-12-06T22:00:00,2023-12-06T15:40:00,60,113.59,106.33,110.96,2000,13074,561,442,495,,502,
2023-12-06T16:02:43,,2023_12_06-14_54,2023_12_06-14_54-6,Buy,1900,IFA1/NEMO/BN/EL,2023-12-06T22:00:00,2023-12-06T23:00:00,2023-12-06T15:40:00,50,102.01,95.91,100.28,1900,13005,275,442,608,,575,
2023-12-06T18:07:14,,2023_12_06-17_43,2023_12_06-17_43-1,Buy,800,IFA1/NEMO/BN,2023-12-06T21:00:00,2023-12-06T22:00:00,2023-12-06T18:05:00,70,114.63,109.75,113.1,800,4035,298,255,247,,,
2023-12-06T18:07:14,,2023_12_06-17_43,2023_12_06-17_43-2,Buy,400,IFA1/NEMO/BN,2023-12-06T22:00:00,2023-12-06T23:00:00,2023-12-06T18:05:00,65,103.76,100.59,102.3,400,3698,245,49,106,,,
2023-12-07T00:34:39,"Due to French electricity system conditions, NGESO is unable to trade on the interconnectors joining GB and France.",2023_12_06-23_42,2023_12_06-23_42-1,Buy,1000,IFA1/BN/NEMO/EL,2023-12-07T05:00:00,2023-12-07T06:00:00,2023-12-07T00:30:00,59,110.27,103.44,106.18,1000,9223,500,430,70,,,
2023-12-07T00:34:39,"Due to French electricity system conditions, NGESO is unable to trade on the interconnectors joining GB and France.",2023_12_06-23_42,2023_12_06-23_42-2,Buy,1400,IFA1/BN/NEMO/EL,2023-12-07T06:00:00,2023-12-07T07:00:00,2023-12-07T00:30:00,62,132.06,125.88,129.01,1400,9838,425,409,491,,75,
2023-12-07T00:34:39,"Due to French electricity system conditions, NGESO is unable to trade on the interconnectors joining GB and France.",2023_12_06-23_42,2023_12_06-23_42-3,Buy,1400,IFA1/BN/NEMO/EL,2023-12-07T07:00:00,2023-12-07T08:00:00,2023-12-07T00:30:00,64,156.09,144.78,153.2,1400,13612,250,450,450,,250,
2023-12-07T00:34:39,"Due to French electricity system conditions, NGESO is unable to trade on the interconnectors joining GB and France.",2023_12_06-23_42,2023_12_06-23_42-4,Buy,1900,IFA1/BN/NEMO/EL,2023-12-07T08:00:00,2023-12-07T09:00:00,2023-12-07T00:30:00,74,137.43,128.94,133.66,1900,14380,275,575,825,,225,
2023-12-07T00:34:39,,2023_12_06-23_42,2023_12_06-23_42-5,Buy,1100,IFA1/BN/NEMO/EL,2023-12-07T09:00:00,2023-12-07T10:00:00,2023-12-07T00:30:00,78,115.28,103.2,112.73,1100,12081,,575,295,,230,
2023-12-08T20:44:23,,2023_12_08-20_06,2023_12_08-20_06-1,Sell,500,IFA1/BN/NEMO,2023-12-08T23:00:00,2023-12-09T00:00:00,2023-12-08T20:35:00,100,70.2,71.63,70.9,500,5636,327,52,121,,,
2023-12-08T20:44:23,,2023_12_08-20_06,2023_12_08-20_06-2,Sell,500,IFA1/BN/NEMO,2023-12-09T00:00:00,2023-12-09T01:00:00,2023-12-08T20:35:00,95,66.02,69.66,67.34,500,5892,327,143,30,,,
2023-12-08T20:44:23,,2023_12_08-20_06,2023_12_08-20_06-3,Sell,500,IFA1/BN/NEMO,2023-12-09T01:00:00,2023-12-09T02:00:00,2023-12-08T20:35:00,90,63.52,67.94,66.04,500,5983,357,3,140,,,
2023-12-08T23:43:15,,2023_12_08-23_11,2023_12_08-23_11-1,Sell,700,IFA1/BN/NEMO,2023-12-09T02:00:00,2023-12-09T03:00:00,2023-12-08T23:40:00,85,47.3,52.91,49.08,700,3248,200,500,,,,
2023-12-08T23:43:15,,2023_12_08-23_11,2023_12_08-23_11-2,Sell,900,IFA1/BN/NEMO,2023-12-09T03:00:00,2023-12-09T04:00:00,2023-12-08T23:40:00,80,36.56,41.28,38.16,900,3555,325,475,100,,,
2023-12-08T23:43:15,,2023_12_08-23_11,2023_12_08-23_11-3,Sell,900,IFA1/BN/NEMO,2023-12-09T04:00:00,2023-12-09T05:00:00,2023-12-08T23:40:00,80,38,43.23,40.04,900,3417,472,415,13,,,
2023-12-08T23:43:15,,2023_12_08-23_11,2023_12_08-23_11-4,Sell,900,IFA1/BN/NEMO/EL,2023-12-09T06:00:00,2023-12-09T07:00:00,2023-12-08T23:40:00,90,55.7,58.26,57.1,900,4576,100,501,299,,,
2023-12-09T19:38:08,,2023_12_09-19_00,2023_12_09-19_00-1,Sell,1500,IFA1/NEMO/BN,2023-12-09T22:00:00,2023-12-09T23:00:00,2023-12-09T19:35:00,90,22.79,27.67,24.96,1500,4330,571,677,252,,,
2023-12-09T19:38:08,,2023_12_09-19_00,2023_12_09-19_00-2,Sell,3000,IFA1/EL/NEMO/BN,2023-12-09T23:00:00,2023-12-10T00:00:00,2023-12-09T19:35:00,60,8.97,21,12.64,3000,9055,1579,803,468,,150,
2023-12-09T21:48:34,,2023_12_09-21_10,2023_12_09-21_10-1,Sell,3000,IFA1/BN/NEMO,2023-12-10T00:00:00,2023-12-10T01:00:00,2023-12-09T21:45:00,60,-3.14,5.03,0.86,3000,8079,1901,545,554,,,
2023-12-09T21:48:34,,2023_12_09-21_10,2023_12_09-21_10-2,Sell,3000,IFA1/BN/NEMO,2023-12-10T01:00:00,2023-12-10T02:00:00,2023-12-09T21:45:00,50,-8.49,0.84,-4.35,3000,8087,1936,544,520,,,
2023-12-09T23:35:19,,2023_12_09-22_54,2023_12_09-22_54-1,Sell,3000,IFA1/BN/NEMO,2023-12-10T02:00:00,2023-12-10T03:00:00,2023-12-09T23:30:00,40,-5.03,4,-3.01,3000,7332,2139,385,476,,,
2023-12-09T23:35:19,,2023_12_09-22_54,2023_12_09-22_54-2,Sell,3000,IFA1/BN/NEMO,2023-12-10T03:00:00,2023-12-10T04:00:00,2023-12-09T23:30:00,40,-7.55,1,-5.39,3000,7032,1632,792,576,,,
2023-12-09T23:35:19,,2023_12_09-22_54,2023_12_09-22_54-3,Sell,3500,IFA1/BN/NEMO,2023-12-10T04:00:00,2023-12-10T05:00:00,2023-12-09T23:30:00,40,-2.67,4.26,0.1,3500,6760,1937,1030,533,,,
2023-12-09T23:35:19,,2023_12_09-22_54,2023_12_09-22_54-4,Sell,3500,IFA1/BN/NEMO/EL,2023-12-10T05:00:00,2023-12-10T06:00:00,2023-12-09T23:30:00,40,4.99,12,6.93,3500,9623,1502,891,600,,507,
2023-12-09T23:35:19,,2023_12_09-22_54,2023_12_09-22_54-5,Sell,3000,IFA1/BN/NEMO/EL,2023-12-10T06:00:00,2023-12-10T07:00:00,2023-12-09T23:30:00,70,15.02,22,16.96,3000,9635,1425,695,200,,680,
2023-12-09T23:35:19,,2023_12_09-22_54,2023_12_09-22_54-6,Sell,2500,IFA1/BN/NEMO/EL,2023-12-10T07:00:00,2023-12-10T08:00:00,2023-12-09T23:30:00,80,28.3,31.91,29.95,2500,9888,925,475,250,,850,
2023-12-10T19:32:55,,2023_12_10-19_01,2023_12_10-19_01-1,Sell,1000,IFA1/BN/NEMO,2023-12-10T22:00:00,2023-12-10T23:00:00,2023-12-10T19:30:00,90,42.25,45.25,43.52,1000,4618,478,371,151,,,
2023-12-10T19:32:55,"Due to French electricity system conditions, NGESO is unable to trade on the interconnectors joining GB and France. For more information, see this link to French margin graph: https://www.services-rte.com/en/view-data-published-by-rte/balancing-capacities.html#:~:text=RTE%20proposes%20on%20this%20web,best%20hypothesis%20at%20our%20disposal",2023_12_10-19_01,2023_12_10-19_01-2,Sell,2000,IFA1/BN/NEMO/EL,2023-12-10T23:00:00,2023-12-11T00:00:00,2023-12-10T19:30:00,70,33.7,42.47,37.37,2000,9543,263,847,653,,237,
2023-12-10T21:48:09,,2023_12_10-21_12,2023_12_10-21_12-1,Sell,3000,IFA1/BN/NEMO,2023-12-11T00:00:00,2023-12-11T01:00:00,2023-12-10T21:45:00,75,23.73,29.11,25.8,3000,7868,1533,714,753,,,
2023-12-10T21:48:09,,2023_12_10-21_12,2023_12_10-21_12-2,Sell,3000,IFA1/BN/NEMO,2023-12-11T01:00:00,2023-12-11T02:00:00,2023-12-10T21:45:00,75,15.93,22.38,17.86,3000,7920,1732,845,423,,,
2023-12-10T23:48:33,"Due to French electricity system conditions, NGESO is unable to trade on the interconnectors joining GB and France. For more information, see this link to French margin graph: https://www.services-rte.com/en/view-data-published-by-rte/balancing-capacities.html#:~:text=RTE%20proposes%20on%20this%20web,best%20hypothesis%20at%20our%20disposal",2023_12_10-23_01,2023_12_10-23_01-1,Sell,2500,IFA1/BN/NEMO,2023-12-11T02:00:00,2023-12-11T03:00:00,2023-12-10T23:40:00,65,-3,6.59,1.95,2500,7334,1000,846,654,,,
2023-12-10T23:48:33,"Due to French electricity system conditions, NGESO is unable to trade on the interconnectors joining GB and France. For more information, see this link to French margin graph: https://www.services-rte.com/en/view-data-published-by-rte/balancing-capacities.html#:~:text=RTE%20proposes%20on%20this%20web,best%20hypothesis%20at%20our%20disposal",2023_12_10-23_01,2023_12_10-23_01-2,Sell,2500,IFA1/BN/NEMO,2023-12-11T03:00:00,2023-12-11T04:00:00,2023-12-10T23:40:00,70,0,4.59,2.14,2500,7494,1500,641,359,,,
2023-12-10T23:48:33,,2023_12_10-23_01,2023_12_10-23_01-3,Sell,3000,IFA1/BN/NEMO,2023-12-11T04:00:00,2023-12-11T05:00:00,2023-12-10T23:40:00,80,15.9,22,18.17,3000,7494,1887,688,425,,,
2023-12-10T23:48:33,,2023_12_10-23_01,2023_12_10-23_01-4,Sell,2000,IFA1/BN/NEMO/EL,2023-12-11T05:00:00,2023-12-11T06:00:00,2023-12-10T23:40:00,95,42.38,52.92,44.39,2000,9303,926,652,75,,347,
2023-12-12T00:53:44,,2023_12_12-00_10,2023_12_12-00_10-1,Buy,700,IFA1/BN/NEMO/EL,2023-12-12T05:00:00,2023-12-12T06:00:00,2023-12-12T00:45:00,60,79,75.31,77.77,700,4806,550,,50,,100,
2023-12-14T01:15:40,,2023_12_14-00_27,2023_12_14-00_27-1,Buy,700,IFA1/BN/NEMO/EL,2023-12-14T07:00:00,2023-12-14T08:00:00,2023-12-14T01:05:00,75,94.61,86,91.68,700,10827,400,,,,300,
2023-12-14T01:15:40,,2023_12_14-00_27,2023_12_14-00_27-2,Buy,500,IFA1/BN/NEMO/EL,2023-12-14T08:00:00,2023-12-14T09:00:00,2023-12-14T01:05:00,80,95.15,93.01,94.04,500,10618,400,,,,100,
2023-12-14T01:15:40,,2023_12_14-00_27,2023_12_14-00_27-3,Buy,200,IFA1/BN/NEMO/EL,2023-12-14T09:00:00,2023-12-14T10:00:00,2023-12-14T01:05:00,80,86.98,86.98,86.98,200,10005,200,,,,,
2023-12-14T11:05:56,,2023_12_14-10_19,2023_12_14-10_19-1,Buy,2200,IFA1/NEMO/BN,2023-12-14T15:00:00,2023-12-14T16:00:00,2023-12-14T11:00:00,66,103.5,99.18,101.92,2200,18445,1050,331,819,,,
2023-12-14T11:05:56,,2023_12_14-10_19,2023_12_14-10_19-2,Buy,2900,IFA1/NEMO/BN/EL,2023-12-14T16:00:00,2023-12-14T17:00:00,2023-12-14T11:00:00,76,110.97,104.35,108.83,2900,18490,1100,668,935,,197,
2023-12-14T11:05:56,,2023_12_14-10_19,2023_12_14-10_19-3,Buy,2800,IFA1/NEMO/BN/EL,2023-12-14T17:00:00,2023-12-14T18:00:00,2023-12-14T11:00:00,77,111.9,106.08,109.94,2800,21201,961,905,600,,334,
2023-12-14T11:05:56,,2023_12_14-10_19,2023_12_14-10_19-4,Buy,3000,IFA1/NEMO/BN/EL,2023-12-14T18:00:00,2023-12-14T19:00:00,2023-12-14T11:00:00,70,107,100.04,104.8,3000,21460,700,1346,800,,154,
2023-12-14T11:05:56,,2023_12_14-10_19,2023_12_14-10_19-5,Buy,2600,IFA1/NEMO/BN/EL,2023-12-14T19:00:00,2023-12-14T20:00:00,2023-12-14T11:00:00,65,93.6,87.98,91.68,2600,21507,550,1090,600,,360,
2023-12-15T12:17:16,,2023_12_15-11_42,2023_12_15-11_42-1,Buy,500,IFA1/NEMO,2023-12-15T14:00:00,2023-12-15T15:00:00,2023-12-15T12:15:00,56,81.25,78.41,80.04,500,2761,500,,,,,
2023-12-15T12:17:16,,2023_12_15-11_42,2023_12_15-11_42-2,Buy,500,IFA1/NEMO,2023-12-15T15:00:00,2023-12-15T16:00:00,2023-12-15T12:15:00,58,84.74,81.86,83.76,500,6304,500,,,,,
2023-12-15T12:17:16,,2023_12_15-11_42,2023_12_15-11_42-3,Buy,500,IFA1/NEMO/EL,2023-12-15T16:00:00,2023-12-15T17:00:00,2023-12-15T12:15:00,68,91.88,89.62,91.06,500,6692,450,,,,50,
2023-12-15T15:41:58,,2023_12_15-15_10,2023_12_15-15_10-1,Buy,1000,IFA1/NEMO,2023-12-15T18:00:00,2023-12-15T19:00:00,2023-12-15T15:40:00,60,86.12,81.54,84.18,1000,3381,1000,,,,,
2023-12-17T00:07:42,,2023_12_16-23_30,2023_12_16-23_30-1,Buy,600,IFA1/NEMO/BN/EL,2023-12-17T09:00:00,2023-12-17T10:00:00,2023-12-17T00:05:00,27,52.6,49.04,51.48,600,6465,204,371,25,,,
2023-12-17T20:39:17,,2023_12_17-20_03,2023_12_17-20_03-1,Sell,1000,IFA1/BN/NEMO,2023-12-17T23:00:00,2023-12-18T00:00:00,2023-12-17T20:30:00,65,47.72,54,49.95,1000,5882,646,100,254,,,
2023-12-17T20:39:17,,2023_12_17-20_03,2023_12_17-20_03-2,Sell,1000,IFA1/BN/NEMO,2023-12-18T00:00:00,2023-12-18T01:00:00,2023-12-17T20:30:00,65,45.15,51.6,46.43,1000,6424,899,101,,,,
2023-12-17T20:39:17,,2023_12_17-20_03,2023_12_17-20_03-3,Sell,1000,IFA1/BN/NEMO,2023-12-18T01:00:00,2023-12-18T02:00:00,2023-12-17T20:30:00,65,44.72,49.02,46.26,1000,6937,849,101,50,,,
2023-12-17T23:45:23,,2023_12_17-23_10,2023_12_17-23_10-1,Sell,1700,IFA1/BN/NEMO,2023-12-18T02:00:00,2023-12-18T03:00:00,2023-12-17T23:40:00,60,31.25,36.91,33.3,1700,3811,1306,194,200,,,
2023-12-17T23:45:23,,2023_12_17-23_10,2023_12_17-23_10-2,Sell,1500,IFA1/BN/NEMO,2023-12-18T03:00:00,2023-12-18T04:00:00,2023-12-17T23:40:00,60,33.02,37.77,35.28,1500,3533,1083,216,201,,,
2023-12-17T23:45:23,,2023_12_17-23_10,2023_12_17-23_10-3,Sell,1800,IFA1/BN/NEMO,2023-12-18T04:00:00,2023-12-18T05:00:00,2023-12-17T23:40:00,70,33.4,46.35,40.75,1800,2277,752,520,528,,,
2023-12-17T23:45:23,,2023_12_17-23_10,2023_12_17-23_10-4,Sell,700,IFA1/BN/NEMO/EL,2023-12-18T05:00:00,2023-12-18T06:00:00,2023-12-17T23:40:00,90,60.2,64.38,61.99,700,3433,244,,340,,116,
2023-12-18T01:03:28,,2023_12_18-00_23,2023_12_18-00_23-1,Buy,900,IFA1/NEMO/EL,2023-12-18T08:00:00,2023-12-18T09:00:00,2023-12-18T00:55:00,55,94.79,90.12,93.19,900,6050,465,,,,435,
2023-12-18T01:03:28,,2023_12_18-00_23,2023_12_18-00_23-2,Buy,400,IFA1/NEMO/EL,2023-12-18T09:00:00,2023-12-18T10:00:00,2023-12-18T00:55:00,50,81.92,79.39,80.68,400,4498,250,,,,150,
2023-12-18T01:03:28,,2023_12_18-00_23,2023_12_18-00_23-3,Buy,500,IFA1/NEMO/EL,2023-12-18T10:00:00,2023-12-18T11:00:00,2023-12-18T00:55:00,50,75.29,72.66,73.94,500,4406,325,,,,175,
2023-12-18T13:12:27,"Due to French electricity system conditions, NGESO is unable to trade on the interconnectors joining GB and France. For more information, see this link to French margin graph: https://www.services-rte.com/en/view-data-published-by-rte/balancing-capacities.html#:~:text=RTE%20proposes%20on%20this%20web,best%20hypothesis%20at%20our%20disposal",2023_12_18-09_08,2023_12_18-09_08-1,Buy,800,IFA1/BN/NEMO/EL,2023-12-18T15:00:00,2023-12-18T16:00:00,2023-12-18T09:40:00,55,84.27,76.99,79.99,800,10636,250,200,100,,250,
2023-12-18T21:42:41,,2023_12_18-21_11,2023_12_18-21_11-1,Sell,500,IFA1/BN/NEMO,2023-12-19T01:00:00,2023-12-19T02:00:00,2023-12-18T21:40:00,80,54.88,59.27,56.92,500,3451,500,,,,,
2023-12-18T21:42:41,,2023_12_18-21_11,2023_12_18-21_11-2,Sell,500,IFA1/BN/NEMO,2023-12-19T02:00:00,2023-12-19T03:00:00,2023-12-18T21:40:00,70,45.89,48.13,46.84,500,3641,500,,,,,
2023-12-18T21:42:41,,2023_12_18-21_11,2023_12_18-21_11-3,Sell,700,IFA1/BN/NEMO,2023-12-19T03:00:00,2023-12-19T04:00:00,2023-12-18T21:40:00,70,44.82,48.13,46.76,700,3580,700,,,,,
2023-12-18T21:42:41,,2023_12_18-21_11,2023_12_18-21_11-4,Sell,500,IFA1/BN/NEMO,2023-12-19T04:00:00,2023-12-19T05:00:00,2023-12-18T21:40:00,80,50.54,55.26,52.86,500,2824,500,,,,,
2023-12-18T23:02:49,,2023_12_18-22_35,2023_12_18-22_35-1,Sell,500,IFA1/BN/NEMO,2023-12-19T01:00:00,2023-12-19T02:00:00,2023-12-18T23:00:00,80,50.12,54.04,51.97,500,3630,500,,,,,
2023-12-18T23:02:49,,2023_12_18-22_35,2023_12_18-22_35-2,Sell,500,IFA1/BN/NEMO,2023-12-19T02:00:00,2023-12-19T03:00:00,2023-12-18T23:00:00,70,42.14,44.73,43.22,500,3564,498,,2,,,
2023-12-19T00:23:38,,2023_12_18-23_51,2023_12_18-23_51-1,Sell,900,IFA1/BN/NEMO,2023-12-19T03:00:00,2023-12-19T04:00:00,2023-12-19T00:20:00,70,35.43,39.66,37.09,900,3924,705,,195,,,
2023-12-19T00:23:38,,2023_12_18-23_51,2023_12_18-23_51-2,Sell,900,IFA1/BN/NEMO,2023-12-19T04:00:00,2023-12-19T05:00:00,2023-12-19T00:20:00,80,42.53,44.58,43.4,900,3377,700,,200,,,
2023-12-19T00:23:38,,2023_12_18-23_51,2023_12_18-23_51-3,Sell,400,IFA1/BN/NEMO/EL,2023-12-19T05:00:00,2023-12-19T06:00:00,2023-12-19T00:20:00,80,60.3,61.52,60.82,400,3764,300,,,,100,
2023-12-19T11:48:50,,2023_12_19-10_54,2023_12_19-10_54-1,Buy,300,IFA1/NEMO/BN,2023-12-19T14:00:00,2023-12-19T15:00:00,2023-12-19T11:30:00,45,80.7,79.08,79.66,300,2607,300,,,,,
2023-12-19T11:48:50,"Due to French electricity system conditions, NGESO is unable to trade on the interconnectors joining GB and France. For more information, see this link to French margin graph: https://www.services-rte.com/en/view-data-published-by-rte/balancing-capacities.html#:~:text=RTE%20proposes%20on%20this%20web,best%20hypothesis%20at%20our%20disposal",2023_12_19-10_54,2023_12_19-10_54-2,Buy,1400,IFA1/NEMO/BN,2023-12-19T15:00:00,2023-12-19T16:00:00,2023-12-19T11:30:00,45,86.59,83.52,85.53,1400,14711,1400,0,0,,,
2023-12-19T11:48:50,"Due to French electricity system conditions, NGESO is unable to trade on the interconnectors joining GB and France. For more information, see this link to French margin graph: https://www.services-rte.com/en/view-data-published-by-rte/balancing-capacities.html#:~:text=RTE%20proposes%20on%20this%20web,best%20hypothesis%20at%20our%20disposal",2023_12_19-10_54,2023_12_19-10_54-3,Buy,1050,IFA1/NEMO/BN/EL,2023-12-19T16:00:00,2023-12-19T17:00:00,2023-12-19T11:30:00,55,106.14,94.84,95.98,1050,14542,651,50,0,,349,
2023-12-19T11:48:50,,2023_12_19-10_54,2023_12_19-10_54-4,Buy,700,IFA1/NEMO/BN/EL,2023-12-19T17:00:00,2023-12-19T18:00:00,2023-12-19T11:30:00,55,94.06,92.4,93.31,700,9852,473,175,,,52,
2023-12-19T11:48:50,"Due to French electricity system conditions, NGESO is unable to trade on the interconnectors joining GB and France. For more information, see this link to French margin graph: https://www.services-rte.com/en/view-data-published-by-rte/balancing-capacities.html#:~:text=RTE%20proposes%20on%20this%20web,best%20hypothesis%20at%20our%20disposal",2023_12_19-10_54,2023_12_19-10_54-5,Buy,500,IFA1/BN/NEMO,2023-12-19T15:00:00,2023-12-19T16:00:00,2023-12-19T11:30:00,45,104.5,86.59,99.32,500,14711,100,139,261,,,
2023-12-19T11:48:50,"Due to French electricity system conditions, NGESO is unable to trade on the interconnectors joining GB and France. For more information, see this link to French margin graph: https://www.services-rte.com/en/view-data-published-by-rte/balancing-capacities.html#:~:text=RTE%20proposes%20on%20this%20web,best%20hypothesis%20at%20our%20disposal",2023_12_19-10_54,2023_12_19-10_54-6,Buy,600,IFA1/BN/NEMO/EL,2023-12-19T16:00:00,2023-12-19T17:00:00,2023-12-19T11:30:00,55,115.08,96.85,111.3,600,14542,0,496,104,,0,
2023-12-19T11:48:50,,2023_12_19-10_54,2023_12_19-10_54-7,Buy,700,IFA1/BN/NEMO/EL,2023-12-19T18:00:00,2023-12-19T19:00:00,2023-12-19T11:30:00,50,90,87.96,89.1,700,9690,676,,,,24,
2023-12-19T22:48:16,,2023_12_19-22_09,2023_12_19-22_09-1,Sell,200,IFA1/BN/NEMO,2023-12-20T02:00:00,2023-12-20T03:00:00,2023-12-19T22:40:00,50,26,37,31.5,200,947,,100,100,,,
2023-12-19T22:48:16,,2023_12_19-22_09,2023_12_19-22_09-2,Sell,400,IFA1/BN/NEMO,2023-12-20T03:00:00,2023-12-20T04:00:00,2023-12-19T22:40:00,45,24.1,30.1,25.82,400,1199,25,85,290,,,
2023-12-19T22:48:16,,2023_12_19-22_09,2023_12_19-22_09-3,Sell,900,IFA1/BN/NEMO,2023-12-20T04:00:00,2023-12-20T05:00:00,2023-12-19T22:40:00,50,-79.29,31,-58.36,893,922,166,231,496,,,
2023-12-19T22:48:16,,2023_12_19-22_09,2023_12_19-22_09-4,Sell,900,IFA1/BN/NEMO/EL,2023-12-20T05:00:00,2023-12-20T06:00:00,2023-12-19T22:40:00,60,-68,45,3.99,877,2701,163,165,450,,99,
2023-12-19T22:48:16,,2023_12_19-22_09,2023_12_19-22_09-5,Sell,900,IFA1/BN/NEMO/EL,2023-12-20T06:00:00,2023-12-20T07:00:00,2023-12-19T22:40:00,80,58,60.78,58.79,500,4083,100,,350,,50,
2023-12-20T15:41:43,,2023_12_20-14_56,2023_12_20-14_56-1,Buy,1450,IFA1/BN/NEMO,2023-12-20T18:00:00,2023-12-20T19:00:00,2023-12-20T15:30:00,60,173.97,67.29,93.2,1071,1071,247,573,251,,,
2023-12-20T15:41:43,,2023_12_20-14_56,2023_12_20-14_56-2,Buy,1450,IFA1/BN/NEMO/EL,2023-12-20T19:00:00,2023-12-20T20:00:00,2023-12-20T15:30:00,60,71.21,63.85,68.6,1450,4513,484,271,272,,423,
2023-12-21T00:34:32,,2023_12_21-00_01,2023_12_21-00_01-1,Sell,800,IFA1/BN/NEMO,2023-12-21T03:00:00,2023-12-21T04:00:00,2023-12-21T00:30:00,10,-1.2,2.1,0.75,800,3271,101,371,328,,,
2023-12-21T00:34:32,,2023_12_21-00_01,2023_12_21-00_01-2,Sell,1200,IFA1/BN/NEMO,2023-12-21T04:00:00,2023-12-21T05:00:00,2023-12-21T00:30:00,10,-7.61,1.84,-1.13,1200,2194,151,452,597,,,
2023-12-21T20:42:11,,2023_12_21-20_06,2023_12_21-20_06-1,Sell,500,IFA1/BN/NEMO,2023-12-21T23:00:00,2023-12-22T00:00:00,2023-12-21T20:35:00,10,-2.05,1.2,-0.71,500,6138,250,250,,,,
2023-12-21T20:42:11,,2023_12_21-20_06,2023_12_21-20_06-2,Sell,500,IFA1/BN/NEMO,2023-12-22T00:00:00,2023-12-22T01:00:00,2023-12-21T20:35:00,10,-3.15,-1.68,-2.59,500,6369,402,98,,,,
2023-12-21T20:42:11,,2023_12_21-20_06,2023_12_21-20_06-3,Sell,500,IFA1/BN/NEMO,2023-12-22T01:00:00,2023-12-22T02:00:00,2023-12-21T20:35:00,10,-2.54,-0.84,-1.9,500,6880,299,174,27,,,
2023-12-21T20:42:11,,2023_12_21-20_06,2023_12_21-20_06-4,Sell,500,IFA1/BN/NEMO,2023-12-22T02:00:00,2023-12-22T03:00:00,2023-12-21T20:35:00,10,-5.19,-0.77,-3.67,500,6414,249,251,,,,
2023-12-22T01:08:09,,2023_12_22-00_38,2023_12_22-00_38-1,Sell,950,IFA1/BN/NEMO,2023-12-22T03:00:00,2023-12-22T04:00:00,2023-12-22T01:05:00,5,-5.48,-0.87,-3.32,950,4861,155,604,191,,,
2023-12-22T01:08:09,,2023_12_22-00_38,2023_12_22-00_38-2,Sell,1500,IFA1/BN/NEMO,2023-12-22T04:00:00,2023-12-22T05:00:00,2023-12-22T01:05:00,5,-7.3,0,-4.35,1500,3678,461,888,151,,,
2023-12-22T01:08:09,,2023_12_22-00_38,2023_12_22-00_38-3,Sell,700,IFA1/BN/NEMO/EL,2023-12-22T05:00:00,2023-12-22T06:00:00,2023-12-22T01:05:00,10,5.27,10.65,8.15,700,6030,115,557,28,,,
2023-12-22T03:23:48,,2023_12_22-02_55,2023_12_22-02_55-1,Sell,1000,IFA1/BN/NEMO,2023-12-22T06:00:00,2023-12-22T07:00:00,2023-12-22T03:20:00,40,31.34,38.25,33.43,1000,3920,276,555,169,,,
2023-12-22T21:29:45,,2023_12_22-20_39,2023_12_22-20_39-1,Sell,1450,IFA1/BN/NEMO,2023-12-22T23:00:00,2023-12-23T00:00:00,2023-12-22T21:20:00,20,-0.84,5,1.59,1450,5578,880,520,50,,,
2023-12-22T21:29:45,,2023_12_22-20_39,2023_12_22-20_39-2,Sell,1300,IFA1/BN/NEMO,2023-12-23T00:00:00,2023-12-23T01:00:00,2023-12-22T21:20:00,20,-3.37,1.15,-0.85,1300,5561,918,332,50,,,
2023-12-22T21:29:45,,2023_12_22-20_39,2023_12_22-20_39-3,Sell,1850,IFA1/BN/NEMO,2023-12-23T01:00:00,2023-12-23T02:00:00,2023-12-22T21:20:00,10,-6.73,-1.84,-5.03,1850,5119,1128,625,97,,,
2023-12-23T00:32:45,,2023_12_22-23_45,2023_12_22-23_45-1,Sell,1850,IFA1/BN/NEMO,2023-12-23T02:00:00,2023-12-23T03:00:00,2023-12-23T00:25:00,10,-9.27,-1.69,-6.26,1850,4874,638,1012,200,,,
2023-12-23T00:32:45,,2023_12_22-23_45,2023_12_22-23_45-2,Sell,2000,IFA1/BN/NEMO,2023-12-23T03:00:00,2023-12-23T04:00:00,2023-12-23T00:25:00,10,-3,6.07,0.09,2000,4487,1482,418,100,,,
2023-12-23T00:32:45,,2023_12_22-23_45,2023_12_22-23_45-3,Sell,2000,IFA1/BN/NEMO,2023-12-23T04:00:00,2023-12-23T05:00:00,2023-12-23T00:25:00,10,-11.07,-0.84,-7.21,2000,3867,1250,700,50,,,
2023-12-23T00:32:45,,2023_12_22-23_45,2023_12_22-23_45-4,Sell,2000,IFA1/BN/NEMO/EL,2023-12-23T05:00:00,2023-12-23T06:00:00,2023-12-23T00:25:00,10,-7.6,0,-4.7,2000,5948,1228,502,169,,101,
2023-12-23T00:32:45,,2023_12_22-23_45,2023_12_22-23_45-5,Sell,2000,IFA1/BN/NEMO/EL,2023-12-23T06:00:00,2023-12-23T07:00:00,2023-12-23T00:25:00,20,-1,4.24,1.49,2000,5750,1240,405,75,,280,
2023-12-23T08:00:04,,2023_12_23-04_31,2023_12_23-04_31-1,Sell,1500,IFA1/NEMO,2023-12-23T07:00:00,2023-12-23T08:00:00,2023-12-23T05:10:00,30,13,19.6,16,1500,3788,944,,556,,,
2023-12-23T08:00:04,,2023_12_23-04_31,2023_12_23-04_31-2,Sell,1000,IFA1/BN/NEMO,2023-12-23T08:00:00,2023-12-23T09:00:00,2023-12-23T05:10:00,40,26.33,30.2,27.91,1000,5597,375,325,300,,,
2023-12-23T08:00:04,,2023_12_23-04_31,2023_12_23-04_31-3,Sell,1300,IFA1/BN/NEMO,2023-12-23T09:00:00,2023-12-23T10:00:00,2023-12-23T05:10:00,50,27.44,33.5,30.01,1300,6519,,1153,147,,,
2023-12-23T08:00:04,,2023_12_23-04_31,2023_12_23-04_31-4,Sell,1500,IFA1/BN/NEMO/EL,2023-12-23T10:00:00,2023-12-23T11:00:00,2023-12-23T05:10:00,50,24.62,34.37,29.85,1500,7535,71,1429,,,,
2023-12-23T08:00:04,,2023_12_23-04_31,2023_12_23-04_31-5,Sell,1000,IFA1/BN/NEMO/EL,2023-12-23T11:00:00,2023-12-23T12:00:00,2023-12-23T05:10:00,45,29.76,35.23,31.49,1000,9161,,1000,,,,
2023-12-23T08:00:04,,2023_12_23-04_31,2023_12_23-04_31-6,Sell,1000,IFA1/BN/NEMO/EL,2023-12-23T12:00:00,2023-12-23T13:00:00,2023-12-23T05:10:00,45,29.44,33.5,30.8,1000,8936,,1000,,,,
2023-12-23T09:37:25,,2023_12_23-08_55,2023_12_23-08_55-1,Sell,1000,IFA1/BN/NEMO/EL,2023-12-23T13:00:00,2023-12-23T14:00:00,2023-12-23T09:35:00,55,25.39,45.64,33.71,1000,6521,,896,104,,,
2023-12-24T19:44:04,,2023_12_24-19_09,2023_12_24-19_09-1,Sell,600,IFA1/BN/NEMO/EL,2023-12-24T23:00:00,2023-12-25T00:00:00,2023-12-24T19:40:00,10,-7.99,-3,-5.95,600,4593,499,,101,,,
2023-12-24T19:44:04,,2023_12_24-19_09,2023_12_24-19_09-2,Sell,800,IFA1/BN/NEMO/EL,2023-12-25T00:00:00,2023-12-25T01:00:00,2023-12-24T19:40:00,10,-9.25,-5,-7.46,800,4814,699,,,,101,
2023-12-24T20:06:31,,2023_12_23-17_26,2023_12_23-17_26-1,Sell,0,IFA1/BN/NEMO,2023-12-23T21:00:00,2023-12-23T22:00:00,2023-12-23T17:55:00,50,0,0,0,0,4758,,,,,,
2023-12-24T20:06:31,,2023_12_23-17_26,2023_12_23-17_26-2,Sell,1400,IFA1/BN/NEMO,2023-12-23T22:00:00,2023-12-23T23:00:00,2023-12-23T17:55:00,25,22.06,26.92,24.25,1400,2833,1163,27,210,,,
2023-12-24T20:09:30,,2023_12_24-10_06,2023_12_24-10_06-1,Sell,650,BN/IFA1/NEMO,2023-12-24T13:00:00,2023-12-24T14:00:00,2023-12-24T10:40:00,20,-3.9,-1.63,-2.85,650,5681,288,310,52,,,
2023-12-24T20:09:30,,2023_12_24-10_06,2023_12_24-10_06-2,Sell,1150,BN/IFA1/NEMO,2023-12-24T14:00:00,2023-12-24T15:00:00,2023-12-24T10:40:00,20,-3.94,-1.68,-3.07,1150,6106,481,567,102,,,
2023-12-24T20:18:46,,2023_12_24-11_58,2023_12_24-11_58-1,Buy,500,BN/NEMO,2023-12-24T15:00:00,2023-12-24T16:00:00,2023-12-24T12:30:00,5,24.08,14.35,19.15,500,2759,,327,173,,,
2023-12-24T23:28:01,"Due to French electricity system conditions, NGESO is unable to trade on the interconnectors joining GB and France. For more information, see this link to French margin graph: https://www.services-rte.com/en/view-data-published-by-rte/balancing-capacities.html#:~:text=RTE%20proposes%20on%20this%20web,best%20hypothesis%20at%20our%20disposal",2023_12_24-22_34,2023_12_24-22_34-1,Sell,800,IFA1/BN/NEMO,2023-12-25T01:00:00,2023-12-25T02:00:00,2023-12-24T23:15:00,10,-14.17,-11.76,-12.67,800,5076,500,98,202,,,
2023-12-24T23:28:01,"Due to French electricity system conditions, NGESO is unable to trade on the interconnectors joining GB and France. For more information, see this link to French margin graph: https://www.services-rte.com/en/view-data-published-by-rte/balancing-capacities.html#:~:text=RTE%20proposes%20on%20this%20web,best%20hypothesis%20at%20our%20disposal",2023_12_24-22_34,2023_12_24-22_34-2,Sell,1100,IFA1/BN/NEMO,2023-12-25T02:00:00,2023-12-25T03:00:00,2023-12-24T23:15:00,10,-20.41,-12.6,-15.49,1100,4243,500,195,405,,,
2023-12-24T23:28:01,"Due to French electricity system conditions, NGESO is unable to trade on the interconnectors joining GB and France. For more information, see this link to French margin graph: https://www.services-rte.com/en/view-data-published-by-rte/balancing-capacities.html#:~:text=RTE%20proposes%20on%20this%20web,best%20hypothesis%20at%20our%20disposal",2023_12_24-22_34,2023_12_24-22_34-3,Sell,1500,IFA1/BN/NEMO,2023-12-25T03:00:00,2023-12-25T04:00:00,2023-12-24T23:15:00,10,-27.84,-14.74,-19.27,1500,5043,500,490,510,,,
2023-12-24T23:28:01,"Due to French electricity system conditions, NGESO is unable to trade on the interconnectors joining GB and France. For more information, see this link to French margin graph: https://www.services-rte.com/en/view-data-published-by-rte/balancing-capacities.html#:~:text=RTE%20proposes%20on%20this%20web,best%20hypothesis%20at%20our%20disposal",2023_12_24-22_34,2023_12_24-22_34-4,Sell,1900,IFA1/BN/NEMO,2023-12-25T04:00:00,2023-12-25T05:00:00,2023-12-24T23:15:00,10,-37.41,-13.44,-20.92,1900,5033,500,664,736,,,
2023-12-24T23:28:01,"Due to French electricity system conditions, NGESO is unable to trade on the interconnectors joining GB and France. For more information, see this link to French margin graph: https://www.services-rte.com/en/view-data-published-by-rte/balancing-capacities.html#:~:text=RTE%20proposes%20on%20this%20web,best%20hypothesis%20at%20our%20disposal",2023_12_24-22_34,2023_12_24-22_34-5,Sell,2000,IFA1/BN/NEMO/EL,2023-12-25T05:00:00,2023-12-25T06:00:00,2023-12-24T23:15:00,10,-21.93,-12.6,-16.89,2000,6992,500,243,1257,,,
2023-12-25T00:50:07,"Due to French electricity system conditions, NGESO is unable to trade on the interconnectors joining GB and France. For more information, see this link to French margin graph: https://www.services-rte.com/en/view-data-published-by-rte/balancing-capacities.html#:~:text=RTE%20proposes%20on%20this%20web,best%20hypothesis%20at%20our%20disposal",2023_12_25-00_05,2023_12_25-00_05-1,Sell,2400,IFA1/BN/NEMO/EL,2023-12-25T06:00:00,2023-12-25T07:00:00,2023-12-25T00:40:00,20,-21.92,-9.97,-16.6,2400,7971,348,649,1251,,152,
2023-12-25T00:50:07,"Due to French electricity system conditions, NGESO is unable to trade on the interconnectors joining GB and France. For more information, see this link to French margin graph: https://www.services-rte.com/en/view-data-published-by-rte/balancing-capacities.html#:~:text=RTE%20proposes%20on%20this%20web,best%20hypothesis%20at%20our%20disposal",2023_12_25-00_05,2023_12_25-00_05-2,Sell,2100,IFA1/BN/NEMO/EL,2023-12-25T07:00:00,2023-12-25T08:00:00,2023-12-25T00:40:00,30,-15,-7.3,-11.28,2100,9946,500,943,657,,,
2023-12-25T00:50:07,,2023_12_25-00_05,2023_12_25-00_05-3,Sell,300,IFA1/BN/NEMO/EL,2023-12-25T08:00:00,2023-12-25T09:00:00,2023-12-25T00:40:00,50,5.97,9,7.57,300,6307,,300,,,,
2023-12-25T15:23:22,,2023_12_25-14_45,2023_12_25-14_45-1,Sell,900,IFA1/NEMO/BN/EL,2023-12-25T19:00:00,2023-12-25T20:00:00,2023-12-25T15:20:00,120,4.21,8.6,5.49,900,8622,,409,302,,189,
2023-12-25T15:23:22,,2023_12_25-14_45,2023_12_25-14_45-2,Sell,1800,IFA1/NEMO/BN/EL,2023-12-25T20:00:00,2023-12-25T21:00:00,2023-12-25T15:20:00,100,-0.73,4.38,1.47,1800,7938,276,466,458,,600,
2023-12-25T15:23:22,,2023_12_25-14_45,2023_12_25-14_45-3,Sell,2500,IFA1/NEMO/BN/EL,2023-12-25T21:00:00,2023-12-25T22:00:00,2023-12-25T15:20:00,100,-3.63,3.11,-0.87,2500,7744,778,257,615,,850,
2023-12-25T15:23:22,,2023_12_25-14_45,2023_12_25-14_45-4,Sell,2600,IFA1/NEMO/BN/EL,2023-12-25T22:00:00,2023-12-25T23:00:00,2023-12-25T15:20:00,90,-8.44,-1.69,-5.23,2600,7653,927,317,506,,850,
2023-12-25T20:18:07,"Due to French electricity system conditions, NGESO is unable to trade on the interconnectors joining GB and France.",2023_12_25-19_29,2023_12_25-19_29-1,Sell,3700,IFA1/BN/NEMO,2023-12-25T23:00:00,2023-12-26T00:00:00,2023-12-25T20:00:00,20,-55.65,-3.36,-27.67,2215,7013,500,1125,590,,,
2023-12-25T20:18:07,"Due to French electricity system conditions, NGESO is unable to trade on the interconnectors joining GB and France.",2023_12_25-19_29,2023_12_25-19_29-2,Sell,4000,IFA1/BN/NEMO,2023-12-26T00:00:00,2023-12-26T01:00:00,2023-12-25T20:00:00,20,-55.67,-2,-26.02,2390,7229,600,1150,640,,,
2023-12-25T20:18:07,"Due to French electricity system conditions, NGESO is unable to trade on the interconnectors joining GB and France.",2023_12_25-19_29,2023_12_25-19_29-3,Sell,3700,IFA1/BN/NEMO,2023-12-26T01:00:00,2023-12-26T02:00:00,2023-12-25T20:00:00,20,-66.51,-3.36,-28.49,2303,6877,500,1073,730,,,
2023-12-25T20:18:07,"Due to French electricity system conditions, NGESO is unable to trade on the interconnectors joining GB and France.",2023_12_25-19_29,2023_12_25-19_29-4,Sell,3500,IFA1/BN/NEMO,2023-12-26T02:00:00,2023-12-26T03:00:00,2023-12-25T20:00:00,20,-63.98,-3.36,-28.52,2313,6636,500,1123,690,,,
2023-12-25T20:18:07,"Due to French electricity system conditions, NGESO is unable to trade on the interconnectors joining GB and France.",2023_12_25-19_29,2023_12_25-19_29-5,Sell,3700,IFA1/BN/NEMO,2023-12-26T03:00:00,2023-12-26T04:00:00,2023-12-25T20:00:00,20,-65,-3.36,-29.13,2175,6476,500,1160,515,,,
2023-12-25T20:18:07,"Due to French electricity system conditions, NGESO is unable to trade on the interconnectors joining GB and France.",2023_12_25-19_29,2023_12_25-19_29-6,Sell,4200,IFA1/BN/NEMO,2023-12-26T04:00:00,2023-12-26T05:00:00,2023-12-25T20:00:00,20,-65,-3.36,-27.55,2183,6330,500,1168,515,,,
2023-12-25T20:18:07,"Due to French electricity system conditions, NGESO is unable to trade on the interconnectors joining GB and France.",2023_12_25-19_29,2023_12_25-19_29-7,Sell,3700,IFA1/NEMO/BN/EL,2023-12-26T05:00:00,2023-12-26T06:00:00,2023-12-25T20:00:00,20,-65,-3.36,-26.37,2364,7920,500,1209,655,,,
2023-12-25T20:18:07,"Due to French electricity system conditions, NGESO is unable to trade on the interconnectors joining GB and France.",2023_12_25-19_29,2023_12_25-19_29-8,Sell,3700,IFA1/NEMO/BN/EL,2023-12-26T06:00:00,2023-12-26T07:00:00,2023-12-25T20:00:00,30,-69.11,-1.63,-24.74,3059,9032,799,1504,655,,101,
2023-12-26T01:27:48,,2023_12_26-00_54,2023_12_26-00_54-1,Sell,500,IFA1/BN/NEMO,2023-12-26T03:00:00,2023-12-26T04:00:00,2023-12-26T01:20:00,20,-15.07,-10.28,-12.86,500,1937,500,,,,,
2023-12-26T01:27:48,,2023_12_26-00_54,2023_12_26-00_54-2,Sell,500,IFA1/BN/NEMO,2023-12-26T04:00:00,2023-12-26T05:00:00,2023-12-26T01:20:00,20,-14.31,-10.79,-12.92,500,1931,500,,,,,
2023-12-26T01:27:48,,2023_12_26-00_54,2023_12_26-00_54-3,Sell,500,IFA1/BN/NEMO/EL,2023-12-26T05:00:00,2023-12-26T06:00:00,2023-12-26T01:20:00,30,-15.78,-12.64,-14.11,500,4306,225,,,,275,
2023-12-26T01:27:48,,2023_12_26-00_54,2023_12_26-00_54-4,Sell,1400,IFA1/BN/NEMO/EL,2023-12-26T06:00:00,2023-12-26T07:00:00,2023-12-26T01:20:00,30,-21.7,-11.1,-16.04,1400,5466,598,,,,802,
2023-12-26T01:27:48,,2023_12_26-00_54,2023_12_26-00_54-5,Sell,3000,BN/NEMO/EL,2023-12-26T07:00:00,2023-12-26T08:00:00,2023-12-26T01:20:00,40,-24.03,-4.21,-14.88,3000,8527,,920,1101,,979,
2023-12-26T01:27:48,,2023_12_26-00_54,2023_12_26-00_54-6,Sell,300,BN/NEMO/EL,2023-12-26T08:00:00,2023-12-26T09:00:00,2023-12-26T01:20:00,60,13.36,15.69,14.35,300,3552,,75,225,,,
2023-12-26T05:54:32,,2023_12_26-05_27,2023_12_26-05_27-1,Sell,1700,BN/NEMO,2023-12-26T08:00:00,2023-12-26T09:00:00,2023-12-26T05:50:00,60,-7.37,6.84,0.05,1700,2589,,820,880,,,
2023-12-26T21:22:11,,2023_12_26-20_35,2023_12_26-20_35-1,Sell,600,IFA1/BN/NEMO,2023-12-26T23:00:00,2023-12-27T00:00:00,2023-12-26T21:20:00,55,43,61.33,53.03,600,5119,100,500,,,,
2023-12-26T21:22:11,,2023_12_26-20_35,2023_12_26-20_35-2,Sell,500,IFA1/BN/NEMO,2023-12-27T00:00:00,2023-12-27T01:00:00,2023-12-26T21:20:00,45,46.89,57,51.88,500,5356,27,435,38,,,
2023-12-26T21:22:11,,2023_12_26-20_35,2023_12_26-20_35-3,Sell,500,IFA1/BN/NEMO,2023-12-27T01:00:00,2023-12-27T02:00:00,2023-12-26T21:20:00,37,44.96,46.51,45.44,500,5080,375,125,,,,
2023-12-26T21:22:11,,2023_12_26-20_35,2023_12_26-20_35-4,Sell,300,IFA1/BN/NEMO,2023-12-27T02:00:00,2023-12-27T03:00:00,2023-12-26T21:20:00,24,40.27,42.84,41.44,300,3065,125,175,,,,
2023-12-27T20:30:06,,2023_12_27-19_54,2023_12_27-19_54-1,Sell,2400,IFA1/BN/NEMO,2023-12-27T22:00:00,2023-12-27T23:00:00,2023-12-27T20:25:00,25,-11.84,-2.72,-7.77,2400,3469,1332,585,483,,,
2023-12-27T20:30:06,,2023_12_27-19_54,2023_12_27-19_54-2,Sell,2800,IFA1/BN/NEMO,2023-12-27T23:00:00,2023-12-28T00:00:00,2023-12-27T20:25:00,25,-6.28,0,-4.01,2800,7658,1740,810,250,,,
2023-12-27T22:02:29,"Due to French electricity system conditions, NGESO is unable to trade on the interconnectors joining GB and France.",2023_12_27-21_16,2023_12_27-21_16-1,Sell,4000,IFA1/BN/NEMO,2023-12-28T00:00:00,2023-12-28T01:00:00,2023-12-27T21:45:00,20,-39.77,-5.05,-17.54,4000,5869,1500,1394,1106,,,
2023-12-27T22:02:29,"Due to French electricity system conditions, NGESO is unable to trade on the interconnectors joining GB and France.",2023_12_27-21_16,2023_12_27-21_16-2,Sell,3200,IFA1/BN/NEMO,2023-12-28T01:00:00,2023-12-28T02:00:00,2023-12-27T21:45:00,20,-60,-4.21,-25.98,3200,5157,500,1418,1282,,,
2023-12-27T22:02:29,"Due to French electricity system conditions, NGESO is unable to trade on the interconnectors joining GB and France.",2023_12_27-21_16,2023_12_27-21_16-3,Sell,3200,IFA1/BN/NEMO,2023-12-28T02:00:00,2023-12-28T03:00:00,2023-12-27T21:45:00,20,-60,-4.21,-26.49,3200,5164,500,1381,1319,,,
2023-12-27T22:02:29,"Due to French electricity system conditions, NGESO is unable to trade on the interconnectors joining GB and France.",2023_12_27-21_16,2023_12_27-21_16-4,Sell,3200,IFA1/BN/NEMO,2023-12-28T03:00:00,2023-12-28T04:00:00,2023-12-27T21:45:00,20,-50.38,-8.41,-22.47,3200,4880,1500,735,965,,,
2023-12-27T22:02:29,"Due to French electricity system conditions, NGESO is unable to trade on the interconnectors joining GB and France.",2023_12_27-21_16,2023_12_27-21_16-5,Sell,3300,IFA1/BN/NEMO,2023-12-28T04:00:00,2023-12-28T05:00:00,2023-12-27T21:45:00,20,-60,-13.47,-36.56,3300,3890,1500,1059,741,,,
2023-12-28T01:24:43,"Due to French electricity system conditions, NGESO is unable to trade on the interconnectors joining GB and France. For more information, see this link to French margin graph: https://www.services-rte.com/en/view-data-published-by-rte/balancing-capacities.html#:~:text=RTE%20proposes%20on%20this%20web,best%20hypothesis%20at%20our%20disposal",2023_12_28-00_34,2023_12_28-00_34-1,Sell,3150,IFA1/BN/NEMO/EL,2023-12-28T05:00:00,2023-12-28T06:00:00,2023-12-28T01:05:00,20,-49,-9.77,-25.2,3150,5401,992,925,725,,508,
2023-12-28T01:24:43,"Due to French electricity system conditions, NGESO is unable to trade on the interconnectors joining GB and France. For more information, see this link to French margin graph: https://www.services-rte.com/en/view-data-published-by-rte/balancing-capacities.html#:~:text=RTE%20proposes%20on%20this%20web,best%20hypothesis%20at%20our%20disposal",2023_12_28-00_34,2023_12_28-00_34-2,Sell,3250,IFA1/BN/NEMO/EL,2023-12-28T06:00:00,2023-12-28T07:00:00,2023-12-28T01:05:00,40,-37.55,0.03,-11.25,3100,7192,771,800,800,,729,
2023-12-28T01:24:43,,2023_12_28-00_34,2023_12_28-00_34-3,Sell,2500,IFA1/BN/NEMO/EL,2023-12-28T07:00:00,2023-12-28T08:00:00,2023-12-28T01:05:00,50,6.32,21.9,9.41,2500,8938,1000,425,122,,953,
2023-12-28T01:24:43,,2023_12_28-00_34,2023_12_28-00_34-4,Sell,2000,IFA1/BN/NEMO/EL,2023-12-28T08:00:00,2023-12-28T09:00:00,2023-12-28T01:05:00,60,10.33,21.84,13.59,2000,9814,150,1050,50,,750,
2023-12-28T01:24:43,"Due to French electricity system conditions, NGESO is unable to trade on the interconnectors joining GB and France. For more information, see this link to French margin graph: https://www.services-rte.com/en/view-data-published-by-rte/balancing-capacities.html#:~:text=RTE%20proposes%20on%20this%20web,best%20hypothesis%20at%20our%20disposal",2023_12_28-00_34,2023_12_28-00_34-5,Sell,900,IFA1/BN/NEMO/EL,2023-12-28T09:00:00,2023-12-28T10:00:00,2023-12-28T01:05:00,60,13.46,28.76,19.23,900,8083,,900,,,,
2023-12-28T10:17:50,,2023_12_28-09_42,2023_12_28-09_42-1,Sell,400,BN/NEMO/IFA1,2023-12-28T12:00:00,2023-12-28T13:00:00,2023-12-28T10:15:00,55,19.68,25.31,22.4,400,4054,,400,,,,
2023-12-28T10:17:50,,2023_12_28-09_42,2023_12_28-09_42-2,Sell,400,BN/NEMO/IFA1,2023-12-28T13:00:00,2023-12-28T14:00:00,2023-12-28T10:15:00,60,23.9,29.53,26.71,400,3936,,400,,,,
2023-12-28T19:14:46,"Due to French electricity system conditions, NGESO is unable to trade on the interconnectors joining GB and France.",2023_12_28-18_38,2023_12_28-18_38-1,Sell,1500,BN/IFA1/NEMO,2023-12-28T21:00:00,2023-12-28T22:00:00,2023-12-28T19:10:00,30,-5.09,0.08,-2.76,1500,5569,1000,349,151,,,
2023-12-28T19:14:46,"Due to French electricity system conditions, NGESO is unable to trade on the interconnectors joining GB and France.",2023_12_28-18_38,2023_12_28-18_38-2,Sell,1500,BN/IFA1/NEMO,2023-12-28T22:00:00,2023-12-28T23:00:00,2023-12-28T19:10:00,10,-8.44,-3.41,-6.4,1500,5176,1000,350,150,,,
2023-12-28T20:59:45,,2023_12_28-20_19,2023_12_28-20_19-1,Sell,3200,IFA1/BN/NEMO,2023-12-28T23:00:00,2023-12-29T00:00:00,2023-12-28T20:55:00,10,-21.53,-5,-15.39,3200,7292,2303,401,496,,,
2023-12-28T20:59:45,,2023_12_28-20_19,2023_12_28-20_19-2,Sell,2800,IFA1/BN/NEMO,2023-12-29T00:00:00,2023-12-29T01:00:00,2023-12-28T20:55:00,10,-15.5,-5,-11.61,2800,7559,2199,270,331,,,
2023-12-28T20:59:45,,2023_12_28-20_19,2023_12_28-20_19-3,Sell,2900,IFA1/BN/NEMO,2023-12-29T01:00:00,2023-12-29T02:00:00,2023-12-28T20:55:00,10,-14.79,-5,-9.99,2900,7647,2522,252,126,,,
2023-12-28T20:59:45,,2023_12_28-20_19,2023_12_28-20_19-4,Sell,3000,IFA1/BN/NEMO,2023-12-29T02:00:00,2023-12-29T03:00:00,2023-12-28T20:55:00,10,-15.72,-4.99,-9.57,3000,7446,2521,252,227,,,
2023-12-28T20:59:45,,2023_12_28-20_19,2023_12_28-20_19-5,Sell,3300,IFA1/BN/NEMO,2023-12-29T03:00:00,2023-12-29T04:00:00,2023-12-28T20:55:00,10,-29.58,-5,-12.65,3300,7269,2496,328,476,,,
2023-12-28T20:59:45,,2023_12_28-20_19,2023_12_28-20_19-6,Sell,3400,IFA1/BN/NEMO,2023-12-29T04:00:00,2023-12-29T05:00:00,2023-12-28T20:55:00,10,-33.21,-5,-15.23,3400,6867,2220,406,774,,,
2023-12-28T20:59:45,,2023_12_28-20_19,2023_12_28-20_19-7,Sell,2000,IFA1/BN/NEMO/EL,2023-12-29T05:00:00,2023-12-29T06:00:00,2023-12-28T20:55:00,10,-10.99,-3.6,-7.87,2000,7801,1597,252,50,,101,
2023-12-28T20:59:45,,2023_12_28-20_19,2023_12_28-20_19-8,Sell,2000,IFA1/BN/NEMO/EL,2023-12-29T06:00:00,2023-12-29T07:00:00,2023-12-28T20:55:00,10,-9.37,-2.45,-6.99,2000,8819,1445,252,,,303,
2023-12-29T00:26:30,,2023_12_28-23_55,2023_12_28-23_55-1,Sell,900,IFA1/BN/NEMO/EL,2023-12-29T05:00:00,2023-12-29T06:00:00,2023-12-29T00:20:00,10,-5.08,0.44,-3.47,900,4316,205,352,142,,201,
2023-12-29T00:26:30,,2023_12_28-23_55,2023_12_28-23_55-2,Sell,1200,IFA1/BN/NEMO/EL,2023-12-29T06:00:00,2023-12-29T07:00:00,2023-12-29T00:20:00,10,-5.75,0.44,-3.71,1200,4642,408,303,300,,189,
2023-12-29T00:26:30,,2023_12_28-23_55,2023_12_28-23_55-3,Sell,1000,IFA1/BN/NEMO/EL,2023-12-29T07:00:00,2023-12-29T08:00:00,2023-12-29T00:20:00,20,6.01,21.09,12.97,1000,7818,,1000,,,,
2023-12-29T20:44:43,,2023_12_29-19_53,2023_12_29-19_53-1,Sell,1600,IFA1/BN/NEMO/VKL,2023-12-29T23:00:00,2023-12-30T00:00:00,2023-12-29T20:40:00,60,2.52,10.78,4.82,1600,9162,843,582,75,,,
2023-12-29T20:44:43,,2023_12_29-19_53,2023_12_29-19_53-2,Sell,2000,IFA1/BN/NEMO/VKL,2023-12-30T00:00:00,2023-12-30T01:00:00,2023-12-29T20:40:00,60,-0.55,9.73,2.7,2000,9529,880,834,186,,,
2023-12-29T20:44:43,,2023_12_29-19_53,2023_12_29-19_53-3,Sell,2000,IFA1/BN/NEMO/VKL,2023-12-30T01:00:00,2023-12-30T02:00:00,2023-12-29T20:40:00,60,-6.05,1.67,-2.97,2000,8965,1102,402,396,,,
2023-12-29T20:44:43,,2023_12_29-19_53,2023_12_29-19_53-4,Sell,2000,IFA1/BN/NEMO/VKL,2023-12-30T02:00:00,2023-12-30T03:00:00,2023-12-29T20:40:00,60,-7,1.67,-3.65,2000,8951,1281,292,327,,,
2023-12-29T20:44:43,"Due to French electricity system conditions, NGESO is unable to trade on the interconnectors joining GB and France.",2023_12_29-19_53,2023_12_29-19_53-5,Sell,2400,IFA1/BN/NEMO/VKL,2023-12-30T03:00:00,2023-12-30T04:00:00,2023-12-29T20:40:00,60,-9.28,1.67,-4.51,2400,9351,1300,477,523,,,
2023-12-29T20:44:43,"Due to French electricity system conditions, NGESO is unable to trade on the interconnectors joining GB and France.",2023_12_29-19_53,2023_12_29-19_53-6,Sell,2100,IFA1/BN/NEMO/VKL,2023-12-30T04:00:00,2023-12-30T05:00:00,2023-12-29T20:40:00,60,-6.11,1.69,-2.62,2100,9645,1500,292,208,,,
2023-12-29T20:44:43,"Due to French electricity system conditions, NGESO is unable to trade on the interconnectors joining GB and France.",2023_12_29-19_53,2023_12_29-19_53-7,Sell,2600,IFA1/BN/NEMO/VKL/EL,2023-12-30T05:00:00,2023-12-30T06:00:00,2023-12-29T20:40:00,60,-3.38,6.99,1.81,2600,9242,1197,574,426,,303,
2023-12-29T20:44:43,,2023_12_29-19_53,2023_12_29-19_53-8,Sell,2900,IFA1/BN/NEMO/VKL/EL,2023-12-30T06:00:00,2023-12-30T07:00:00,2023-12-29T20:40:00,70,3.62,16.65,8.48,2900,8933,1290,950,358,,202,
2023-12-29T20:44:43,,2023_12_29-19_53,2023_12_29-19_53-9,Sell,1500,IFA1/BN/NEMO/VKL/EL,2023-12-30T07:00:00,2023-12-30T08:00:00,2023-12-29T20:40:00,95,18.25,30.45,22.55,1500,11571,550,750,100,,,
2023-12-30T00:15:41,"Due to French electricity system conditions, NGESO is unable to trade on the interconnectors joining GB and France.",2023_12_29-23_32,2023_12_29-23_32-1,Sell,700,IFA1/BN/NEMO,2023-12-30T02:00:00,2023-12-30T03:00:00,2023-12-30T00:10:00,60,-16.25,-9.89,-13.82,700,5105,219,250,231,,,
2023-12-30T00:15:41,"Due to French electricity system conditions, NGESO is unable to trade on the interconnectors joining GB and France.",2023_12_29-23_32,2023_12_29-23_32-2,Sell,1200,IFA1/BN/NEMO,2023-12-30T03:00:00,2023-12-30T04:00:00,2023-12-30T00:10:00,60,-18.6,-9.12,-15.91,1200,4861,,423,777,,,
2023-12-30T00:15:41,"Due to French electricity system conditions, NGESO is unable to trade on the interconnectors joining GB and France.",2023_12_29-23_32,2023_12_29-23_32-3,Sell,1300,IFA1/BN/NEMO,2023-12-30T04:00:00,2023-12-30T05:00:00,2023-12-30T00:10:00,60,-15.73,-4.17,-10.53,1300,5056,,790,510,,,
2023-12-30T00:15:41,"Due to French electricity system conditions, NGESO is unable to trade on the interconnectors joining GB and France.",2023_12_29-23_32,2023_12_29-23_32-4,Sell,1400,IFA1/BN/NEMO/EL,2023-12-30T05:00:00,2023-12-30T06:00:00,2023-12-30T00:10:00,60,-7.81,13.23,-0.64,1400,6293,,959,441,,,
2023-12-30T00:15:41,,2023_12_29-23_32,2023_12_29-23_32-5,Sell,700,IFA1/BN/NEMO/EL,2023-12-30T06:00:00,2023-12-30T07:00:00,2023-12-30T00:10:00,70,13.07,22.23,18.57,700,5494,,700,,,,
2023-12-30T18:34:15,,2023_12_30-17_56,2023_12_30-17_56-1,Sell,1200,IFA1/BN/NEMO/VKL,2023-12-30T21:00:00,2023-12-30T22:00:00,2023-12-30T18:30:00,75,28.88,39.23,33.1,1200,4908,,821,279,,,100
2023-12-30T18:34:15,,2023_12_30-17_56,2023_12_30-17_56-2,Sell,2500,IFA1/BN/NEMO/VKL,2023-12-30T22:00:00,2023-12-30T23:00:00,2023-12-30T18:30:00,55,16.09,28.6,21.16,2500,5201,985,988,427,,,100
2023-12-30T21:29:55,,2023_12_30-20_30,2023_12_30-20_30-1,Sell,3300,IFA1/BN/NEMO/VKL,2023-12-30T23:00:00,2023-12-31T00:00:00,2023-12-30T21:25:00,55,-8.41,19.21,-1.78,3300,8965,1783,791,526,,,
2023-12-30T21:29:55,,2023_12_30-20_30,2023_12_30-20_30-2,Sell,3100,IFA1/BN/NEMO/VKL,2023-12-31T00:00:00,2023-12-31T01:00:00,2023-12-30T21:25:00,65,-15.27,20.04,-8.89,3100,9031,1560,745,595,,,
2023-12-30T21:29:55,,2023_12_30-20_30,2023_12_30-20_30-3,Sell,3200,IFA1/BN/NEMO/VKL,2023-12-31T01:00:00,2023-12-31T02:00:00,2023-12-30T21:25:00,65,-17.08,19.21,-10.54,3200,9343,1789,590,621,,,
2023-12-30T21:29:55,,2023_12_30-20_30,2023_12_30-20_30-4,Sell,4000,IFA1/BN/NEMO/VKL,2023-12-31T02:00:00,2023-12-31T03:00:00,2023-12-30T21:25:00,55,-31,19.21,-20.19,4000,9182,2609,745,446,,,
2023-12-30T21:29:55,,2023_12_30-20_30,2023_12_30-20_30-5,Sell,4700,IFA1/BN/NEMO/VKL,2023-12-31T03:00:00,2023-12-31T04:00:00,2023-12-30T21:25:00,50,-52,15.87,-28.49,4700,9327,1000,1643,1857,,,
2023-12-31T00:25:47,,2023_12_30-23_37,2023_12_30-23_37-1,Sell,4500,IFA1/BN/NEMO/VKL,2023-12-31T04:00:00,2023-12-31T05:00:00,2023-12-31T00:20:00,45,-31.22,1.16,-22.62,4500,8912,2973,955,372,,,
2023-12-31T00:25:47,,2023_12_30-23_37,2023_12_30-23_37-2,Sell,4500,IFA1/BN/NEMO/EL/VKL,2023-12-31T05:00:00,2023-12-31T06:00:00,2023-12-31T00:20:00,40,-23.41,-3.18,-17.7,4500,12484,2109,782,827,,582,
2023-12-31T00:25:47,,2023_12_30-23_37,2023_12_30-23_37-3,Sell,3800,IFA1/BN/NEMO/EL/VKL,2023-12-31T06:00:00,2023-12-31T07:00:00,2023-12-31T00:20:00,45,-21.03,4.93,-15.67,3800,12621,1806,1020,382,,392,
2023-12-31T00:25:47,,2023_12_30-23_37,2023_12_30-23_37-4,Sell,2000,IFA1/BN/NEMO/EL/VKL,2023-12-31T07:00:00,2023-12-31T08:00:00,2023-12-31T00:20:00,55,-14.67,-0.68,-11.37,2000,16987,927,519,252,,102,
2023-12-31T00:25:47,,2023_12_30-23_37,2023_12_30-23_37-5,Sell,1500,IFA1/BN/NEMO/EL/VKL,2023-12-31T08:00:00,2023-12-31T09:00:00,2023-12-31T00:20:00,85,-2.87,10.98,0.38,1500,15086,276,698,226,,100,
2023-12-31T00:25:47,,2023_12_30-23_37,2023_12_30-23_37-6,Sell,500,IFA1/BN/NEMO/EL/VKL,2023-12-31T09:00:00,2023-12-31T10:00:00,2023-12-31T00:20:00,95,9.74,15.5,12.07,500,10011,,300,,,,
2023-12-31T17:42:41,,2023_12_31-17_07,2023_12_31-17_07-1,Sell,400,IFA1/BN/NEMO/VKL,2023-12-31T21:00:00,2023-12-31T22:00:00,2023-12-31T17:35:00,90,13.08,14.42,13.65,400,5934,100,100,,,,200
2023-12-31T17:42:41,,2023_12_31-17_07,2023_12_31-17_07-2,Sell,1100,IFA1/BN/NEMO/VKL,2023-12-31T22:00:00,2023-12-31T23:00:00,2023-12-31T17:35:00,60,6.18,10.02,7.81,1100,7010,900,,,,,200
2023-12-31T20:59:03,,2023_12_31-20_13,2023_12_31-20_13-1,Sell,2100,IFA1/BN/NEMO/VKL,2023-12-31T23:00:00,2024-01-01T00:00:00,2023-12-31T20:55:00,50,-5.05,10.86,-1.04,2100,9755,1583,217,,,,300
2023-12-31T20:59:03,,2023_12_31-20_13,2023_12_31-20_13-2,Sell,2350,IFA1/BN/NEMO/VKL,2024-01-01T00:00:00,2024-01-01T01:00:00,2023-12-31T20:55:00,55,-6.08,8.35,-2.93,2350,10069,1598,352,100,,,300
2023-12-31T20:59:03,,2023_12_31-20_13,2023_12_31-20_13-3,Sell,2000,IFA1/BN/NEMO/VKL,2024-01-01T01:00:00,2024-01-01T02:00:00,2023-12-31T20:55:00,55,-5.08,8.35,-1.96,2000,10315,1148,352,200,,,300
2023-12-31T20:14:30,,2023_12_31-20_13,2023_12_31-20_13-4,Sell,2750,IFA1/BN/NEMO/VKL,2024-01-01T02:00:00,2024-01-01T03:00:00,2023-12-31T20:55:00,30,,,,,,,,,,,
2023-12-31T20:14:30,,2023_12_31-20_13,2023_12_31-20_13-5,Sell,2600,IFA1/BN/NEMO/VKL,2024-01-01T03:00:00,2024-01-01T04:00:00,2023-12-31T20:55:00,15,,,,,,,,,,,
2023-12-31T20:14:30,,2023_12_31-20_13,2023_12_31-20_13-6,Sell,2700,IFA1/BN/NEMO/VKL,2024-01-01T04:00:00,2024-01-01T05:00:00,2023-12-31T20:55:00,10,,,,,,,,,,,
2023-12-31T20:14:30,,2023_12_31-20_13,2023_12_31-20_13-7,Sell,2600,IFA1/BN/NEMO/EL,2024-01-01T05:00:00,2024-01-01T06:00:00,2023-12-31T20:55:00,10,,,,,,,,,,,
2023-12-31T20:14:30,,2023_12_31-20_13,2023_12_31-20_13-8,Sell,2400,IFA1/BN/NEMO/VKL/EL,2024-01-01T06:00:00,2024-01-01T07:00:00,2023-12-31T20:55:00,15,,,,,,,,,,,
2023-12-31T20:14:30,,2023_12_31-20_13,2023_12_31-20_13-9,Sell,2100,IFA1/BN/NEMO/VKL/EL,2024-01-01T07:00:00,2024-01-01T08:00:00,2023-12-31T20:55:00,30,,,,,,,,,,,
2023-12-31T20:14:30,,2023_12_31-20_13,2023_12_31-20_13-10,Sell,300,IFA1/BN/NEMO/VKL/EL,2024-01-01T08:00:00,2024-01-01T09:00:00,2023-12-31T20:55:00,40,,,,,,,,,,,
2023-12-31T22:26:34,,2023_12_31-21_42,2023_12_31-21_42-1,Sell,3150,IFA1/BN/NEMO/VKL,2024-01-01T02:00:00,2024-01-01T03:00:00,2023-12-31T22:20:00,30,-5.61,0,-3.39,3150,7764,2014,352,484,,,300
2023-12-31T22:26:34,,2023_12_31-21_42,2023_12_31-21_42-2,Sell,3000,IFA1/BN/NEMO/VKL,2024-01-01T03:00:00,2024-01-01T04:00:00,2023-12-31T22:20:00,15,-6.08,-0.42,-4.16,3000,7709,1634,474,592,,,300
2024-01-01T00:24:11,,2023_12_31-23_33,2023_12_31-23_33-1,Sell,2950,IFA1/BN/NEMO/VKL,2024-01-01T04:00:00,2024-01-01T05:00:00,2024-01-01T00:15:00,10,-1.68,6,0.46,2950,7400,1518,728,404,,,300
2024-01-01T00:24:11,,2023_12_31-23_33,2023_12_31-23_33-2,Sell,2850,IFA1/BN/NEMO/EL,2024-01-01T05:00:00,2024-01-01T06:00:00,2024-01-01T00:15:00,10,-2.89,1.1,-0.67,2850,9663,840,700,400,,910,
2024-01-01T00:24:11,,2023_12_31-23_33,2023_12_31-23_33-3,Sell,2650,IFA1/BN/NEMO/VKL/EL,2024-01-01T06:00:00,2024-01-01T07:00:00,2024-01-01T00:15:00,15,-1.68,2.63,0.15,2650,10294,537,904,200,,809,200
2024-01-01T00:24:11,"Due to French electricity system conditions, NGESO is unable to trade on the interconnectors joining GB and France.",2023_12_31-23_33,2023_12_31-23_33-4,Sell,2350,IFA1/BN/NEMO/VKL/EL,2024-01-01T07:00:00,2024-01-01T08:00:00,2024-01-01T00:15:00,30,-2.53,3.93,0.2,2350,12901,393,930,320,,607,100
2024-01-01T00:24:11,,2023_12_31-23_33,2023_12_31-23_33-5,Sell,1500,IFA1/BN/NEMO/VKL/EL,2024-01-01T08:00:00,2024-01-01T09:00:00,2024-01-01T00:15:00,40,0,17,2.59,1500,12473,95,803,,,302,300
2024-01-01T00:24:11,,2023_12_31-23_33,2023_12_31-23_33-6,Sell,1400,IFA1/BN/NEMO/VKL/EL,2024-01-01T09:00:00,2024-01-01T10:00:00,2024-01-01T00:15:00,50,0.9,23,5.32,1400,12767,,603,,,497,300
2024-01-01T17:59:02,,2024_01_01-17_29,2024_01_01-17_29-1,Sell,500,IFA1/BN/NEMO/VKL,2024-01-01T21:00:00,2024-01-01T22:00:00,2024-01-01T17:55:00,70,25.68,27.53,26.64,500,4513,,400,,,,100
2024-01-01T17:59:02,,2024_01_01-17_29,2024_01_01-17_29-2,Sell,1000,IFA1/BN/NEMO/VKL,2024-01-01T22:00:00,2024-01-01T23:00:00,2024-01-01T17:55:00,60,9.26,18.77,11.38,1000,4128,526,274,100,,,100
2024-01-01T20:04:13,,2024_01_01-19_22,2024_01_01-19_22-1,Sell,2300,BN/NEMO/VKL,2024-01-01T23:00:00,2024-01-02T00:00:00,2024-01-01T20:00:00,25,-56.7,16.09,-3.43,2300,5816,,575,1375,,,350
2024-01-01T22:23:19,,2024_01_01-21_20,2024_01_01-21_20-1,Sell,3300,BN/NEMO/VKL,2024-01-02T00:00:00,2024-01-02T01:00:00,2024-01-01T22:10:00,30,-78.98,-24.11,-53.97,1954,3008,,842,612,,,500
2024-01-01T22:23:19,,2024_01_01-21_20,2024_01_01-21_20-2,Sell,3000,BN/NEMO/VKL,2024-01-02T01:00:00,2024-01-02T02:00:00,2024-01-01T22:10:00,30,-86.8,-21.52,-58.58,2724,3322,,864,1360,,,500
2024-01-01T22:23:19,,2024_01_01-21_20,2024_01_01-21_20-3,Sell,3300,BN/NEMO/VKL,2024-01-02T02:00:00,2024-01-02T03:00:00,2024-01-01T22:10:00,30,-76.52,-25.55,-58.38,2081,3027,,797,784,,,500
2024-01-01T22:23:19,,2024_01_01-21_20,2024_01_01-21_20-4,Sell,3700,BN/NEMO/VKL,2024-01-02T03:00:00,2024-01-02T04:00:00,2024-01-01T22:10:00,30,-76.52,-25.55,-56.28,2053,3240,,782,771,,,500
2024-01-01T22:23:19,,2024_01_01-21_20,2024_01_01-21_20-5,Sell,3800,BN/NEMO/VKL,2024-01-02T04:00:00,2024-01-02T05:00:00,2024-01-01T22:10:00,30,-76.52,-21.54,-56.77,2213,3360,,847,866,,,500
2024-01-01T22:23:19,,2024_01_01-21_20,2024_01_01-21_20-6,Sell,3800,BN/NEMO/VKL,2024-01-02T05:00:00,2024-01-02T06:00:00,2024-01-01T22:10:00,40,-84.81,8.11,-33.67,2865,4450,,1360,1005,,,500
2024-01-01T22:23:19,,2024_01_01-21_20,2024_01_01-21_20-7,Sell,3800,BN/NEMO/VKL,2024-01-02T06:00:00,2024-01-02T07:00:00,2024-01-01T22:10:00,80,-84.63,40.62,-6.88,2954,4633,,1424,1030,,,500
2024-01-01T22:23:19,,2024_01_01-21_20,2024_01_01-21_20-8,Sell,2700,BN/NEMO/VKL,2024-01-02T07:00:00,2024-01-02T08:00:00,2024-01-01T22:10:00,80,0,44.91,27.91,2700,6492,,1800,400,,,500
2024-01-02T20:22:28,,2024_01_02-19_38,2024_01_02-19_38-1,Sell,300,IFA1/BN/NEMO,2024-01-02T22:00:00,2024-01-02T23:00:00,2024-01-02T20:20:00,70,11.43,17,14.65,300,4097,,300,,,,
2024-01-02T20:22:28,,2024_01_02-19_38,2024_01_02-19_38-2,Sell,900,IFA1/BN/NEMO,2024-01-02T23:00:00,2024-01-03T00:00:00,2024-01-02T20:20:00,65,2.24,8.7,4.1,900,5929,270,530,100,,,
2024-01-02T20:22:28,,2024_01_02-19_38,2024_01_02-19_38-3,Sell,800,IFA1/BN/NEMO,2024-01-03T00:00:00,2024-01-03T01:00:00,2024-01-02T20:20:00,70,-0.51,3.56,1.33,800,5887,231,469,100,,,
2024-01-02T20:22:28,,2024_01_02-19_38,2024_01_02-19_38-4,Sell,500,IFA1/BN/NEMO,2024-01-03T01:00:00,2024-01-03T02:00:00,2024-01-02T20:20:00,70,0.43,1.87,1.13,500,5877,152,253,95,,,
2024-01-02T20:22:28,,2024_01_02-19_38,2024_01_02-19_38-5,Sell,500,IFA1/BN/NEMO,2024-01-03T02:00:00,2024-01-03T03:00:00,2024-01-02T20:20:00,65,0,1.52,0.7,500,6187,100,305,95,,,
2024-01-02T20:22:28,,2024_01_02-19_38,2024_01_02-19_38-6,Sell,500,IFA1/BN/NEMO,2024-01-03T03:00:00,2024-01-03T04:00:00,2024-01-02T20:20:00,65,0,1.01,0.5,500,5464,100,305,95,,,
2024-01-02T20:22:28,,2024_01_02-19_38,2024_01_02-19_38-7,Sell,500,IFA1/BN/NEMO,2024-01-03T04:00:00,2024-01-03T05:00:00,2024-01-02T20:20:00,60,-2.08,0,-1.12,500,5861,300,100,100,,,
2024-01-02T20:22:28,,2024_01_02-19_38,2024_01_02-19_38-8,Sell,500,IFA1/BN/NEMO/EL,2024-01-03T05:00:00,2024-01-03T06:00:00,2024-01-02T20:20:00,80,2.22,4.34,3.25,500,6249,100,300,100,,,
2024-01-02T20:22:28,,2024_01_02-19_38,2024_01_02-19_38-9,Sell,500,IFA1/BN/NEMO/EL,2024-01-03T06:00:00,2024-01-03T07:00:00,2024-01-02T20:20:00,90,31.23,36.22,32.32,500,6156,150,242,50,,58,
2024-01-03T00:02:37,,2024_01_02-23_09,2024_01_02-23_09-1,Sell,600,IFA1/BN/NEMO/VKL,2024-01-03T02:00:00,2024-01-03T03:00:00,2024-01-02T23:40:00,65,27.1,32.31,29.74,600,6716,,352,,,,
2024-01-03T00:02:37,,2024_01_02-23_09,2024_01_02-23_09-2,Sell,900,IFA1/BN/NEMO/VKL,2024-01-03T03:00:00,2024-01-03T04:00:00,2024-01-02T23:40:00,65,15.66,25.58,20.5,900,6507,,398,,,,
2024-01-03T00:02:37,,2024_01_02-23_09,2024_01_02-23_09-3,Sell,1300,IFA1/BN/NEMO/VKL,2024-01-03T04:00:00,2024-01-03T05:00:00,2024-01-02T23:40:00,60,6.09,19.68,11.08,1300,7046,,633,,,,
2024-01-03T00:02:37,,2024_01_02-23_09,2024_01_02-23_09-4,Sell,1300,IFA1/BN/NEMO/EL/VKL,2024-01-03T05:00:00,2024-01-03T06:00:00,2024-01-02T23:40:00,80,12.52,18.27,14.72,1300,9693,470,405,100,,,
2024-01-03T00:02:37,,2024_01_02-23_09,2024_01_02-23_09-5,Sell,600,IFA1/BN/NEMO/EL/VKL,2024-01-03T06:00:00,2024-01-03T07:00:00,2024-01-02T23:40:00,90,36.58,41.76,38.86,600,9019,,151,200,,,
2024-01-03T20:12:10,,2024_01_03-19_26,2024_01_03-19_26-1,Sell,900,IFA1/BN/NEMO/VKL,2024-01-03T22:00:00,2024-01-03T23:00:00,2024-01-03T20:05:00,80,46.15,55.5,47.93,900,5797,495,203,50,,,152
2024-01-03T20:12:10,,2024_01_03-19_26,2024_01_03-19_26-2,Sell,2800,IFA1/BN/NEMO/VKL,2024-01-03T23:00:00,2024-01-04T00:00:00,2024-01-03T20:05:00,85,40.42,50.7,43.3,2800,9370,1279,762,609,,,150
2024-01-03T20:12:10,,2024_01_03-19_26,2024_01_03-19_26-3,Sell,2900,IFA1/BN/NEMO/VKL,2024-01-04T00:00:00,2024-01-04T01:00:00,2024-01-03T20:05:00,85,35.33,45.5,38.15,2900,10084,1289,872,609,,,130
2024-01-03T20:12:10,,2024_01_03-19_26,2024_01_03-19_26-4,Sell,2500,IFA1/BN/NEMO/VKL,2024-01-04T01:00:00,2024-01-04T02:00:00,2024-01-03T20:05:00,80,26.9,34.58,29.32,2500,9453,842,1016,412,,,230
2024-01-03T20:12:10,,2024_01_03-19_26,2024_01_03-19_26-5,Sell,2100,IFA1/BN/NEMO/VKL,2024-01-04T02:00:00,2024-01-04T03:00:00,2024-01-03T20:05:00,75,18.53,24.46,20.76,2100,9116,673,1127,,,,300
2024-01-03T20:12:10,,2024_01_03-19_26,2024_01_03-19_26-6,Sell,2100,IFA1/BN/NEMO/VKL,2024-01-04T03:00:00,2024-01-04T04:00:00,2024-01-03T20:05:00,70,24.49,29.22,26.32,2100,9014,725,1125,50,,,200
2024-01-03T20:12:10,,2024_01_03-19_26,2024_01_03-19_26-7,Sell,2100,IFA1/BN/NEMO/VKL,2024-01-04T04:00:00,2024-01-04T05:00:00,2024-01-03T20:05:00,70,42.04,48.19,44.05,2100,10326,850,950,100,,,200
2024-01-03T20:12:10,,2024_01_03-19_26,2024_01_03-19_26-8,Sell,2000,IFA1/BN/NEMO/EL/VKL,2024-01-04T05:00:00,2024-01-04T06:00:00,2024-01-03T20:05:00,75,56.98,61.09,58.56,2000,9634,631,898,151,,220,100
2024-01-04T10:50:18,,2024_01_04-10_02,2024_01_04-10_02-1,Buy,600,BN/NEMO/VKL,2024-01-04T15:00:00,2024-01-04T16:00:00,2024-01-04T10:40:00,110,101.32,83.38,98.5,600,7633,,502,88,,,10
2024-01-04T10:50:18,,2024_01_04-10_02,2024_01_04-10_02-2,Buy,800,BN/VKL,2024-01-04T16:00:00,2024-01-04T17:00:00,2024-01-04T10:40:00,125,139.5,129.13,134.68,500,8571,,,,,,500
2024-01-04T10:50:18,,2024_01_04-10_02,2024_01_04-10_02-3,Buy,800,BN/VKL,2024-01-04T17:00:00,2024-01-04T18:00:00,2024-01-04T10:40:00,130,140.36,129.71,139,800,8348,,490,,,,310
2024-01-04T21:29:06,,2024_01_04-20_39,2024_01_04-20_39-1,Sell,900,IFA1/BN/NEMO/VKL,2024-01-04T23:00:00,2024-01-05T00:00:00,2024-01-04T21:20:00,100,60.79,66.22,62.71,900,7198,130,170,200,,,400
2024-01-04T21:29:06,,2024_01_04-20_39,2024_01_04-20_39-2,Sell,1100,IFA1/BN/NEMO/VKL,2024-01-05T00:00:00,2024-01-05T01:00:00,2024-01-04T21:20:00,100,54.1,59.13,56.24,1100,7156,351,222,27,,,500
2024-01-04T21:29:06,,2024_01_04-20_39,2024_01_04-20_39-3,Sell,2000,IFA1/BN/NEMO/VKL,2024-01-05T01:00:00,2024-01-05T02:00:00,2024-01-04T21:20:00,100,47,57.62,50.56,2000,7210,591,808,101,,,500
2024-01-04T21:29:06,,2024_01_04-20_39,2024_01_04-20_39-4,Sell,2500,IFA1/BN/NEMO/VKL,2024-01-05T02:00:00,2024-01-05T03:00:00,2024-01-04T21:20:00,90,40.03,55.69,44.84,2283,7210,768,774,241,,,500
2024-01-04T21:29:06,,2024_01_04-20_39,2024_01_04-20_39-5,Sell,2300,IFA1/BN/NEMO/VKL,2024-01-05T03:00:00,2024-01-05T04:00:00,2024-01-04T21:20:00,90,36.24,53.18,41.59,2300,7193,737,839,224,,,500
2024-01-04T21:29:06,,2024_01_04-20_39,2024_01_04-20_39-6,Sell,2000,IFA1/BN/NEMO/VKL,2024-01-05T04:00:00,2024-01-05T05:00:00,2024-01-04T21:20:00,90,45,56.76,49.23,2000,6977,551,793,156,,,500
2024-01-04T21:29:06,,2024_01_04-20_39,2024_01_04-20_39-7,Sell,1100,IFA1/BN/NEMO/VKL,2024-01-05T05:00:00,2024-01-05T06:00:00,2024-01-04T21:20:00,95,54.83,65.16,59.76,1100,5918,200,382,18,,,500
2024-01-08T14:10:17,,2024_01_08-13_25,2024_01_08-13_25-1,Buy,500,BN/NEMO/VKL/IFA1,2024-01-08T16:00:00,2024-01-08T17:00:00,2024-01-08T13:55:00,95,105.39,96.88,102.34,250,3650,,250,,,,
2024-01-08T14:10:17,,2024_01_08-13_25,2024_01_08-13_25-2,Buy,900,BN/NEMO/VKL/IFA1,2024-01-08T17:00:00,2024-01-08T18:00:00,2024-01-08T13:55:00,95,117.5,99,109.76,650,4528,10,640,,,,
2024-01-08T14:10:17,,2024_01_08-13_25,2024_01_08-13_25-3,Buy,400,BN/NEMO/VKL/IFA1,2024-01-08T18:00:00,2024-01-08T19:00:00,2024-01-08T13:55:00,90,95.5,88,92.32,150,4446,,150,,,,
2024-01-08T14:10:17,,2024_01_08-13_25,2024_01_08-13_25-4,Buy,300,BN/NEMO/VKL/IFA1/EL,2024-01-08T19:00:00,2024-01-08T20:00:00,2024-01-08T13:55:00,80,90.68,88,89.04,180,4941,,180,,,,
2024-01-08T21:49:00,,2024_01_08-20_52,2024_01_08-20_52-1,Buy,2800,IFA1/BN/NEMO/EL/VKL,2024-01-09T07:00:00,2024-01-09T08:00:00,2024-01-08T21:45:00,85,127.79,119,124.97,2800,12057,500,1037,,,600,663
2024-01-08T21:49:00,,2024_01_08-20_52,2024_01_08-20_52-2,Buy,2300,IFA1/BN/NEMO/EL/VKL,2024-01-09T08:00:00,2024-01-09T09:00:00,2024-01-08T21:45:00,85,118.19,109.7,115.02,2300,12015,250,742,262,,446,600
2024-01-08T21:49:00,,2024_01_08-20_52,2024_01_08-20_52-3,Buy,1200,IFA1/BN/NEMO/EL/VKL,2024-01-09T09:00:00,2024-01-09T10:00:00,2024-01-08T21:45:00,75,104.44,79.65,102.7,1200,9103,200,,250,,300,450
2024-01-08T21:49:00,,2024_01_08-20_52,2024_01_08-20_52-4,Buy,1400,IFA1/BN/NEMO/EL/VKL,2024-01-09T10:00:00,2024-01-09T11:00:00,2024-01-08T21:45:00,70,98.17,93.93,96.52,1400,8574,404,,150,,296,550
2024-01-08T21:49:00,,2024_01_08-20_52,2024_01_08-20_52-5,Buy,500,IFA1/BN/NEMO/EL/VKL,2024-01-09T11:00:00,2024-01-09T12:00:00,2024-01-08T21:45:00,65,90.22,87,88.63,500,6284,,,200,,100,200
2024-01-08T21:49:00,,2024_01_08-20_52,2024_01_08-20_52-6,Buy,500,IFA1/BN/NEMO/EL/VKL,2024-01-09T12:00:00,2024-01-09T13:00:00,2024-01-08T21:45:00,65,88.78,87,88.07,500,6736,,,150,,100,250
2024-01-09T12:26:34,,2024_01_09-11_42,2024_01_09-11_42-1,Buy,1550,BN/NEMO/VKL/EL/IFA1,2024-01-09T16:00:00,2024-01-09T17:00:00,2024-01-09T12:10:00,100,125.57,104,118.65,1550,10843,238,700,394,,18,200
2024-01-09T12:26:34,,2024_01_09-11_42,2024_01_09-11_42-2,Buy,1000,IFA1/EL/BN/NEMO/VKL,2024-01-09T17:00:00,2024-01-09T18:00:00,2024-01-09T12:10:00,100,124.92,105.14,119.62,1000,11377,300,200,176,,,324
2024-01-09T12:26:34,,2024_01_09-11_42,2024_01_09-11_42-3,Buy,650,IFA1/EL/NEMO/VKL,2024-01-09T18:00:00,2024-01-09T19:00:00,2024-01-09T12:10:00,95,122.33,116.33,119.1,650,9725,,,350,,,300
2024-01-09T12:26:34,,2024_01_09-11_42,2024_01_09-11_42-4,Buy,600,IFA1/EL/NEMO/VKL,2024-01-09T19:00:00,2024-01-09T20:00:00,2024-01-09T12:10:00,85,111.93,109.19,110.83,600,10001,305,,220,,,75
2024-01-09T21:16:49,"Due to French electricity system conditions, NGESO is unable to trade on the interconnectors joining GB and France.",2024_01_09-20_21,2024_01_09-20_21-1,Buy,2000,BN/NEMO/VKL/IFA1/EL,2024-01-10T06:00:00,2024-01-10T07:00:00,2024-01-09T21:10:00,64,127,106.7,120.9,2000,10410,2,699,458,,498,343
2024-01-09T21:16:49,"Due to French electricity system conditions, NGESO is unable to trade on the interconnectors joining GB and France.",2024_01_09-20_21,2024_01_09-20_21-2,Buy,3100,BN/NEMO/VKL/IFA1/EL,2024-01-10T07:00:00,2024-01-10T08:00:00,2024-01-09T21:10:00,79,147.73,122.4,141.4,3100,15355,,993,847,,500,760
2024-01-09T21:16:49,,2024_01_09-20_21,2024_01_09-20_21-3,Buy,2550,BN/NEMO/VKL/IFA1/EL,2024-01-10T08:00:00,2024-01-10T09:00:00,2024-01-09T21:10:00,78,138.7,128.14,134.88,2550,13788,475,520,647,,164,744
2024-01-09T21:16:49,,2024_01_09-20_21,2024_01_09-20_21-4,Buy,1850,BN/NEMO/VKL/IFA1/EL,2024-01-10T09:00:00,2024-01-10T10:00:00,2024-01-09T21:10:00,73,120.68,106,118.5,1850,10865,350,165,438,,447,450
2024-01-09T21:16:49,,2024_01_09-20_21,2024_01_09-20_21-5,Buy,1950,BN/NEMO/VKL/IFA1/EL,2024-01-10T10:00:00,2024-01-10T11:00:00,2024-01-09T21:10:00,68,112.08,106.54,109.94,1950,10429,324,,523,,653,450
2024-01-09T21:16:49,,2024_01_09-20_21,2024_01_09-20_21-6,Buy,1600,BN/NEMO/VKL/IFA1/EL,2024-01-10T11:00:00,2024-01-10T12:00:00,2024-01-09T21:10:00,63,103.67,97.66,101.1,1600,9671,555,,65,,580,400
2024-01-09T21:16:49,,2024_01_09-20_21,2024_01_09-20_21-7,Buy,1500,BN/NEMO/VKL/IFA1/EL,2024-01-10T12:00:00,2024-01-10T13:00:00,2024-01-09T21:10:00,62,105.39,97.7,104.08,1500,9668,500,,300,,500,200
2024-01-10T11:28:33,,2024_01_10-10_46,2024_01_10-10_46-1,Buy,0,IFA1/BN/NEMO/VKL,2024-01-10T13:00:00,2024-01-10T14:00:00,2024-01-10T11:15:00,80,0,0,0,0,4154,,,,,,
2024-01-10T11:28:33,,2024_01_10-10_46,2024_01_10-10_46-2,Buy,0,IFA1/BN/NEMO/VKL,2024-01-10T14:00:00,2024-01-10T15:00:00,2024-01-10T11:15:00,85,0,0,0,0,4510,,,,,,
2024-01-10T11:28:33,,2024_01_10-10_46,2024_01_10-10_46-3,Buy,170,IFA1/BN/NEMO/VKL,2024-01-10T15:00:00,2024-01-10T16:00:00,2024-01-10T11:15:00,90,140.84,137.8,139.07,170,13470,,170,,,,
2024-01-10T11:28:33,"Due to French electricity system conditions, NGESO is unable to trade on the interconnectors joining GB and France.",2024_01_10-10_46,2024_01_10-10_46-4,Buy,1120,IFA1/BN/NEMO/VKL/EL,2024-01-10T16:00:00,2024-01-10T17:00:00,2024-01-10T11:15:00,105,162.06,152.31,157.77,1120,16227,184,200,120,,316,300
2024-01-10T14:07:31,"Due to French electricity system conditions, NGESO is unable to trade on the interconnectors joining GB and France.",2024_01_10-13_30,2024_01_10-13_30-1,Buy,1250,IFA1/BN/NEMO/VKL,2024-01-10T17:00:00,2024-01-10T18:00:00,2024-01-10T14:00:00,105,158.49,140.35,154.22,1250,8112,500,179,275,,,296
2024-01-10T14:07:31,,2024_01_10-13_30,2024_01_10-13_30-2,Buy,2150,IFA1/BN/NEMO/VKL,2024-01-10T18:00:00,2024-01-10T19:00:00,2024-01-10T14:00:00,95,153.6,133.45,147.55,2150,8513,1022,266,235,,,627
2024-01-10T14:07:31,"Due to French electricity system conditions, NGESO is unable to trade on the interconnectors joining GB and France.",2024_01_10-13_30,2024_01_10-13_30-3,Buy,2200,IFA1/BN/EL/VKL,2024-01-10T19:00:00,2024-01-10T20:00:00,2024-01-10T14:00:00,90,130.65,114.7,121.91,2200,10098,991,367,,,509,333
2024-01-10T14:07:31,,2024_01_10-13_30,2024_01_10-13_30-4,Buy,1350,IFA1/BN/EL/VKL,2024-01-10T20:00:00,2024-01-10T21:00:00,2024-01-10T14:00:00,80,109.83,96.04,106.62,1350,10386,288,339,,,131,592
2024-01-10T18:25:35,,2024_01_10-17_32,2024_01_10-17_32-1,Buy,860,IFA1/BN/NEMO/VKL,2024-01-10T21:00:00,2024-01-10T22:00:00,2024-01-10T18:00:00,70,96.04,86.09,92.36,860,4798,,342,,,,518
2024-01-10T18:25:35,,2024_01_10-17_32,2024_01_10-17_32-2,Buy,1200,IFA1/BN/NEMO/VKL,2024-01-10T22:00:00,2024-01-10T23:00:00,2024-01-10T18:00:00,65,89.93,82.65,86.74,1200,5229,21,685,,,,494
2024-01-10T18:25:35,,2024_01_10-17_32,2024_01_10-17_32-3,Buy,400,IFA1/BN/NEMO,2024-01-10T23:00:00,2024-01-11T00:00:00,2024-01-10T18:00:00,65,84.18,82.42,83.37,400,4407,50,150,200,,,
2024-01-10T21:15:38,,2024_01_10-20_31,2024_01_10-20_31-1,Buy,500,BN/NEMO,2024-01-11T05:00:00,2024-01-11T06:00:00,2024-01-10T21:10:00,65,93.21,82.56,88.54,500,4515,,400,100,,,
2024-01-10T21:15:38,,2024_01_10-20_31,2024_01_10-20_31-2,Buy,1100,BN/NEMO,2024-01-11T06:00:00,2024-01-11T07:00:00,2024-01-10T21:10:00,85,112.9,106.64,110.91,1100,5532,,742,358,,,
2024-01-11T00:26:31,,2024_01_10-23_50,2024_01_10-23_50-1,Buy,250,BN/NEMO,2024-01-11T05:00:00,2024-01-11T06:00:00,2024-01-11T00:20:00,60,95.45,92.04,94.76,250,3047,,250,,,,
2024-01-11T00:26:31,,2024_01_10-23_50,2024_01_10-23_50-2,Buy,650,BN/NEMO,2024-01-11T06:00:00,2024-01-11T07:00:00,2024-01-11T00:20:00,80,118.02,115.5,116.93,650,4418,,77,573,,,
2024-01-11T00:26:31,,2024_01_10-23_50,2024_01_10-23_50-3,Buy,950,BN/NEMO/IFA1/EL,2024-01-11T07:00:00,2024-01-11T08:00:00,2024-01-11T00:20:00,100,138.38,135.05,136.88,950,10370,395,130,300,,125,
2024-01-11T05:41:45,,2024_01_11-04_58,2024_01_11-04_58-1,Buy,350,IFA1/BN/NEMO/VKL,2024-01-11T08:00:00,2024-01-11T09:00:00,2024-01-11T05:35:00,100,112.69,110.97,111.74,350,3066,342,8,,,,
2024-01-11T05:41:45,,2024_01_11-04_58,2024_01_11-04_58-2,Buy,550,IFA1/BN/NEMO/VKL,2024-01-11T09:00:00,2024-01-11T10:00:00,2024-01-11T05:35:00,90,105.69,99.78,103.12,550,2221,505,45,,,,
2024-01-11T11:36:18,,2024_01_11-10_07,2024_01_11-10_07-1,Buy,1200,IFA1/NEMO/VKL,2024-01-11T13:00:00,2024-01-11T14:00:00,2024-01-11T10:45:00,70,94.86,89.89,93.11,1200,3419,666,,174,,,360
2024-01-11T11:36:18,,2024_01_11-10_07,2024_01_11-10_07-2,Buy,1900,IFA1/BN/NEMO/VKL,2024-01-11T14:00:00,2024-01-11T15:00:00,2024-01-11T10:45:00,75,105.48,99,103.01,1900,3711,1354,,354,,,192
2024-01-11T11:36:18,,2024_01_11-10_07,2024_01_11-10_07-3,Buy,2300,IFA1/BN/NEMO/VKL,2024-01-11T15:00:00,2024-01-11T16:00:00,2024-01-11T10:45:00,80,115.36,109.92,113.12,2300,13725,1784,,266,,,250
2024-01-11T16:18:59,"Due to French electricity system conditions, NGESO is unable to trade on the interconnectors joining GB and France. For more information, see this link to French margin graph: https://www.services-rte.com/en/view-data-published-by-rte/balancing-capacities.html#:~:text=RTE%20proposes%20on%20this%20web,best%20hypothesis%20at%20our%20disposal",2024_01_11-13_26,2024_01_11-13_26-1,Buy,2700,IFA1/NEMO/VKL/BN,2024-01-11T16:00:00,2024-01-11T17:00:00,2024-01-11T14:00:00,90,121.29,114.62,118.48,2700,6529,500,1185,597,,,418
2024-01-11T16:18:59,"Due to French electricity system conditions, NGESO is unable to trade on the interconnectors joining GB and France. For more information, see this link to French margin graph: https://www.services-rte.com/en/view-data-published-by-rte/balancing-capacities.html#:~:text=RTE%20proposes%20on%20this%20web,best%20hypothesis%20at%20our%20disposal",2024_01_11-13_26,2024_01_11-13_26-2,Buy,2850,IFA1/NEMO/VKL/BN,2024-01-11T17:00:00,2024-01-11T18:00:00,2024-01-11T14:00:00,90,123.3,116.48,119.72,2850,9728,1000,1106,200,,,544
2024-01-11T16:18:59,,2024_01_11-13_26,2024_01_11-13_26-3,Buy,2400,IFA1/NEMO/VKL/BN,2024-01-11T18:00:00,2024-01-11T19:00:00,2024-01-11T14:00:00,85,123.23,114.88,119.24,2400,9636,564,1144,,,,692
2024-01-11T17:17:55,,2024_01_11-16_31,2024_01_11-16_31-1,Buy,3150,IFA1/BN/NEMO/VKL,2024-01-11T19:00:00,2024-01-11T20:00:00,2024-01-11T17:10:00,80,108.07,98.3,105.06,3150,5360,1394,743,692,,,321
2024-01-11T17:17:55,,2024_01_11-16_31,2024_01_11-16_31-2,Buy,2550,IFA1/BN/NEMO/VKL,2024-01-11T20:00:00,2024-01-11T21:00:00,2024-01-11T17:10:00,70,97.18,91.33,95.03,2550,5822,1142,791,419,,,198
2024-01-11T17:17:55,,2024_01_11-16_31,2024_01_11-16_31-3,Buy,1200,IFA1/BN/NEMO/VKL,2024-01-11T21:00:00,2024-01-11T22:00:00,2024-01-11T17:10:00,65,88.71,83.56,85.64,1200,5926,417,486,197,,,100
2024-01-11T17:17:55,,2024_01_11-16_31,2024_01_11-16_31-4,Buy,1200,IFA1/BN/NEMO/VKL,2024-01-11T22:00:00,2024-01-11T23:00:00,2024-01-11T17:10:00,60,80.08,74.95,76.89,1200,6153,409,486,205,,,100
2024-01-11T17:17:55,,2024_01_11-16_31,2024_01_11-16_31-5,Buy,500,IFA1/BN/NEMO/EL,2024-01-11T23:00:00,2024-01-12T00:00:00,2024-01-11T17:10:00,55,79.86,75.68,77.42,500,6375,179,321,,,,
2024-01-11T20:29:11,,2024_01_11-20_03,2024_01_11-20_03-1,Buy,500,IFA1/BN/NEMO,2024-01-11T23:00:00,2024-01-12T00:00:00,2024-01-11T20:25:00,55,83.72,80,82.51,500,4487,100,400,,,,
2024-01-12T03:35:33,,2024_01_12-02_57,2024_01_12-02_57-1,Buy,1200,IFA1/BN/NEMO/VKL,2024-01-12T06:00:00,2024-01-12T07:00:00,2024-01-12T03:30:00,70,103.1,98.2,101.06,1200,7103,906,196,50,,,48
2024-01-12T03:35:33,"Due to French electricity system conditions, NGESO is unable to trade on the interconnectors joining GB and France.",2024_01_12-02_57,2024_01_12-02_57-2,Buy,1350,IFA1/BN/NEMO/VKL,2024-01-12T07:00:00,2024-01-12T08:00:00,2024-01-12T03:30:00,90,118.83,111.98,115.22,1350,10245,1000,200,150,,,
2024-01-12T03:35:33,,2024_01_12-02_57,2024_01_12-02_57-3,Buy,800,IFA1/BN/NEMO/VKL,2024-01-12T08:00:00,2024-01-12T09:00:00,2024-01-12T03:30:00,85,112.61,109.83,111.39,800,9388,800,,,,,
2024-01-12T12:32:35,,2024_01_12-12_03,2024_01_12-12_03-1,Buy,350,IFA1/BN/NEMO/EL/VKL,2024-01-12T16:00:00,2024-01-12T17:00:00,2024-01-12T12:30:00,82,109.31,107.5,108.71,350,4606,256,,25,,69,
2024-01-12T12:32:35,,2024_01_12-12_03,2024_01_12-12_03-2,Buy,350,IFA1/BN/NEMO/EL/VKL,2024-01-12T17:00:00,2024-01-12T18:00:00,2024-01-12T12:30:00,82,111.95,110.08,110.98,350,5233,200,50,100,,,
2024-01-12T12:32:35,,2024_01_12-12_03,2024_01_12-12_03-3,Buy,350,IFA1/BN/NEMO/EL/VKL,2024-01-12T18:00:00,2024-01-12T19:00:00,2024-01-12T12:30:00,78,106.89,104.92,106.11,350,5197,350,,,,,
2024-01-12T12:32:35,,2024_01_12-12_03,2024_01_12-12_03-4,Buy,350,IFA1/BN/NEMO/EL/VKL,2024-01-12T19:00:00,2024-01-12T20:00:00,2024-01-12T12:30:00,71,100,95.04,98.75,350,5773,265,,,,85,
2024-01-12T12:32:35,,2024_01_12-12_03,2024_01_12-12_03-5,Buy,350,IFA1/BN/NEMO/EL/VKL,2024-01-12T20:00:00,2024-01-12T21:00:00,2024-01-12T12:30:00,63,92.64,91.16,91.86,350,5730,57,,145,,98,50
2024-01-12T15:33:26,,2024_01_12-14_56,2024_01_12-14_56-1,Buy,1600,IFA1/BN/NEMO/VKL,2024-01-12T17:00:00,2024-01-12T18:00:00,2024-01-12T15:25:00,82,132.24,116.83,123.76,1100,1962,451,241,212,,,196
2024-01-12T15:33:26,,2024_01_12-14_56,2024_01_12-14_56-2,Buy,1600,IFA1/BN/NEMO/VKL,2024-01-12T18:00:00,2024-01-12T19:00:00,2024-01-12T15:25:00,78,126.6,111.12,116.51,1100,2312,283,325,296,,,196
2024-01-12T15:33:26,,2024_01_12-14_56,2024_01_12-14_56-3,Buy,1100,IFA1/BN/NEMO/EL/VKL,2024-01-12T19:00:00,2024-01-12T20:00:00,2024-01-12T15:25:00,71,103.81,102,103.03,1100,5269,607,195,25,,198,75
2024-01-12T15:33:26,,2024_01_12-14_56,2024_01_12-14_56-4,Buy,500,IFA1/BN/NEMO/EL/VKL,2024-01-12T20:00:00,2024-01-12T21:00:00,2024-01-12T15:25:00,63,93.34,90.28,92.62,500,5172,124,202,,,174,
2024-01-12T15:33:26,,2024_01_12-14_56,2024_01_12-14_56-5,Buy,1000,IFA1/BN/NEMO/EL/VKL,2024-01-12T21:00:00,2024-01-12T22:00:00,2024-01-12T15:25:00,59,90.7,83.91,88.68,1000,6936,121,374,283,,147,75
2024-01-13T14:20:41,,2024_01_13-13_47,2024_01_13-13_47-1,Buy,650,IFA1/BN/NEMO,2024-01-13T17:00:00,2024-01-13T18:00:00,2024-01-13T14:15:00,80,112.8,108.62,110.92,650,2736,52,99,499,,,
2024-01-13T14:20:41,,2024_01_13-13_47,2024_01_13-13_47-2,Buy,300,IFA1/NEMO,2024-01-13T18:00:00,2024-01-13T19:00:00,2024-01-13T14:15:00,75,101.77,99.32,100.37,300,1572,120,,180,,,
2024-01-15T03:28:35,,2024_01_15-02_57,2024_01_15-02_57-1,Buy,500,IFA1/BN/NEMO/VKL,2024-01-15T06:00:00,2024-01-15T07:00:00,2024-01-15T03:25:00,65,79.84,76.83,78.5,500,4520,93,147,,,,260
2024-01-15T03:28:35,,2024_01_15-02_57,2024_01_15-02_57-2,Buy,1000,IFA1/BN/NEMO/VKL,2024-01-15T07:00:00,2024-01-15T08:00:00,2024-01-15T03:25:00,70,94.98,89.81,92.65,1000,9097,200,275,100,,,425
2024-01-15T05:00:19,,2024_01_15-04_22,2024_01_15-04_22-1,Sell,0,VKL,2024-01-15T07:00:00,2024-01-15T08:00:00,2024-01-15T04:45:00,95,0,0,0,0,525,,,,,,
2024-01-15T05:00:19,,2024_01_15-04_22,2024_01_15-04_22-2,Buy,425,IFA1/BN/NEMO,2024-01-15T07:00:00,2024-01-15T08:00:00,2024-01-15T04:45:00,70,104.47,98.14,102.31,425,2199,275,50,100,,,
2024-01-16T01:07:18,,2024_01_16-00_10,2024_01_16-00_10-1,Buy,1150,IFA1/NEMO/EL,2024-01-16T05:00:00,2024-01-16T06:00:00,2024-01-16T01:00:00,55,93.76,89.9,91.94,1150,7463,550,,352,,248,
2024-01-16T01:07:18,,2024_01_16-00_10,2024_01_16-00_10-2,Buy,1500,IFA1/NEMO/EL,2024-01-16T06:00:00,2024-01-16T07:00:00,2024-01-16T01:00:00,70,111.89,104.92,109.39,1500,8521,742,,50,,708,
2024-01-16T01:07:18,,2024_01_16-00_10,2024_01_16-00_10-3,Buy,1050,IFA1/NEMO/EL,2024-01-16T07:00:00,2024-01-16T08:00:00,2024-01-16T01:00:00,85,139.45,135.02,137.5,1050,10321,550,,200,,300,
2024-01-16T01:07:18,,2024_01_16-00_10,2024_01_16-00_10-4,Buy,100,IFA1/BN/NEMO/EL/VKL,2024-01-16T06:00:00,2024-01-16T07:00:00,2024-01-16T01:00:00,70,109.32,109.32,109.32,100,9315,0,,0,,0,100
2024-01-16T01:07:18,,2024_01_16-00_10,2024_01_16-00_10-5,Buy,900,IFA1/BN/NEMO/EL/VKL,2024-01-16T07:00:00,2024-01-16T08:00:00,2024-01-16T01:00:00,85,140.52,135.02,139.01,900,13943,300,375,75,,150,
2024-01-16T01:07:18,,2024_01_16-00_10,2024_01_16-00_10-6,Buy,900,IFA1/BN/NEMO/EL/VKL,2024-01-16T08:00:00,2024-01-16T09:00:00,2024-01-16T01:00:00,85,133.79,129,131.92,900,8241,287,290,125,,198,
2024-01-16T01:07:18,,2024_01_16-00_10,2024_01_16-00_10-7,Buy,200,IFA1/BN/NEMO/EL/VKL,2024-01-16T09:00:00,2024-01-16T10:00:00,2024-01-16T01:00:00,80,113.52,110.16,111.97,200,3669,,100,,,100,
2024-01-16T11:22:09,,2024_01_16-10_51,2024_01_16-10_51-1,Buy,300,IFA1/BN/NEMO,2024-01-16T13:00:00,2024-01-16T14:00:00,2024-01-16T11:20:00,61,78.26,76,77.87,300,3265,223,,77,,,
2024-01-16T11:22:09,,2024_01_16-10_51,2024_01_16-10_51-2,Buy,900,IFA1/BN/NEMO,2024-01-16T14:00:00,2024-01-16T15:00:00,2024-01-16T11:20:00,66,91.93,87.62,90.91,900,4730,700,,200,,,
2024-01-16T11:22:09,,2024_01_16-10_51,2024_01_16-10_51-3,Buy,2300,IFA1/BN/NEMO/VKL,2024-01-16T15:00:00,2024-01-16T16:00:00,2024-01-16T11:20:00,69,97.02,87.9,95.82,2300,15035,1520,278,452,,,50
2024-01-16T14:25:46,,2024_01_16-13_42,2024_01_16-13_42-1,Buy,1600,IFA1/BN/NEMO,2024-01-16T16:00:00,2024-01-16T17:00:00,2024-01-16T14:20:00,76,103.2,99.83,101.92,1600,6375,995,246,359,,,
2024-01-16T14:25:46,,2024_01_16-13_42,2024_01_16-13_42-2,Buy,1600,IFA1/BN/NEMO,2024-01-16T17:00:00,2024-01-16T18:00:00,2024-01-16T14:20:00,77,104.21,100,102.54,1600,8781,1145,134,321,,,
2024-01-16T14:25:46,,2024_01_16-13_42,2024_01_16-13_42-3,Buy,1800,IFA1/BN/NEMO,2024-01-16T18:00:00,2024-01-16T19:00:00,2024-01-16T14:20:00,71,99.59,91.16,97.64,1800,8337,966,393,441,,,
2024-01-16T14:25:46,,2024_01_16-13_42,2024_01_16-13_42-4,Buy,1000,IFA1/BN/NEMO,2024-01-16T19:00:00,2024-01-16T20:00:00,2024-01-16T14:20:00,64,90.8,85.58,89.55,1000,10251,625,,375,,,
2024-01-16T14:25:46,,2024_01_16-13_42,2024_01_16-13_42-5,Buy,1900,IFA1/BN/NEMO/VKL,2024-01-16T16:00:00,2024-01-16T17:00:00,2024-01-16T14:20:00,76,105.11,100.52,103.87,1900,7759,571,309,688,,,332
2024-01-16T14:25:46,,2024_01_16-13_42,2024_01_16-13_42-6,Buy,2100,IFA1/BN/NEMO/VKL,2024-01-16T17:00:00,2024-01-16T18:00:00,2024-01-16T14:20:00,77,106.47,101.66,105.15,2100,10206,718,406,483,,,493
2024-01-16T14:25:46,,2024_01_16-13_42,2024_01_16-13_42-7,Buy,1950,IFA1/BN/NEMO/VKL,2024-01-16T18:00:00,2024-01-16T19:00:00,2024-01-16T14:20:00,71,101.2,93.44,98.75,1950,9652,569,53,605,,,723
2024-01-16T14:25:46,,2024_01_16-13_42,2024_01_16-13_42-8,Buy,2000,IFA1/BN/NEMO/EL/VKL,2024-01-16T19:00:00,2024-01-16T20:00:00,2024-01-16T14:20:00,64,92.02,77.16,86.95,2000,14163,275,,273,,352,1100
2024-01-16T17:22:36,,2024_01_16-16_45,2024_01_16-16_45-1,Buy,600,IFA1/BN/NEMO,2024-01-16T20:00:00,2024-01-16T21:00:00,2024-01-16T17:20:00,57,76.35,74.25,75.53,600,3926,426,,174,,,
2024-01-16T17:22:36,,2024_01_16-16_45,2024_01_16-16_45-2,Buy,600,IFA1/BN/NEMO,2024-01-16T21:00:00,2024-01-16T22:00:00,2024-01-16T17:20:00,52,73.14,71.16,72.45,600,4149,450,,150,,,
2024-01-16T17:22:36,,2024_01_16-16_45,2024_01_16-16_45-3,Buy,400,IFA1/BN/NEMO,2024-01-16T22:00:00,2024-01-16T23:00:00,2024-01-16T17:20:00,49,69.8,67.99,68.98,400,3696,250,,150,,,
2024-01-16T17:22:36,,2024_01_16-16_45,2024_01_16-16_45-4,Buy,1200,IFA1/BN/NEMO,2024-01-16T20:00:00,2024-01-16T21:00:00,2024-01-16T17:20:00,57,78.81,76.35,77.55,1200,3926,754,,446,,,
2024-01-17T11:24:47,,2024_01_17-10_55,2024_01_17-10_55-1,Buy,550,BN/NEMO/VKL,2024-01-17T13:00:00,2024-01-17T14:00:00,2024-01-17T11:20:00,75,101.48,99.76,100.38,250,3336,,,,,,250
2024-01-17T11:24:47,,2024_01_17-10_55,2024_01_17-10_55-2,Buy,600,BN/NEMO/VKL,2024-01-17T14:00:00,2024-01-17T15:00:00,2024-01-17T11:20:00,80,103.63,102.34,103.06,300,3930,,,,,,300
2024-01-17T11:24:47,,2024_01_17-10_55,2024_01_17-10_55-3,Buy,900,BN/NEMO/VKL,2024-01-17T15:00:00,2024-01-17T16:00:00,2024-01-17T11:20:00,80,109.66,108.37,109.04,600,8212,,99,186,,,315
2024-01-17T14:02:52,,2024_01_17-13_21,2024_01_17-13_21-1,Buy,1600,BN/NEMO/VKL,2024-01-17T16:00:00,2024-01-17T17:00:00,2024-01-17T13:50:00,85,115.61,110.19,113.65,1300,4574,,415,344,,,541
2024-01-17T14:02:52,,2024_01_17-13_21,2024_01_17-13_21-2,Buy,1600,BN/NEMO/VKL,2024-01-17T17:00:00,2024-01-17T18:00:00,2024-01-17T13:50:00,85,109.04,101.59,106.43,1300,5485,,378,,,,922
2024-01-17T17:30:11,,2024_01_17-17_01,2024_01_17-17_01-1,Buy,250,BN/NEMO/VKL,2024-01-17T19:00:00,2024-01-17T20:00:00,2024-01-17T17:25:00,60,85,82.99,83.42,250,2070,,54,,,,196
2024-01-17T21:43:35,,2024_01_17-21_05,2024_01_17-21_05-1,Buy,1000,VKL/BN,2024-01-18T06:00:00,2024-01-18T07:00:00,2024-01-17T21:40:00,57,101.66,96.32,100.04,1000,3938,,700,,,,300
2024-01-17T21:43:35,,2024_01_17-21_05,2024_01_17-21_05-2,Buy,900,VKL/BN,2024-01-18T07:00:00,2024-01-18T08:00:00,2024-01-17T21:40:00,69,113.75,107.62,110,900,8403,,900,,,,
2024-01-17T21:43:35,,2024_01_17-21_05,2024_01_17-21_05-3,Buy,800,VKL/BN,2024-01-18T08:00:00,2024-01-18T09:00:00,2024-01-17T21:40:00,72,110,104.18,106.69,800,8103,,800,,,,
2024-01-17T21:43:35,,2024_01_17-21_05,2024_01_17-21_05-4,Buy,500,VKL/BN,2024-01-18T09:00:00,2024-01-18T10:00:00,2024-01-17T21:40:00,66,104.01,100.49,102.09,500,6229,,500,,,,
2024-01-17T21:43:35,,2024_01_17-21_05,2024_01_17-21_05-5,Buy,500,VKL/BN,2024-01-18T10:00:00,2024-01-18T11:00:00,2024-01-17T21:40:00,61,82.07,74,78.43,500,6185,,500,,,,
2024-01-18T09:13:27,,2024_01_18-08_39,2024_01_18-08_39-1,Buy,1900,IFA1/BN/NEMO/VKL,2024-01-18T11:00:00,2024-01-18T12:00:00,2024-01-18T09:10:00,60,93.21,85,90.89,1900,6176,55,734,449,,,662
2024-01-18T09:13:27,,2024_01_18-08_39,2024_01_18-08_39-2,Buy,1300,IFA1/BN/NEMO/VKL,2024-01-18T12:00:00,2024-01-18T13:00:00,2024-01-18T09:10:00,60,88.55,84.13,86.77,1300,6299,49,619,98,,,534
2024-01-18T09:13:27,,2024_01_18-08_39,2024_01_18-08_39-3,Buy,2000,IFA1/BN/NEMO/VKL/EL,2024-01-18T13:00:00,2024-01-18T14:00:00,2024-01-18T09:10:00,55,92.95,87.46,90.96,2000,6991,216,305,198,,,1281
2024-01-18T11:43:32,,2024_01_18-11_12,2024_01_18-11_12-1,Buy,900,IFA1/BN/NEMO/VKL,2024-01-18T14:00:00,2024-01-18T15:00:00,2024-01-18T11:40:00,60,90.23,87.63,89.24,900,5058,69,246,145,,,440
2024-01-18T11:43:32,,2024_01_18-11_12,2024_01_18-11_12-2,Buy,1500,IFA1/BN/NEMO/VKL,2024-01-18T15:00:00,2024-01-18T16:00:00,2024-01-18T11:40:00,60,95,91.07,93.83,1500,11873,200,350,450,,,500
2024-01-18T14:03:15,,2024_01_18-13_25,2024_01_18-13_25-1,Buy,1750,IFA1/BN/NEMO/VKL,2024-01-18T16:00:00,2024-01-18T17:00:00,2024-01-18T14:00:00,75,97.45,93.48,95.78,1750,5440,684,374,323,,,369
2024-01-18T14:03:15,,2024_01_18-13_25,2024_01_18-13_25-2,Buy,1800,IFA1/BN/NEMO/VKL,2024-01-18T17:00:00,2024-01-18T18:00:00,2024-01-18T14:00:00,80,98.5,91.96,95.76,1800,7130,362,164,,,,1274
2024-01-18T14:03:15,,2024_01_18-13_25,2024_01_18-13_25-3,Buy,1950,IFA1/BN/NEMO/VKL,2024-01-18T18:00:00,2024-01-18T19:00:00,2024-01-18T14:00:00,70,94.56,87.62,91.04,1950,5203,321,475,,,,1154
2024-01-18T16:18:45,,2024_01_18-15_55,2024_01_18-15_55-1,Buy,2000,IFA1/BN/NEMO/VKL,2024-01-18T19:00:00,2024-01-18T20:00:00,2024-01-18T16:15:00,60,91,79.22,86.89,2000,10524,259,195,546,,,1000
2024-01-18T21:54:03,,2024_01_18-21_11,2024_01_18-21_11-1,Buy,1400,IFA1/BN/NEMO/EL,2024-01-19T06:00:00,2024-01-19T07:00:00,2024-01-18T21:45:00,55,87.08,82.02,85.12,1400,9395,750,400,50,,200,
2024-01-18T21:54:03,,2024_01_18-21_11,2024_01_18-21_11-2,Buy,1300,IFA1/BN/NEMO/EL,2024-01-19T07:00:00,2024-01-19T08:00:00,2024-01-18T21:45:00,70,98.04,94.35,96.38,1300,12366,110,289,305,,596,
2024-01-18T21:54:03,,2024_01_18-21_11,2024_01_18-21_11-3,Buy,200,IFA1/BN/NEMO/EL,2024-01-19T08:00:00,2024-01-19T09:00:00,2024-01-18T21:45:00,70,96.96,94,95.36,200,4971,,52,,,148,
2024-01-18T21:54:03,,2024_01_18-21_11,2024_01_18-21_11-4,Buy,100,IFA1/BN/NEMO/EL,2024-01-19T10:00:00,2024-01-19T11:00:00,2024-01-18T21:45:00,50,79.06,74.35,76.71,100,3511,,50,,,50,
2024-01-19T09:10:02,,2024_01_19-08_40,2024_01_19-08_40-1,Buy,300,IFA1/BN/NEMO,2024-01-19T11:00:00,2024-01-19T12:00:00,2024-01-19T09:05:00,50,88.98,75,83.91,300,3561,200,100,,,,
2024-01-19T09:10:02,,2024_01_19-08_40,2024_01_19-08_40-2,Buy,300,IFA1/BN/NEMO,2024-01-19T12:00:00,2024-01-19T13:00:00,2024-01-19T09:05:00,50,78.8,75,76.46,300,3692,150,150,,,,
2024-01-19T09:10:02,,2024_01_19-08_40,2024_01_19-08_40-3,Buy,500,IFA1/BN/NEMO/EL,2024-01-19T13:00:00,2024-01-19T14:00:00,2024-01-19T09:05:00,50,72.42,68.7,70.57,500,4678,,500,,,,
2024-01-19T12:19:06,,2024_01_19-11_38,2024_01_19-11_38-1,Buy,800,IFA1/BN/NEMO,2024-01-19T14:00:00,2024-01-19T15:00:00,2024-01-19T12:10:00,50,66.79,62.33,64.54,800,4620,,782,18,,,
2024-01-19T12:19:06,,2024_01_19-11_38,2024_01_19-11_38-2,Buy,1500,IFA1/BN/NEMO,2024-01-19T15:00:00,2024-01-19T16:00:00,2024-01-19T12:10:00,55,73.87,69.52,71.96,1500,11726,150,1322,28,,,
2024-01-19T12:19:06,,2024_01_19-11_38,2024_01_19-11_38-3,Buy,1000,IFA1/BN/NEMO/EL,2024-01-19T16:00:00,2024-01-19T17:00:00,2024-01-19T12:10:00,65,81,76.56,79.78,1000,11489,,1000,,,,
2024-01-19T12:19:06,,2024_01_19-11_38,2024_01_19-11_38-4,Buy,900,IFA1/BN/NEMO/EL,2024-01-19T17:00:00,2024-01-19T18:00:00,2024-01-19T12:10:00,65,90.15,74.95,78.99,900,12422,,725,150,,25,
2024-01-19T12:19:06,,2024_01_19-11_38,2024_01_19-11_38-5,Buy,600,IFA1/NEMO/EL,2024-01-19T18:00:00,2024-01-19T19:00:00,2024-01-19T12:10:00,60,90.92,89.8,90.27,600,9443,50,,350,,200,
2024-01-19T12:19:06,,2024_01_19-11_38,2024_01_19-11_38-6,Buy,700,IFA1/NEMO/EL,2024-01-19T19:00:00,2024-01-19T20:00:00,2024-01-19T12:10:00,55,83.22,80,82.44,700,9351,175,,325,,200,
2024-01-19T14:13:37,,2024_01_19-13_28,2024_01_19-13_28-1,Buy,0,IFA1/BN/NEMO/VKL,2024-01-19T16:00:00,2024-01-19T17:00:00,2024-01-19T14:00:00,65,0,0,0,0,3602,,,,,,
2024-01-19T14:13:37,,2024_01_19-13_28,2024_01_19-13_28-2,Buy,650,IFA1/BN/NEMO/VKL,2024-01-19T17:00:00,2024-01-19T18:00:00,2024-01-19T14:00:00,65,87.83,79.71,81.74,650,4863,52,98,,,,500
2024-01-19T14:13:37,,2024_01_19-13_28,2024_01_19-13_28-3,Buy,650,IFA1/NEMO/VKL,2024-01-19T18:00:00,2024-01-19T19:00:00,2024-01-19T14:00:00,60,88.42,75.07,79.73,650,5244,150,,,,,500
2024-01-19T14:13:37,,2024_01_19-13_28,2024_01_19-13_28-4,Buy,150,IFA1/NEMO/EL/VKL,2024-01-19T19:00:00,2024-01-19T20:00:00,2024-01-19T14:00:00,55,70.62,70.2,70.48,150,7990,,,,,,150
2024-01-20T03:47:52,,2024_01_20-03_03,2024_01_20-03_03-1,Buy,725,IFA1,2024-01-20T07:00:00,2024-01-20T08:00:00,2024-01-20T03:40:00,70,85.11,80.83,82.81,725,3890,725,,,,,
2024-01-20T03:47:52,,2024_01_20-03_03,2024_01_20-03_03-2,Buy,525,IFA1,2024-01-20T08:00:00,2024-01-20T09:00:00,2024-01-20T03:40:00,75,83.81,81.16,82.18,525,3290,525,,,,,
2024-01-20T03:47:52,,2024_01_20-03_03,2024_01_20-03_03-3,Buy,320,IFA1/VKL,2024-01-20T09:00:00,2024-01-20T10:00:00,2024-01-20T03:40:00,75,72.49,67.47,68.73,320,2826,,,,,,320
2024-01-20T21:58:33,,2024_01_20-21_20,2024_01_20-21_20-1,Sell,800,IFA1/BN/NEMO/VKL,2024-01-21T02:00:00,2024-01-21T03:00:00,2024-01-20T21:50:00,30,42.41,44.5,42.96,800,6096,599,,201,,,
2024-01-20T21:58:33,,2024_01_20-21_20,2024_01_20-21_20-2,Sell,2100,IFA1/BN/NEMO/VKL,2024-01-21T03:00:00,2024-01-21T04:00:00,2024-01-20T21:50:00,30,37.13,42.1,39.04,2100,6221,1673,76,351,,,
2024-01-20T21:58:33,,2024_01_20-21_20,2024_01_20-21_20-3,Sell,1700,IFA1/BN/NEMO/VKL,2024-01-21T04:00:00,2024-01-21T05:00:00,2024-01-20T21:50:00,25,33.69,38,35.7,1700,5475,1248,176,276,,,
2024-01-20T21:58:33,,2024_01_20-21_20,2024_01_20-21_20-4,Sell,2000,IFA1/BN/NEMO/EL/VKL,2024-01-21T05:00:00,2024-01-21T06:00:00,2024-01-20T21:50:00,25,30.34,36.6,33.12,2000,6861,1324,226,302,,148,
2024-01-20T21:58:33,,2024_01_20-21_20,2024_01_20-21_20-5,Sell,1700,IFA1/BN/NEMO/EL/VKL,2024-01-21T06:00:00,2024-01-21T07:00:00,2024-01-20T21:50:00,25,31.05,36.23,33.2,1700,6745,1278,83,339,,,
2024-01-20T23:30:52,,2024_01_20-22_56,2024_01_20-22_56-1,Sell,500,IFA1/BN/NEMO/VKL,2024-01-21T02:00:00,2024-01-21T03:00:00,2024-01-20T23:25:00,30,44.4,45.17,44.8,500,3935,324,50,126,,,
2024-01-20T23:30:52,,2024_01_20-22_56,2024_01_20-22_56-2,Sell,300,IFA1/BN/NEMO/VKL,2024-01-21T03:00:00,2024-01-21T04:00:00,2024-01-20T23:25:00,30,40.99,42.24,41.7,300,2825,99,151,50,,,
2024-01-20T23:30:52,,2024_01_20-22_56,2024_01_20-22_56-3,Sell,300,IFA1/BN/NEMO/VKL,2024-01-21T04:00:00,2024-01-21T05:00:00,2024-01-20T23:25:00,25,40.38,41.74,41.28,300,2510,157,68,75,,,
2024-01-20T23:30:52,,2024_01_20-22_56,2024_01_20-22_56-4,Sell,400,IFA1/BN/NEMO/VKL/EL,2024-01-21T05:00:00,2024-01-21T06:00:00,2024-01-20T23:25:00,25,36.55,37.55,37.09,400,3169,103,,100,,197,
2024-01-21T02:21:32,,2024_01_21-01_54,2024_01_21-01_54-1,Sell,800,IFA1/BN/NEMO/VKL,2024-01-21T07:00:00,2024-01-21T08:00:00,2024-01-21T02:15:00,30,43.19,45.77,44.32,800,6236,725,,75,,,
2024-01-21T02:21:32,,2024_01_21-01_54,2024_01_21-01_54-2,Sell,500,IFA1,2024-01-21T09:00:00,2024-01-21T10:00:00,2024-01-21T02:15:00,40,41.97,43.48,42.87,500,3456,500,,,,,
2024-01-21T02:21:32,,2024_01_21-01_54,2024_01_21-01_54-3,Sell,500,IFA1/EL,2024-01-21T10:00:00,2024-01-21T11:00:00,2024-01-21T02:15:00,50,39.33,40.23,39.79,500,3405,400,,,,100,
2024-01-21T02:21:32,,2024_01_21-01_54,2024_01_21-01_54-4,Sell,500,IFA1/EL,2024-01-21T11:00:00,2024-01-21T12:00:00,2024-01-21T02:15:00,60,40.04,41.55,40.85,500,3482,405,,,,95,
2024-01-21T09:37:12,,2024_01_21-08_56,2024_01_21-08_56-1,Sell,600,IFA1,2024-01-21T12:00:00,2024-01-21T13:00:00,2024-01-21T09:35:00,85,37.44,38.66,38.21,600,3530,600,,,,,
2024-01-21T09:37:12,,2024_01_21-08_56,2024_01_21-08_56-2,Sell,600,IFA1/EL,2024-01-21T13:00:00,2024-01-21T14:00:00,2024-01-21T09:35:00,84,37.32,39.04,38.4,600,4395,600,,,,,
2024-01-21T09:37:12,,2024_01_21-08_56,2024_01_21-08_56-3,Sell,600,IFA1/EL,2024-01-21T14:00:00,2024-01-21T15:00:00,2024-01-21T09:35:00,79,39.42,40.72,40.16,600,4395,400,,,,200,
2024-01-21T13:31:32,,2024_01_21-13_09,2024_01_21-13_09-1,Sell,600,IFA1,2024-01-21T15:00:00,2024-01-21T16:00:00,2024-01-21T13:30:00,80,46.45,48.16,47.74,600,2919,600,,,,,
2024-01-21T13:31:32,,2024_01_21-13_09,2024_01_21-13_09-2,Sell,600,IFA1,2024-01-21T16:00:00,2024-01-21T17:00:00,2024-01-21T13:30:00,79,50.18,52.46,51.64,600,3153,600,,,,,
2024-01-21T13:31:32,,2024_01_21-13_09,2024_01_21-13_09-3,Sell,600,IFA1,2024-01-21T17:00:00,2024-01-21T18:00:00,2024-01-21T13:30:00,98,60.13,62.78,61.51,600,3139,600,,,,,
2024-01-21T13:31:32,,2024_01_21-13_09,2024_01_21-13_09-4,Sell,600,IFA1,2024-01-21T18:00:00,2024-01-21T19:00:00,2024-01-21T13:30:00,101,60.81,63.87,62.24,600,3131,600,,,,,
2024-01-21T13:10:09,,2024_01_21-13_09,2024_01_21-13_09-5,Sell,600,IFA1/EL,2024-01-21T19:00:00,2024-01-21T20:00:00,2024-01-21T13:30:00,83,,,,,,,,,,,
2024-01-21T13:10:09,,2024_01_21-13_09,2024_01_21-13_09-6,Sell,600,IFA1/EL,2024-01-21T20:00:00,2024-01-21T21:00:00,2024-01-21T13:30:00,82,,,,,,,,,,,
2024-01-21T16:32:31,,2024_01_21-15_48,2024_01_21-15_48-1,Sell,600,IFA1/NEMO,2024-01-21T19:00:00,2024-01-21T20:00:00,2024-01-21T16:30:00,83,56.24,65.82,57.76,600,4566,400,,200,,,
2024-01-21T16:32:31,,2024_01_21-15_48,2024_01_21-15_48-2,Sell,600,IFA1/NEMO,2024-01-21T20:00:00,2024-01-21T21:00:00,2024-01-21T16:30:00,82,47.85,58.27,48.89,600,4497,401,,199,,,
2024-01-21T16:32:31,,2024_01_21-15_48,2024_01_21-15_48-3,Sell,600,IFA1/NEMO,2024-01-21T21:00:00,2024-01-21T22:00:00,2024-01-21T16:30:00,82,52.26,62.47,53.53,600,4636,450,,150,,,
2024-01-21T16:32:31,,2024_01_21-15_48,2024_01_21-15_48-4,Sell,200,IFA1/NEMO,2024-01-21T22:00:00,2024-01-21T23:00:00,2024-01-21T16:30:00,64,45.66,55.33,47.59,200,2889,200,,,,,
2024-01-21T20:13:40,,2024_01_21-19_38,2024_01_21-19_38-1,Sell,800,IFA1/BN/NEMO/VKL,2024-01-21T22:00:00,2024-01-21T23:00:00,2024-01-21T20:10:00,64,32.8,36.11,34.12,800,4843,425,275,100,,,
2024-01-21T20:13:40,"Due to French electricity system conditions, NGESO is unable to trade on the interconnectors joining GB and France.",2024_01_21-19_38,2024_01_21-19_38-2,Sell,2700,IFA1/BN/NEMO/VKL,2024-01-21T23:00:00,2024-01-22T00:00:00,2024-01-21T20:10:00,53,16.55,25.75,19.35,2700,10616,1000,830,501,,,369
2024-01-21T22:15:51,"Due to French electricity system conditions, NGESO is unable to trade on the interconnectors joining GB and France.",2024_01_21-21_28,2024_01_21-21_28-1,Sell,3500,IFA1/BN/NEMO/VKL,2024-01-22T00:00:00,2024-01-22T01:00:00,2024-01-21T22:10:00,48,-1.68,22.8,7.21,3500,8843,500,1290,826,,,884
2024-01-21T22:15:51,"Due to French electricity system conditions, NGESO is unable to trade on the interconnectors joining GB and France.",2024_01_21-21_28,2024_01_21-21_28-2,Sell,5000,IFA1/BN/NEMO/VKL,2024-01-22T01:00:00,2024-01-22T02:00:00,2024-01-21T22:10:00,42,-19.86,11.5,-3.92,3962,8934,500,1382,939,,,1141
2024-01-21T22:15:51,"Due to French electricity system conditions, NGESO is unable to trade on the interconnectors joining GB and France.",2024_01_21-21_28,2024_01_21-21_28-3,Sell,3400,IFA1/BN/NEMO/VKL,2024-01-22T02:00:00,2024-01-22T03:00:00,2024-01-21T22:10:00,25,-14.95,10.84,-6.31,3400,8461,500,805,940,,,1155
2024-01-21T22:15:51,"Due to French electricity system conditions, NGESO is unable to trade on the interconnectors joining GB and France.",2024_01_21-21_28,2024_01_21-21_28-4,Sell,2800,IFA1/BN/NEMO/VKL,2024-01-22T03:00:00,2024-01-22T04:00:00,2024-01-21T22:10:00,17,-15,0.86,-5.37,2800,7058,500,588,705,,,1007
2024-01-21T22:15:51,"Due to French electricity system conditions, NGESO is unable to trade on the interconnectors joining GB and France.",2024_01_21-21_28,2024_01_21-21_28-5,Sell,2000,IFA1/BN/NEMO/VKL,2024-01-22T04:00:00,2024-01-22T05:00:00,2024-01-21T22:10:00,15,1.68,9.46,6.51,2000,5408,500,524,500,,,476
2024-01-21T22:15:51,"Due to French electricity system conditions, NGESO is unable to trade on the interconnectors joining GB and France.",2024_01_21-21_28,2024_01_21-21_28-6,Sell,1400,IFA1/BN/NEMO/VKL/EL,2024-01-22T05:00:00,2024-01-22T06:00:00,2024-01-21T22:10:00,36,25.93,30.1,28.03,1400,7782,400,371,229,,100,300
2024-01-22T00:07:37,,2024_01_21-23_37,2024_01_21-23_37-1,Sell,200,IFA1/EL,2024-01-22T08:00:00,2024-01-22T09:00:00,2024-01-22T00:05:00,84,68.66,69.11,68.72,200,2985,175,,,,25,
2024-01-22T00:07:37,,2024_01_21-23_37,2024_01_21-23_37-2,Sell,350,IFA1/EL,2024-01-22T09:00:00,2024-01-22T10:00:00,2024-01-22T00:05:00,89,57.18,59.68,57.97,350,3994,220,,,,130,
2024-01-22T00:07:37,,2024_01_21-23_37,2024_01_21-23_37-3,Sell,350,IFA1/EL,2024-01-22T12:00:00,2024-01-22T13:00:00,2024-01-22T00:05:00,71,42.35,47.9,43.23,350,3994,245,,,,105,
2024-01-22T19:52:31,,2024_01_22-19_25,2024_01_22-19_25-1,Sell,800,IFA1/BN/NEMO/VKL,2024-01-22T22:00:00,2024-01-22T23:00:00,2024-01-22T19:50:00,60,35.09,37.8,36.49,800,4181,685,115,,,,
2024-01-22T19:52:31,,2024_01_22-19_25,2024_01_22-19_25-2,Sell,800,IFA1/BN/NEMO/VKL,2024-01-22T23:00:00,2024-01-23T00:00:00,2024-01-22T19:50:00,50,21.48,22.33,21.92,800,7257,300,200,100,,,200
2024-01-22T19:52:31,,2024_01_22-19_25,2024_01_22-19_25-3,Sell,800,IFA1/BN/NEMO/VKL,2024-01-23T00:00:00,2024-01-23T01:00:00,2024-01-22T19:50:00,50,10.39,12.9,11.39,800,7595,402,100,198,,,100
2024-01-22T21:42:52,,2024_01_22-21_13,2024_01_22-21_13-1,Sell,300,IFA1/BN/NEMO/VKL,2024-01-23T00:00:00,2024-01-23T01:00:00,2024-01-22T21:40:00,50,14.8,15.79,15.13,300,5613,230,70,,,,
2024-01-22T21:42:52,,2024_01_22-21_13,2024_01_22-21_13-2,Sell,800,IFA1/BN/NEMO/VKL,2024-01-23T01:00:00,2024-01-23T02:00:00,2024-01-22T21:40:00,50,12.1,14.96,13.1,800,7381,370,,230,,,200
2024-01-22T21:42:52,,2024_01_22-21_13,2024_01_22-21_13-3,Sell,900,IFA1/BN/NEMO/VKL,2024-01-23T02:00:00,2024-01-23T03:00:00,2024-01-22T21:40:00,50,9.9,11.64,10.47,900,7381,370,,302,,,228
2024-01-23T00:16:32,,2024_01_22-23_37,2024_01_22-23_37-1,Sell,1500,IFA1/BN/NEMO/VKL,2024-01-23T03:00:00,2024-01-23T04:00:00,2024-01-23T00:10:00,50,7.55,11,8.8,1500,7886,701,100,286,,,413
2024-01-23T00:16:32,,2024_01_22-23_37,2024_01_22-23_37-2,Sell,1950,IFA1/BN/NEMO/VKL,2024-01-23T04:00:00,2024-01-23T05:00:00,2024-01-23T00:10:00,50,31.23,37,32.76,1950,7975,1238,363,349,,,
2024-01-23T00:16:32,,2024_01_22-23_37,2024_01_22-23_37-3,Sell,2300,IFA1/BN/NEMO/VKL/EL,2024-01-23T05:00:00,2024-01-23T06:00:00,2024-01-23T00:10:00,70,47.68,54,49.35,2300,9029,1070,353,576,,301,
2024-01-23T00:16:32,,2024_01_22-23_37,2024_01_22-23_37-4,Sell,800,IFA1/BN/NEMO/VKL/EL,2024-01-23T06:00:00,2024-01-23T07:00:00,2024-01-23T00:10:00,90,69.73,75,70.98,800,8528,401,96,202,,101,
2024-01-23T09:12:00,,2024_01_23-08_44,2024_01_23-08_44-1,Sell,500,IFA1,2024-01-23T11:00:00,2024-01-23T12:00:00,2024-01-23T09:10:00,75,46.73,48.88,47.61,500,3786,500,,,,,
2024-01-23T09:12:00,,2024_01_23-08_44,2024_01_23-08_44-2,Sell,500,IFA1,2024-01-23T12:00:00,2024-01-23T13:00:00,2024-01-23T09:10:00,75,43.13,48.37,44.57,500,3891,500,,,,,
2024-01-23T09:12:00,,2024_01_23-08_44,2024_01_23-08_44-3,Sell,500,IFA1,2024-01-23T13:00:00,2024-01-23T14:00:00,2024-01-23T09:10:00,75,46.81,48.48,47.8,500,3892,500,,,,,
2024-01-23T16:18:13,,2024_01_23-15_52,2024_01_23-15_52-1,Sell,300,IFA1,2024-01-23T19:00:00,2024-01-23T20:00:00,2024-01-23T16:15:00,75,47.58,50.08,49.16,300,3231,300,,,,,
2024-01-23T16:18:13,,2024_01_23-15_52,2024_01_23-15_52-2,Sell,300,IFA1,2024-01-23T20:00:00,2024-01-23T21:00:00,2024-01-23T16:15:00,75,42.58,44.24,43.55,300,3356,300,,,,,
2024-01-23T16:18:13,,2024_01_23-15_52,2024_01_23-15_52-3,Sell,300,IFA1,2024-01-23T21:00:00,2024-01-23T22:00:00,2024-01-23T16:15:00,70,38.4,39.23,38.82,300,3356,300,,,,,
2024-01-23T16:18:13,,2024_01_23-15_52,2024_01_23-15_52-4,Sell,300,IFA1,2024-01-23T22:00:00,2024-01-23T23:00:00,2024-01-23T16:15:00,50,27.55,29.21,28.48,300,3356,300,,,,,
2024-01-23T20:22:07,,2024_01_23-19_40,2024_01_23-19_40-1,Sell,2750,IFA1/BN/NEMO/VKL,2024-01-23T22:00:00,2024-01-23T23:00:00,2024-01-23T20:15:00,50,17.19,21.37,18.82,2750,6669,1421,778,266,,,285
2024-01-23T20:22:07,,2024_01_23-19_40,2024_01_23-19_40-2,Sell,2850,IFA1/BN/NEMO/VKL,2024-01-23T23:00:00,2024-01-24T00:00:00,2024-01-23T20:15:00,20,-3.36,6.7,-0.16,2850,10722,1857,400,50,,,543
2024-01-23T22:07:25,,2024_01_23-21_15,2024_01_23-21_15-1,Sell,2550,IFA1/BN/NEMO/VKL,2024-01-24T00:00:00,2024-01-24T01:00:00,2024-01-23T22:00:00,20,-3.56,3.42,-1.31,2550,8537,1459,100,303,,,688
2024-01-23T22:07:25,,2024_01_23-21_15,2024_01_23-21_15-2,Sell,2800,IFA1/BN/NEMO/VKL,2024-01-24T01:00:00,2024-01-24T02:00:00,2024-01-23T22:00:00,20,-4.33,2.51,-1.93,2800,8987,1508,100,503,,,689
2024-01-23T22:07:25,,2024_01_23-21_15,2024_01_23-21_15-3,Sell,3100,IFA1/BN/NEMO/VKL,2024-01-24T02:00:00,2024-01-24T03:00:00,2024-01-23T22:00:00,20,-5.81,1.71,-3.13,3100,8653,1333,212,803,,,752
2024-01-24T00:52:08,,2024_01_23-23_55,2024_01_23-23_55-1,Sell,3950,IFA1/BN/NEMO/VKL,2024-01-24T03:00:00,2024-01-24T04:00:00,2024-01-24T00:40:00,20,-9.68,2,-6.4,3950,8176,1464,1138,476,,,872
2024-01-24T00:52:08,,2024_01_23-23_55,2024_01_23-23_55-2,Sell,3900,IFA1/BN/NEMO/VKL,2024-01-24T04:00:00,2024-01-24T05:00:00,2024-01-24T00:40:00,20,-5.34,2.45,-2.42,3900,7374,1717,706,574,,,903
2024-01-24T00:52:08,,2024_01_23-23_55,2024_01_23-23_55-3,Sell,3350,IFA1/BN/NEMO/VKL/EL,2024-01-24T05:00:00,2024-01-24T06:00:00,2024-01-24T00:40:00,50,16,32.74,20.31,3350,10266,1134,897,544,,575,200
2024-01-24T00:52:08,,2024_01_23-23_55,2024_01_23-23_55-4,Sell,1800,IFA1/BN/NEMO/VKL/EL,2024-01-24T06:00:00,2024-01-24T07:00:00,2024-01-24T00:40:00,65,43.12,66.1,48.13,1800,10275,892,708,50,,150,
2024-01-24T00:52:08,,2024_01_23-23_55,2024_01_23-23_55-5,Sell,200,IFA1/EL,2024-01-24T08:00:00,2024-01-24T09:00:00,2024-01-24T00:40:00,80,60.13,60.61,60.37,200,2187,100,,,,100,
2024-01-24T00:52:08,,2024_01_23-23_55,2024_01_23-23_55-6,Sell,200,IFA1/EL,2024-01-24T10:00:00,2024-01-24T11:00:00,2024-01-24T00:40:00,80,51.43,51.43,51.43,200,2187,200,,,,,
2024-01-25T00:53:58,,2024_01_25-00_18,2024_01_25-00_18-1,Buy,1000,IFA1/BN/NEMO/EL/VKL,2024-01-25T10:00:00,2024-01-25T11:00:00,2024-01-25T00:50:00,60,70.69,65.93,69.15,1000,7539,454,100,,,271,175
2024-01-25T00:53:58,,2024_01_25-00_18,2024_01_25-00_18-2,Buy,500,IFA1/BN/NEMO/EL/VKL,2024-01-25T11:00:00,2024-01-25T12:00:00,2024-01-25T00:50:00,55,64.72,61.62,63.48,500,6853,215,160,,,,125
2024-01-25T14:07:54,"Due to French electricity system conditions, NGESO is unable to trade on the interconnectors joining GB and France.",2024_01_25-13_26,2024_01_25-13_26-1,Buy,1300,IFA1/BN/NEMO/VKL,2024-01-25T17:00:00,2024-01-25T18:00:00,2024-01-25T13:55:00,65,86.4,78.9,83.63,1300,7208,500,400,400,,,
2024-01-25T14:07:54,,2024_01_25-13_26,2024_01_25-13_26-2,Buy,900,IFA1/BN/NEMO/VKL,2024-01-25T18:00:00,2024-01-25T19:00:00,2024-01-25T13:55:00,63,77.9,75.3,76.62,900,7114,70,559,271,,,
2024-01-25T21:37:21,,2024_01_25-20_39,2024_01_25-20_39-1,Sell,500,IFA1/NEMO/VKL,2024-01-26T00:00:00,2024-01-26T01:00:00,2024-01-25T21:35:00,62,49.61,55.2,50.98,500,3915,125,,124,,,251
2024-01-25T21:37:21,,2024_01_25-20_39,2024_01_25-20_39-2,Sell,500,IFA1/NEMO/VKL,2024-01-26T01:00:00,2024-01-26T02:00:00,2024-01-25T21:35:00,58,46.17,51.1,48.13,500,4134,124,,75,,,301
2024-01-25T21:37:21,,2024_01_25-20_39,2024_01_25-20_39-3,Sell,500,IFA1/NEMO/VKL,2024-01-26T02:00:00,2024-01-26T03:00:00,2024-01-25T21:35:00,50,38.9,43.3,40.6,500,3967,224,,75,,,201
2024-01-25T21:37:21,,2024_01_25-20_39,2024_01_25-20_39-4,Sell,500,IFA1/NEMO/VKL,2024-01-26T03:00:00,2024-01-26T04:00:00,2024-01-25T21:35:00,47,31.98,36.9,33.14,500,3980,326,,174,,,
2024-01-25T21:37:21,,2024_01_25-20_39,2024_01_25-20_39-5,Sell,1000,IFA1/BN/NEMO/VKL,2024-01-26T04:00:00,2024-01-26T05:00:00,2024-01-25T21:35:00,47,36.87,42.5,38.15,1000,3915,825,,125,,,50
2024-01-25T21:37:21,,2024_01_25-20_39,2024_01_25-20_39-6,Sell,500,IFA1/NEMO/EL/VKL,2024-01-26T05:00:00,2024-01-26T06:00:00,2024-01-25T21:35:00,58,46.19,47.9,46.96,500,3358,350,,50,,100,
2024-01-26T00:07:31,,2024_01_25-23_36,2024_01_25-23_36-1,Sell,100,IFA1/EL,2024-01-26T08:00:00,2024-01-26T09:00:00,2024-01-26T00:05:00,91,65.71,65.71,65.71,100,1002,,,,,100,
2024-01-26T00:07:31,,2024_01_25-23_36,2024_01_25-23_36-2,Sell,100,IFA1/EL,2024-01-26T09:00:00,2024-01-26T10:00:00,2024-01-26T00:05:00,86,55.47,55.47,55.47,100,1002,,,,,100,
2024-01-26T16:24:31,,2024_01_26-15_56,2024_01_26-15_56-1,Buy,1000,IFA1/BN/NEMO,2024-01-26T18:00:00,2024-01-26T19:00:00,2024-01-26T16:20:00,65,82,77.98,79.96,1000,1641,74,923,3,,,
2024-01-26T22:36:21,,2024_01_26-21_42,2024_01_26-21_42-1,Buy,800,IFA1/BN/NEMO/EL/VKL,2024-01-27T05:00:00,2024-01-27T06:00:00,2024-01-26T22:25:00,40,56.77,29.03,51.94,800,6022,272,25,,,75,428
2024-01-26T22:36:21,,2024_01_26-21_42,2024_01_26-21_42-2,Buy,600,IFA1/BN/NEMO/EL/VKL,2024-01-27T06:00:00,2024-01-27T07:00:00,2024-01-26T22:25:00,45,59.67,35.86,53.78,600,5397,152,,,,,448
2024-01-26T22:36:21,,2024_01_26-21_42,2024_01_26-21_42-3,Buy,400,IFA1/BN/NEMO/EL/VKL,2024-01-27T07:00:00,2024-01-27T08:00:00,2024-01-26T22:25:00,55,62.32,58.91,60.96,400,6184,300,,,,,100
2024-01-26T22:36:21,,2024_01_26-21_42,2024_01_26-21_42-4,Buy,650,IFA1/BN/NEMO/EL/VKL,2024-01-27T08:00:00,2024-01-27T09:00:00,2024-01-26T22:25:00,55,67.62,55.49,61.51,650,6352,300,50,,,,300
2024-01-26T22:36:21,,2024_01_26-21_42,2024_01_26-21_42-5,Buy,500,IFA1/BN/NEMO/VKL,2024-01-27T09:00:00,2024-01-27T10:00:00,2024-01-26T22:25:00,55,62.05,44.39,49.97,500,4512,400,,,,,100
2024-01-26T22:36:21,,2024_01_26-21_42,2024_01_26-21_42-6,Buy,400,IFA1/NEMO/EL/VKL,2024-01-27T10:00:00,2024-01-27T11:00:00,2024-01-26T22:25:00,50,63.35,42.69,56.85,400,2806,100,,,,125,175
2024-01-27T13:57:24,,2024_01_27-13_21,2024_01_27-13_21-1,Buy,1200,IFA1/BN/NEMO,2024-01-27T17:00:00,2024-01-27T18:00:00,2024-01-27T13:50:00,60,93.66,81.44,88.76,1200,3837,610,,590,,,
2024-01-27T13:57:24,,2024_01_27-13_21,2024_01_27-13_21-2,Buy,1200,IFA1/BN/NEMO,2024-01-27T18:00:00,2024-01-27T19:00:00,2024-01-27T13:50:00,60,100,82.27,91.12,1200,3479,710,74,416,,,
2024-01-27T13:57:24,,2024_01_27-13_21,2024_01_27-13_21-3,Buy,1250,IFA1/BN/NEMO/EL,2024-01-27T19:00:00,2024-01-27T20:00:00,2024-01-27T13:50:00,55,78.07,73.56,76.46,1250,7472,917,,,,333,
2024-01-27T13:57:24,,2024_01_27-13_21,2024_01_27-13_21-4,Buy,1300,IFA1/BN/NEMO/EL,2024-01-27T20:00:00,2024-01-27T21:00:00,2024-01-27T13:50:00,45,72,67.43,70.47,1300,9216,702,179,25,,394,
2024-01-27T13:57:24,,2024_01_27-13_21,2024_01_27-13_21-5,Buy,600,IFA1/BN/NEMO/EL,2024-01-27T21:00:00,2024-01-27T22:00:00,2024-01-27T13:50:00,45,69,66.55,68.08,600,8101,380,,25,,195,
2024-01-27T13:57:24,,2024_01_27-13_21,2024_01_27-13_21-6,Buy,700,IFA1/BN/NEMO/EL,2024-01-27T22:00:00,2024-01-27T23:00:00,2024-01-27T13:50:00,45,65.48,62.17,64.22,700,8324,382,,25,,293,
2024-01-27T17:27:36,,2024_01_27-16_55,2024_01_27-16_55-1,Buy,500,IFA1/BN/NEMO,2024-01-27T19:00:00,2024-01-27T20:00:00,2024-01-27T17:25:00,55,70.17,68,68.64,500,2175,318,182,,,,
2024-01-27T17:27:36,,2024_01_27-16_55,2024_01_27-16_55-2,Buy,500,IFA1/BN/NEMO,2024-01-27T20:00:00,2024-01-27T21:00:00,2024-01-27T17:25:00,45,67,64,65.3,500,3082,325,77,98,,,
2024-01-27T17:27:36,,2024_01_27-16_55,2024_01_27-16_55-3,Buy,500,IFA1/BN/NEMO,2024-01-27T21:00:00,2024-01-27T22:00:00,2024-01-27T17:25:00,45,67,65,65.84,500,3278,274,128,98,,,
2024-01-28T00:13:02,,2024_01_27-23_32,2024_01_27-23_32-1,Buy,500,IFA1/BN/NEMO/VKL/EL,2024-01-28T08:00:00,2024-01-28T09:00:00,2024-01-28T00:10:00,37,42.99,40.98,41.83,500,5778,,350,100,,,50
2024-01-28T00:13:02,,2024_01_27-23_32,2024_01_27-23_32-2,Buy,500,IFA1/BN/NEMO/VKL/EL,2024-01-28T09:00:00,2024-01-28T10:00:00,2024-01-28T00:10:00,36,42.6,40.8,41.58,500,5372,100,300,50,,,50
2024-01-28T00:13:02,,2024_01_27-23_32,2024_01_27-23_32-3,Buy,500,IFA1/BN/NEMO/VKL/EL,2024-01-28T10:00:00,2024-01-28T11:00:00,2024-01-28T00:10:00,35,38.16,36.53,37.33,500,5271,100,350,50,,,
2024-01-28T00:13:02,,2024_01_27-23_32,2024_01_27-23_32-4,Buy,500,IFA1/BN/NEMO/VKL/EL,2024-01-28T11:00:00,2024-01-28T12:00:00,2024-01-28T00:10:00,34,35,33.11,34.29,500,4550,300,150,50,,,
2024-01-29T13:38:11,Auction Cancelled,2024_01_29-13_21,2024_01_29-13_21-1,Buy,1000,BN/NEMO/VKL,2024-01-29T16:00:00,2024-01-29T17:00:00,2024-01-29T13:55:00,80,,,,,,,,,,,
2024-01-29T13:38:11,Auction Cancelled,2024_01_29-13_21,2024_01_29-13_21-2,Buy,500,IFA1/BN/NEMO/VKL,2024-01-29T17:00:00,2024-01-29T18:00:00,2024-01-29T13:55:00,85,,,,,,,,,,,
2024-01-29T21:21:50,,2024_01_29-20_44,2024_01_29-20_44-1,Sell,500,IFA1/BN/NEMO,2024-01-29T23:00:00,2024-01-30T00:00:00,2024-01-29T21:20:00,74,50.23,53.55,51.93,500,3286,500,,,,,
2024-01-29T21:21:50,,2024_01_29-20_44,2024_01_29-20_44-2,Sell,500,IFA1/BN/NEMO,2024-01-30T00:00:00,2024-01-30T01:00:00,2024-01-29T21:20:00,73,48.52,51.85,50.25,500,3580,500,,,,,
2024-01-30T16:16:50,,2024_01_30-15_42,2024_01_30-15_42-1,Buy,700,IFA1/BN/NEMO,2024-01-30T18:00:00,2024-01-30T19:00:00,2024-01-30T16:10:00,75,89.41,82.38,86.1,700,1223,202,498,,,,
2024-01-30T16:16:50,"Due to French electricity system conditions, NGESO is unable to trade on the interconnectors joining GB and France.",2024_01_30-15_42,2024_01_30-15_42-2,Buy,500,IFA1/BN/NEMO,2024-01-30T19:00:00,2024-01-30T20:00:00,2024-01-30T16:10:00,70,81.35,77.98,79.07,500,1152,100,400,,,,
2024-01-30T18:07:07,,2024_01_30-17_24,2024_01_30-17_24-1,Buy,500,IFA1/BN/NEMO/VKL,2024-01-30T20:00:00,2024-01-30T21:00:00,2024-01-30T17:55:00,60,72.98,70.39,71.77,500,1999,147,215,56,,,82
2024-01-31T10:46:29,,2024_01_31-09_58,2024_01_31-09_58-1,Buy,800,IFA1/BN/NEMO,2024-01-31T15:00:00,2024-01-31T16:00:00,2024-01-31T10:30:00,47,70.14,67.94,69.38,800,11318,800,,,,,
2024-01-31T10:46:29,,2024_01_31-09_58,2024_01_31-09_58-2,Buy,800,IFA1/BN/NEMO/EL,2024-01-31T16:00:00,2024-01-31T17:00:00,2024-01-31T10:30:00,53,79.01,76.03,77.83,800,11858,402,200,,,198,
2024-01-31T10:46:29,,2024_01_31-09_58,2024_01_31-09_58-3,Buy,800,IFA1/BN/NEMO/EL,2024-01-31T17:00:00,2024-01-31T18:00:00,2024-01-31T10:30:00,60,82.8,77.55,81.06,800,12684,485,91,,,224,
2024-01-31T20:18:36,,2024_01_31-19_41,2024_01_31-19_41-1,Sell,400,IFA1/BN/NEMO/VKL,2024-01-31T23:00:00,2024-02-01T00:00:00,2024-01-31T20:15:00,60,42.33,43.3,42.97,400,5198,400,,,,,
2024-01-31T20:18:36,,2024_01_31-19_41,2024_01_31-19_41-2,Sell,300,IFA1/BN/NEMO/VKL,2024-02-01T00:00:00,2024-02-01T01:00:00,2024-01-31T20:15:00,60,38.33,40.11,39.22,300,5252,300,,,,,
2024-01-31T20:18:36,,2024_01_31-19_41,2024_01_31-19_41-3,Sell,700,IFA1/BN/NEMO/VKL,2024-02-01T01:00:00,2024-02-01T02:00:00,2024-01-31T20:15:00,60,34.33,39.15,36.08,700,6079,700,,,,,
2024-01-31T20:18:36,,2024_01_31-19_41,2024_01_31-19_41-4,Sell,1100,IFA1/BN/NEMO/VKL,2024-02-01T02:00:00,2024-02-01T03:00:00,2024-01-31T20:15:00,60,33.23,39.15,34.89,1100,6626,914,36,150,,,
2024-01-31T20:18:36,,2024_01_31-19_41,2024_01_31-19_41-5,Sell,1200,IFA1/BN/NEMO/VKL,2024-02-01T03:00:00,2024-02-01T04:00:00,2024-01-31T20:15:00,60,36.41,42.9,38.09,1200,6521,958,142,100,,,
2024-01-31T20:18:36,,2024_01_31-19_41,2024_01_31-19_41-6,Sell,700,IFA1/BN/NEMO/VKL,2024-02-01T04:00:00,2024-02-01T05:00:00,2024-01-31T20:15:00,60,43.57,49.98,45.87,700,5709,458,142,100,,,
2024-01-31T20:18:36,,2024_01_31-19_41,2024_01_31-19_41-7,Sell,750,IFA1/BN/NEMO/VKL/EL,2024-02-01T05:00:00,2024-02-01T06:00:00,2024-01-31T20:15:00,80,56.05,60.99,57.95,750,6484,140,110,400,,100,
2024-02-01T13:56:38,,2024_02_01-13_21,2024_02_01-13_21-1,Buy,500,IFA1/BN/NEMO,2024-02-01T18:00:00,2024-02-01T19:00:00,2024-02-01T13:45:00,72,84.58,80.98,83.29,500,3440,254,246,,,,
2024-02-01T13:56:38,,2024_02_01-13_21,2024_02_01-13_21-2,Buy,450,IFA1/BN/NEMO/EL,2024-02-01T19:00:00,2024-02-01T20:00:00,2024-02-01T13:45:00,67,80.95,76.5,78.8,450,6111,50,400,,,,
2024-02-01T13:56:38,,2024_02_01-13_21,2024_02_01-13_21-3,Buy,200,IFA1/BN/NEMO/EL,2024-02-01T20:00:00,2024-02-01T21:00:00,2024-02-01T13:45:00,60,69.25,67.98,68.87,200,3725,200,,,,,
2024-02-02T11:19:15,,2024_02_02-10_30,2024_02_02-10_30-1,Buy,700,IFA1/BN/NEMO,2024-02-02T15:00:00,2024-02-02T16:00:00,2024-02-02T11:10:00,45,66.91,45,55.44,700,4776,332,319,49,,,
2024-02-02T11:19:15,,2024_02_02-10_30,2024_02_02-10_30-2,Buy,700,IFA1/BN/NEMO,2024-02-02T16:00:00,2024-02-02T17:00:00,2024-02-02T11:10:00,55,74.25,58,71.52,700,3840,,687,13,,,
2024-02-02T11:19:15,,2024_02_02-10_30,2024_02_02-10_30-3,Buy,700,IFA1/BN/EL,2024-02-02T17:00:00,2024-02-02T18:00:00,2024-02-02T11:10:00,60,73.35,66,69.45,700,5055,285,367,,,48,
2024-02-02T11:19:15,,2024_02_02-10_30,2024_02_02-10_30-4,Buy,700,IFA1/BN/EL,2024-02-02T18:00:00,2024-02-02T19:00:00,2024-02-02T11:10:00,60,69.9,46.61,61.76,700,4824,284,416,,,,
2024-02-02T11:19:15,,2024_02_02-10_30,2024_02_02-10_30-5,Buy,700,IFA1/BN/EL,2024-02-02T19:00:00,2024-02-02T20:00:00,2024-02-02T11:10:00,55,69.99,64,67.47,700,4908,384,316,,,,
2024-02-02T11:19:15,,2024_02_02-10_30,2024_02_02-10_30-6,Buy,700,IFA1/BN/NEMO/EL,2024-02-02T20:00:00,2024-02-02T21:00:00,2024-02-02T11:10:00,45,61.25,56,58.54,700,5422,305,345,50,,,
2024-02-02T20:26:48,,2024_02_02-19_46,2024_02_02-19_46-1,Sell,300,BN/IFA1/NEMO/VKL,2024-02-02T23:00:00,2024-02-03T00:00:00,2024-02-02T20:20:00,40,24.19,25.37,24.89,300,4197,50,194,56,,,
2024-02-02T20:26:48,,2024_02_02-19_46,2024_02_02-19_46-2,Sell,1000,BN/IFA1/NEMO/VKL,2024-02-03T02:00:00,2024-02-03T03:00:00,2024-02-02T20:20:00,25,4.32,14.19,9.67,1000,6674,977,23,,,,
2024-02-02T20:26:48,,2024_02_02-19_46,2024_02_02-19_46-3,Sell,2100,BN/IFA1/NEMO/VKL,2024-02-03T03:00:00,2024-02-03T04:00:00,2024-02-02T20:20:00,25,-0.89,10.85,3.32,2100,7321,1079,468,251,,,302
2024-02-02T20:26:48,,2024_02_02-19_46,2024_02_02-19_46-4,Sell,1300,BN/IFA1/NEMO/VKL,2024-02-03T04:00:00,2024-02-03T05:00:00,2024-02-02T20:20:00,25,2,10.85,5.73,1300,6097,894,396,10,,,
2024-02-02T20:26:48,,2024_02_02-19_46,2024_02_02-19_46-5,Sell,700,BN/IFA1/NEMO/EL/VKL,2024-02-03T05:00:00,2024-02-03T06:00:00,2024-02-02T20:20:00,30,12.46,18.36,15.62,700,5249,499,,,,201,
2024-02-02T23:42:34,,2024_02_02-22_47,2024_02_02-22_47-1,Buy,300,IFA1/BN/NEMO/EL,2024-02-03T08:00:00,2024-02-03T09:00:00,2024-02-02T23:30:00,30,56.3,52.91,54.67,300,4247,,275,25,,,
2024-02-03T22:49:05,,2024_02_03-22_15,2024_02_03-22_15-1,Sell,300,IFA1/BN/NEMO/VKL,2024-02-04T03:00:00,2024-02-04T04:00:00,2024-02-03T22:45:00,5,2.59,3.84,3.22,300,3133,300,,,,,
2024-02-03T22:49:05,,2024_02_03-22_15,2024_02_03-22_15-2,Sell,100,IFA1/BN/NEMO/VKL,2024-02-04T04:00:00,2024-02-04T05:00:00,2024-02-03T22:45:00,5,5.55,5.55,5.55,100,1580,100,,,,,
2024-02-03T22:49:05,,2024_02_03-22_15,2024_02_03-22_15-3,Sell,550,IFA1/BN/NEMO/VKL/EL,2024-02-04T05:00:00,2024-02-04T06:00:00,2024-02-03T22:45:00,5,3.31,6.4,4.84,550,4899,550,,,,,
2024-02-03T22:49:05,,2024_02_03-22_15,2024_02_03-22_15-4,Sell,400,IFA1/BN/NEMO/VKL/EL,2024-02-04T06:00:00,2024-02-04T07:00:00,2024-02-03T22:45:00,10,9,10.7,9.7,400,4226,335,,65,,,
2024-02-03T22:49:05,,2024_02_03-22_15,2024_02_03-22_15-5,Sell,600,IFA1/BN/NEMO/VKL/EL,2024-02-04T07:00:00,2024-02-04T08:00:00,2024-02-03T22:45:00,15,14,15.35,14.37,600,7047,315,,85,,200,
2024-02-04T00:54:25,,2024_02_04-00_07,2024_02_04-00_07-1,Sell,200,IFA1/BN/VKL/NEMO,2024-02-04T03:00:00,2024-02-04T04:00:00,2024-02-04T00:50:00,5,0.42,1.39,1.08,200,2687,200,,,,,
2024-02-04T00:54:25,,2024_02_04-00_07,2024_02_04-00_07-2,Sell,400,IFA1/BN/VKL/NEMO,2024-02-04T04:00:00,2024-02-04T05:00:00,2024-02-04T00:50:00,5,0,2.09,1.18,400,3504,281,119,,,,
2024-02-04T00:54:25,,2024_02_04-00_07,2024_02_04-00_07-3,Sell,250,IFA1/BN/VKL/EL,2024-02-04T05:00:00,2024-02-04T06:00:00,2024-02-04T00:50:00,5,0.83,2.38,1.77,250,2626,176,,,,74,
2024-02-04T00:54:25,,2024_02_04-00_07,2024_02_04-00_07-4,Sell,200,IFA1/BN/VKL/EL,2024-02-04T06:00:00,2024-02-04T07:00:00,2024-02-04T00:50:00,10,4.17,7,5.64,200,2259,75,,,,125,
2024-02-04T00:54:25,,2024_02_04-00_07,2024_02_04-00_07-5,Sell,100,IFA1/BN/VKL/NEMO/EL,2024-02-04T07:00:00,2024-02-04T08:00:00,2024-02-04T00:50:00,15,15.02,15.22,15.17,100,2226,100,,,,,
2024-02-04T00:54:25,,2024_02_04-00_07,2024_02_04-00_07-6,Sell,1200,IFA1/BN/VKL/NEMO/EL,2024-02-04T08:00:00,2024-02-04T09:00:00,2024-02-04T00:50:00,25,16.69,20,17.71,1200,10117,880,60,60,,200,
2024-02-04T00:54:25,,2024_02_04-00_07,2024_02_04-00_07-7,Sell,1100,IFA1/BN/VKL/NEMO/EL,2024-02-04T09:00:00,2024-02-04T10:00:00,2024-02-04T00:50:00,35,21.7,26,23.52,1100,10264,728,,,,372,
2024-02-04T00:54:25,,2024_02_04-00_07,2024_02_04-00_07-8,Sell,1100,IFA1/BN/VKL/NEMO/EL,2024-02-04T10:00:00,2024-02-04T11:00:00,2024-02-04T00:50:00,40,14,17.42,15.53,1100,10297,819,,,,281,
2024-02-04T00:54:25,,2024_02_04-00_07,2024_02_04-00_07-9,Sell,1100,IFA1/BN/VKL/NEMO/EL,2024-02-04T11:00:00,2024-02-04T12:00:00,2024-02-04T00:50:00,50,10.79,14.39,12.05,1100,10318,903,,60,,137,
2024-02-04T20:33:24,,2024_02_04-19_58,2024_02_04-19_58-1,Sell,2000,IFA1/BN/NEMO,2024-02-04T23:00:00,2024-02-05T00:00:00,2024-02-04T20:30:00,35,-3.44,6.4,0.55,2000,7840,1073,75,852,,,
2024-02-04T20:33:24,,2024_02_04-19_58,2024_02_04-19_58-2,Sell,2000,IFA1/BN/NEMO,2024-02-05T00:00:00,2024-02-05T01:00:00,2024-02-04T20:30:00,30,-3.29,14,2.27,2000,8080,1037,,963,,,
2024-02-04T20:33:24,,2024_02_04-19_58,2024_02_04-19_58-3,Sell,2000,IFA1/BN/NEMO,2024-02-05T01:00:00,2024-02-05T02:00:00,2024-02-04T20:30:00,30,-5.12,6,-1.2,2000,7769,1115,173,712,,,
2024-02-05T00:05:14,,2024_02_04-23_32,2024_02_04-23_32-1,Sell,1500,IFA1/BN,2024-02-05T02:00:00,2024-02-05T03:00:00,2024-02-05T00:01:00,25,-6.75,2.09,-3.45,1500,3071,1091,409,,,,
2024-02-05T00:05:14,,2024_02_04-23_32,2024_02_04-23_32-2,Sell,1500,IFA1/BN,2024-02-05T03:00:00,2024-02-05T04:00:00,2024-02-05T00:01:00,25,-7.7,0,-4,1500,2702,918,582,,,,
2024-02-05T00:05:14,,2024_02_04-23_32,2024_02_04-23_32-3,Sell,1500,IFA1/BN,2024-02-05T04:00:00,2024-02-05T05:00:00,2024-02-05T00:01:00,30,-1.71,49.63,8.11,1500,2747,830,670,,,,
2024-02-05T00:05:14,,2024_02_04-23_32,2024_02_04-23_32-4,Sell,1500,IFA1/BN/EL,2024-02-05T05:00:00,2024-02-05T06:00:00,2024-02-05T00:01:00,55,22.91,29.21,26.24,1500,2502,504,646,,,350,
2024-02-05T10:09:57,,2024_02_05-09_37,2024_02_05-09_37-1,Sell,150,IFA1,2024-02-05T12:00:00,2024-02-05T13:00:00,2024-02-05T10:05:00,90,51.29,51.29,51.29,150,1094,150,,,,,
2024-02-05T10:09:57,,2024_02_05-09_37,2024_02_05-09_37-2,Sell,150,IFA1,2024-02-05T13:00:00,2024-02-05T14:00:00,2024-02-05T10:05:00,85,53.85,54.26,54.12,150,1094,150,,,,,
2024-02-05T20:49:33,,2024_02_05-20_13,2024_02_05-20_13-1,Sell,700,IFA1/BN/NEMO,2024-02-05T23:00:00,2024-02-06T00:00:00,2024-02-05T20:45:00,35,27.92,30.61,28.9,700,5886,700,,,,,
2024-02-05T20:49:33,,2024_02_05-20_13,2024_02_05-20_13-2,Sell,1400,IFA1/BN/NEMO,2024-02-06T00:00:00,2024-02-06T01:00:00,2024-02-05T20:45:00,30,20.23,23.45,21.82,1400,7158,1072,203,125,,,
2024-02-05T20:49:33,,2024_02_05-20_13,2024_02_05-20_13-3,Sell,1600,IFA1/BN/NEMO,2024-02-06T01:00:00,2024-02-06T02:00:00,2024-02-05T20:45:00,25,8.6,15.08,11.29,1600,8073,1450,50,100,,,
2024-02-05T20:49:33,,2024_02_05-20_13,2024_02_05-20_13-4,Sell,1900,IFA1/BN/NEMO,2024-02-06T02:00:00,2024-02-06T03:00:00,2024-02-05T20:45:00,20,3.51,8.38,5.45,1900,8295,1475,187,238,,,
2024-02-05T20:49:33,,2024_02_05-20_13,2024_02_05-20_13-5,Sell,2000,IFA1/BN/NEMO,2024-02-06T03:00:00,2024-02-06T04:00:00,2024-02-05T20:45:00,20,0.83,5.55,2.75,2000,7590,1288,437,275,,,
2024-02-05T20:49:33,,2024_02_05-20_13,2024_02_05-20_13-6,Sell,1400,IFA1/BN/NEMO,2024-02-06T04:00:00,2024-02-06T05:00:00,2024-02-05T20:45:00,30,15.93,20.52,17.57,1400,6406,791,252,357,,,
2024-02-05T20:49:33,,2024_02_05-20_13,2024_02_05-20_13-7,Sell,400,IFA1/BN/NEMO/EL,2024-02-06T05:00:00,2024-02-06T06:00:00,2024-02-05T20:45:00,45,42.62,45.25,43.29,400,4415,201,,125,,74,
2024-02-07T13:04:32,,2024_02_07-12_28,2024_02_07-12_28-1,Buy,1800,BN/NEMO,2024-02-07T16:00:00,2024-02-07T17:00:00,2024-02-07T12:55:00,70,110.45,104,108.46,1800,9445,,1800,,,,
2024-02-07T13:04:32,,2024_02_07-12_28,2024_02_07-12_28-2,Buy,1400,BN/NEMO,2024-02-07T17:00:00,2024-02-07T18:00:00,2024-02-07T12:55:00,80,121.39,115.2,119.15,1400,9750,,1400,,,,
2024-02-08T02:14:37,,2024_02_08-01_29,2024_02_08-01_29-1,Buy,600,NEMO/BN,2024-02-08T07:00:00,2024-02-08T08:00:00,2024-02-08T02:00:00,60,114,109.56,111.9,600,8015,,,600,,,
2024-02-08T03:28:36,,2024_02_08-02_56,2024_02_08-02_56-1,Buy,300,BN/NEMO,2024-02-08T07:00:00,2024-02-08T08:00:00,2024-02-08T03:20:00,60,113.96,102.46,110.59,300,2766,,59,241,,,
2024-02-08T03:28:36,,2024_02_08-02_56,2024_02_08-02_56-2,Buy,900,BN/NEMO,2024-02-08T08:00:00,2024-02-08T09:00:00,2024-02-08T03:20:00,60,99.79,93.94,97.3,900,5445,,802,98,,,
2024-02-09T01:04:17,,2024_02_09-00_34,2024_02_09-00_34-1,Buy,600,BN/NEMO/VKL,2024-02-09T06:00:00,2024-02-09T07:00:00,2024-02-09T01:00:00,42,71.98,63.76,67.48,600,2224,,,50,,,550
2024-02-09T01:04:17,,2024_02_09-00_34,2024_02_09-00_34-2,Buy,600,BN/NEMO/VKL,2024-02-09T07:00:00,2024-02-09T08:00:00,2024-02-09T01:00:00,46,67.75,62.59,65.1,600,4182,,,25,,,575
2024-02-09T13:15:30,,2024_02_09-12_27,2024_02_09-12_27-1,Buy,330,BN/VKL,2024-02-09T15:00:00,2024-02-09T16:00:00,2024-02-09T13:00:00,50,74,72.49,73.53,330,5949,,42,,,,288
2024-02-09T13:15:30,,2024_02_09-12_27,2024_02_09-12_27-2,Buy,330,BN/VKL,2024-02-09T16:00:00,2024-02-09T17:00:00,2024-02-09T13:00:00,50,80.6,78.62,79.13,330,6162,,,,,,330
2024-02-09T13:15:30,,2024_02_09-12_27,2024_02_09-12_27-3,Buy,330,BN/VKL/NEMO,2024-02-09T17:00:00,2024-02-09T18:00:00,2024-02-09T13:00:00,50,81.4,75.99,79.6,330,6216,,,,,,330
2024-02-12T13:50:05,"Due to French electricity system conditions, NGESO is unable to trade on the interconnectors joining GB and France.",2024_02_12-13_20,2024_02_12-13_20-1,Buy,1100,BN/NEMO/IFA1,2024-02-12T17:00:00,2024-02-12T18:00:00,2024-02-12T13:45:00,65,105.43,92.54,99.3,1100,4794,500,600,,,,
2024-02-12T13:50:05,,2024_02_12-13_20,2024_02_12-13_20-2,Buy,500,BN/NEMO/IFA1,2024-02-12T18:00:00,2024-02-12T19:00:00,2024-02-12T13:45:00,65,87.79,83.73,85.9,500,4483,146,256,98,,,
2024-02-12T17:10:15,,2024_02_12-16_40,2024_02_12-16_40-1,Buy,200,BN/VKL/IFA1/NEMO,2024-02-12T19:00:00,2024-02-12T20:00:00,2024-02-12T17:05:00,60,80.69,78.85,80.15,200,3131,200,,,,,
2024-02-14T20:06:07,,2024_02_14-19_28,2024_02_14-19_28-1,Sell,200,IFA1/NEMO,2024-02-14T23:00:00,2024-02-15T00:00:00,2024-02-14T20:00:00,70,47.34,49,48.35,200,3704,100,,100,,,
2024-02-14T20:06:07,,2024_02_14-19_28,2024_02_14-19_28-2,Sell,200,IFA1/NEMO,2024-02-15T00:00:00,2024-02-15T01:00:00,2024-02-14T20:00:00,70,41.69,44,43.05,200,2281,50,,150,,,
2024-02-14T20:06:07,,2024_02_14-19_28,2024_02_14-19_28-3,Sell,200,IFA1/NEMO,2024-02-15T01:00:00,2024-02-15T02:00:00,2024-02-14T20:00:00,70,38.82,42,40.86,200,3616,50,,150,,,
2024-02-14T20:06:07,,2024_02_14-19_28,2024_02_14-19_28-4,Sell,200,IFA1/NEMO,2024-02-15T02:00:00,2024-02-15T03:00:00,2024-02-14T20:00:00,70,33.28,38,36.77,200,3594,50,,150,,,
2024-02-14T20:06:07,,2024_02_14-19_28,2024_02_14-19_28-5,Sell,200,IFA1/NEMO,2024-02-15T03:00:00,2024-02-15T04:00:00,2024-02-14T20:00:00,70,33,37,35,200,3573,,,200,,,
2024-02-14T20:06:07,,2024_02_14-19_28,2024_02_14-19_28-6,Sell,200,IFA1/NEMO,2024-02-15T04:00:00,2024-02-15T05:00:00,2024-02-14T20:00:00,70,29.85,33.29,31.68,200,3198,150,,50,,,
2024-02-14T20:06:07,,2024_02_14-19_28,2024_02_14-19_28-7,Sell,500,IFA1/BN/NEMO/VKL,2024-02-14T23:00:00,2024-02-15T00:00:00,2024-02-14T20:00:00,70,43.7,46.54,44.86,500,5792,301,,150,,,49
2024-02-14T20:06:07,,2024_02_14-19_28,2024_02_14-19_28-8,Sell,500,IFA1/BN/NEMO/VKL,2024-02-15T01:00:00,2024-02-15T02:00:00,2024-02-14T20:00:00,70,39.89,42.77,41.09,500,5389,0,,0,,,500
2024-02-14T20:06:07,,2024_02_14-19_28,2024_02_14-19_28-9,Sell,500,IFA1/BN/NEMO/VKL,2024-02-15T02:00:00,2024-02-15T03:00:00,2024-02-14T20:00:00,70,38.88,41.06,40.05,500,5546,0,,0,,,500
2024-02-14T20:06:07,,2024_02_14-19_28,2024_02_14-19_28-10,Sell,500,IFA1/BN/NEMO/VKL,2024-02-15T03:00:00,2024-02-15T04:00:00,2024-02-14T20:00:00,70,37.42,41.46,39.83,500,4920,,23,0,,,477
2024-02-14T20:06:07,,2024_02_14-19_28,2024_02_14-19_28-11,Sell,300,IFA1/BN/NEMO/VKL,2024-02-15T04:00:00,2024-02-15T05:00:00,2024-02-14T20:00:00,70,40.76,44,42.59,300,4279,0,74,0,,,226
2024-02-14T23:32:24,,2024_02_14-23_05,2024_02_14-23_05-1,Sell,500,IFA1/BN/VKL,2024-02-15T01:00:00,2024-02-15T02:00:00,2024-02-14T23:30:00,70,41.93,44.9,43.3,500,3597,,281,,,,219
2024-02-14T23:32:24,,2024_02_14-23_05,2024_02_14-23_05-2,Sell,500,IFA1/BN/VKL,2024-02-15T02:00:00,2024-02-15T03:00:00,2024-02-14T23:30:00,70,40.58,44.05,42.45,500,3647,,254,,,,246
2024-02-14T23:32:24,,2024_02_14-23_05,2024_02_14-23_05-3,Sell,500,IFA1/BN/VKL,2024-02-15T03:00:00,2024-02-15T04:00:00,2024-02-14T23:30:00,70,39.65,44.9,42.34,500,3353,,405,,,,95
2024-02-14T23:32:24,,2024_02_14-23_05,2024_02_14-23_05-4,Sell,500,IFA1/BN/VKL,2024-02-15T04:00:00,2024-02-15T05:00:00,2024-02-14T23:30:00,70,39.75,47.4,44.16,500,3088,,400,,,,100
2024-02-15T20:15:02,,2024_02_15-19_40,2024_02_15-19_40-1,Sell,400,IFA1/BN/VKL,2024-02-16T01:00:00,2024-02-16T02:00:00,2024-02-15T20:10:00,70,39.91,41.92,41.04,400,4350,124,151,,,,125
2024-02-15T20:15:02,,2024_02_15-19_40,2024_02_15-19_40-2,Sell,700,IFA1/BN/VKL,2024-02-16T02:00:00,2024-02-16T03:00:00,2024-02-15T20:10:00,70,38.53,41.47,39.93,700,4599,21,327,,,,352
2024-02-15T20:15:02,,2024_02_15-19_40,2024_02_15-19_40-3,Sell,700,IFA1/BN/VKL,2024-02-16T03:00:00,2024-02-16T04:00:00,2024-02-15T20:10:00,65,37.08,42.32,39.36,700,4617,,330,,,,370
2024-02-15T20:15:02,,2024_02_15-19_40,2024_02_15-19_40-4,Sell,900,IFA1/BN/VKL,2024-02-16T04:00:00,2024-02-16T05:00:00,2024-02-15T20:10:00,65,41.46,44.88,43.09,900,4500,,547,,,,353
2024-02-15T20:15:02,,2024_02_15-19_40,2024_02_15-19_40-5,Sell,700,IFA1/BN/EL/VKL,2024-02-16T05:00:00,2024-02-16T06:00:00,2024-02-15T20:10:00,70,44,50,47.11,700,4631,,600,,,,100
2024-02-17T00:35:20,,2024_02_17-00_01,2024_02_17-00_01-1,Sell,600,IFA1/BN/NEMO/VKL,2024-02-17T03:00:00,2024-02-17T04:00:00,2024-02-17T00:30:00,70,43.07,45.46,44.28,600,4602,,425,175,,,
2024-02-17T00:35:20,,2024_02_17-00_01,2024_02_17-00_01-2,Sell,1400,IFA1/BN/NEMO/VKL,2024-02-17T04:00:00,2024-02-17T05:00:00,2024-02-17T00:30:00,70,41.9,45.93,43.48,1400,5176,193,830,302,,,75
2024-02-17T14:26:18,,2024_02_17-13_49,2024_02_17-13_49-1,Buy,500,BN/VKL/IFA1,2024-02-17T17:00:00,2024-02-17T18:00:00,2024-02-17T14:20:00,55,80.47,60.8,69.14,500,2585,320,155,,,,25
2024-02-17T14:26:18,,2024_02_17-13_49,2024_02_17-13_49-2,Buy,600,BN/VKL/IFA1,2024-02-17T18:00:00,2024-02-17T19:00:00,2024-02-17T14:20:00,55,68.69,66.26,67.66,600,3158,500,100,,,,
2024-02-17T20:42:03,,2024_02_17-20_01,2024_02_17-20_01-1,Sell,1500,IFA1/BN/NEMO/VKL,2024-02-17T23:00:00,2024-02-18T00:00:00,2024-02-17T20:40:00,68,39.82,46,42.04,1500,8246,858,442,200,,,
2024-02-17T20:42:03,,2024_02_17-20_01,2024_02_17-20_01-2,Sell,2200,IFA1/BN/NEMO/VKL,2024-02-18T00:00:00,2024-02-18T01:00:00,2024-02-17T20:40:00,65,37.33,45.03,39.51,2200,8488,995,854,351,,,
2024-02-17T20:42:03,,2024_02_17-20_01,2024_02_17-20_01-3,Sell,2100,IFA1/BN/NEMO/VKL,2024-02-18T01:00:00,2024-02-18T02:00:00,2024-02-17T20:40:00,60,31.8,38.06,34.25,2100,8383,1462,455,183,,,
2024-02-17T23:37:38,,2024_02_17-22_48,2024_02_17-22_48-1,Sell,3000,IFA1/BN/NEMO/VKL,2024-02-18T02:00:00,2024-02-18T03:00:00,2024-02-17T23:35:00,56,7.47,29.37,17.69,3000,4947,1550,402,1048,,,
2024-02-17T23:37:38,,2024_02_17-22_48,2024_02_17-22_48-2,Sell,2900,IFA1/BN/NEMO/VKL,2024-02-18T03:00:00,2024-02-18T04:00:00,2024-02-17T23:35:00,55,18.79,30.16,22.33,2900,5108,1725,202,973,,,
2024-02-17T23:37:38,,2024_02_17-22_48,2024_02_17-22_48-3,Sell,3100,IFA1/BN/NEMO/VKL,2024-02-18T04:00:00,2024-02-18T05:00:00,2024-02-17T23:35:00,55,20.76,31.83,24.5,3100,4468,1687,571,842,,,
2024-02-17T23:37:38,,2024_02_17-22_48,2024_02_17-22_48-4,Sell,2700,IFA1/BN/NEMO/EL/VKL,2024-02-18T05:00:00,2024-02-18T06:00:00,2024-02-17T23:35:00,56,20.9,30.99,24.39,2700,7674,1120,387,600,,593,
2024-02-17T23:37:38,,2024_02_17-22_48,2024_02_17-22_48-5,Sell,2700,IFA1/BN/NEMO/EL/VKL,2024-02-18T06:00:00,2024-02-18T07:00:00,2024-02-17T23:35:00,60,21.77,30.99,25.31,2700,7650,1160,461,600,,479,
2024-02-17T23:37:38,,2024_02_17-22_48,2024_02_17-22_48-6,Sell,2000,IFA1/BN/NEMO/EL/VKL,2024-02-18T07:00:00,2024-02-18T08:00:00,2024-02-17T23:35:00,60,26.5,33.5,28.84,2000,10482,990,225,500,,285,
2024-02-18T22:18:57,"Due to French electricity system conditions, NGESO is unable to trade on the interconnectors joining GB and France. For more information, see this link to French margin graph: https://www.services-rte.com/en/view-data-published-by-rte/balancing-capacities.html#:~:text=RTE%20proposes%20on%20this%20web,best%20hypothesis%20at%20our%20disposal",2024_02_18-21_13,2024_02_18-21_13-1,Sell,2600,IFA1/BN/NEMO/VKL,2024-02-19T00:00:00,2024-02-19T01:00:00,2024-02-18T21:50:00,48,9.03,18.1,15.06,2600,8634,1000,631,521,,,448
2024-02-18T22:18:57,"Due to French electricity system conditions, NGESO is unable to trade on the interconnectors joining GB and France. For more information, see this link to French margin graph: https://www.services-rte.com/en/view-data-published-by-rte/balancing-capacities.html#:~:text=RTE%20proposes%20on%20this%20web,best%20hypothesis%20at%20our%20disposal",2024_02_18-21_13,2024_02_18-21_13-2,Sell,2800,IFA1/BN/NEMO/VKL,2024-02-19T01:00:00,2024-02-19T02:00:00,2024-02-18T21:50:00,43,9.23,17.98,13.22,2800,8351,1000,834,566,,,400
2024-02-18T23:44:34,,2024_02_18-22_31,2024_02_18-22_31-1,Sell,3800,IFA1/BN/NEMO/VKL,2024-02-19T02:00:00,2024-02-19T03:00:00,2024-02-18T23:25:00,48,1.01,12.56,4.78,3800,8179,1955,784,661,,,400
2024-02-18T23:44:34,"Due to French electricity system conditions, NGESO is unable to trade on the interconnectors joining GB and France. For more information, see this link to French margin graph: https://www.services-rte.com/en/view-data-published-by-rte/balancing-capacities.html#:~:text=RTE%20proposes%20on%20this%20web,best%20hypothesis%20at%20our%20disposal",2024_02_18-22_31,2024_02_18-22_31-2,Sell,4000,IFA1/BN/NEMO/VKL,2024-02-19T03:00:00,2024-02-19T04:00:00,2024-02-18T23:25:00,48,7.19,18.43,10.86,4000,7724,2000,1084,516,,,400
2024-02-18T23:44:34,"Due to French electricity system conditions, NGESO is unable to trade on the interconnectors joining GB and France. For more information, see this link to French margin graph: https://www.services-rte.com/en/view-data-published-by-rte/balancing-capacities.html#:~:text=RTE%20proposes%20on%20this%20web,best%20hypothesis%20at%20our%20disposal",2024_02_18-22_31,2024_02_18-22_31-3,Sell,4100,IFA1/BN/NEMO/VKL,2024-02-19T04:00:00,2024-02-19T05:00:00,2024-02-18T23:25:00,50,11.22,21.78,16.38,4100,6864,2000,1016,511,,,573
2024-02-18T23:44:34,,2024_02_18-22_31,2024_02_18-22_31-4,Sell,3300,IFA1/BN/NEMO/VKL/EL,2024-02-19T05:00:00,2024-02-19T06:00:00,2024-02-18T23:25:00,60,32.4,37.69,34.83,3300,8360,953,691,1104,,52,500
2024-02-18T23:44:34,,2024_02_18-22_31,2024_02_18-22_31-5,Sell,1000,IFA1/BN/NEMO/VKL/EL,2024-02-19T06:00:00,2024-02-19T07:00:00,2024-02-18T23:25:00,70,50.25,52.78,51.55,1000,8144,498,200,302,,,
2024-02-20T20:45:54,,2024_02_20-19_48,2024_02_20-19_48-1,Sell,1200,IFA1/BN/NEMO/VKL,2024-02-20T23:00:00,2024-02-21T00:00:00,2024-02-20T20:35:00,75,37.52,41.97,39.36,1200,8419,1150,,50,,,
2024-02-20T20:45:54,,2024_02_20-19_48,2024_02_20-19_48-2,Sell,1700,IFA1/BN/NEMO/VKL,2024-02-21T00:00:00,2024-02-21T01:00:00,2024-02-20T20:35:00,70,31.69,38.57,34.2,1700,9103,1475,,225,,,
2024-02-20T20:45:54,,2024_02_20-19_48,2024_02_20-19_48-3,Sell,3200,IFA1/BN/NEMO/VKL,2024-02-21T01:00:00,2024-02-21T02:00:00,2024-02-20T20:35:00,65,23.69,35.22,28.49,3200,9221,1683,516,801,,,200
2024-02-20T20:45:54,,2024_02_20-19_48,2024_02_20-19_48-4,Sell,4000,IFA1/BN/NEMO/VKL,2024-02-21T02:00:00,2024-02-21T03:00:00,2024-02-20T20:35:00,60,18.45,51.1,24.57,4000,9890,1911,848,841,,,400
2024-02-20T20:45:54,,2024_02_20-19_48,2024_02_20-19_48-5,Sell,3500,IFA1/BN/NEMO/VKL,2024-02-21T03:00:00,2024-02-21T04:00:00,2024-02-20T20:35:00,55,19.81,30.41,24.38,3500,9304,1789,805,716,,,190
2024-02-20T20:45:54,,2024_02_20-19_48,2024_02_20-19_48-6,Sell,3000,IFA1/BN/NEMO/VKL,2024-02-21T04:00:00,2024-02-21T05:00:00,2024-02-20T20:35:00,60,-18.23,35.22,24.06,2212,5692,866,336,450,,,560
2024-02-20T20:45:54,,2024_02_20-19_48,2024_02_20-19_48-7,Sell,2000,IFA1/BN/NEMO/VKL/EL,2024-02-21T05:00:00,2024-02-21T06:00:00,2024-02-20T20:35:00,65,-16.75,42.23,28.4,1721,3285,563,294,400,,,464
2024-02-21T09:13:12,,2024_02_21-08_46,2024_02_21-08_46-1,Sell,250,IFA1,2024-02-21T11:00:00,2024-02-21T12:00:00,2024-02-21T09:10:00,60,37.61,41.5,38.79,250,2002,250,,,,,
2024-02-21T09:13:12,,2024_02_21-08_46,2024_02_21-08_46-2,Sell,250,IFA1,2024-02-21T12:00:00,2024-02-21T13:00:00,2024-02-21T09:10:00,60,35.93,39.5,37.04,250,2027,250,,,,,
2024-02-21T11:52:17,,2024_02_21-11_13,2024_02_21-11_13-1,Sell,300,IFA1,2024-02-21T15:00:00,2024-02-21T16:00:00,2024-02-21T11:45:00,60,31.17,32.57,32.03,300,3940,300,,,,,
2024-02-21T11:52:17,,2024_02_21-11_13,2024_02_21-11_13-2,Sell,250,IFA1/EL,2024-02-21T16:00:00,2024-02-21T17:00:00,2024-02-21T11:45:00,65,35.16,36,35.4,250,3340,250,,,,,
2024-02-21T11:52:17,,2024_02_21-11_13,2024_02_21-11_13-3,Sell,200,IFA1/EL,2024-02-21T17:00:00,2024-02-21T18:00:00,2024-02-21T11:45:00,70,42.74,44.56,43.49,200,3039,200,,,,,
2024-02-21T11:52:17,,2024_02_21-11_13,2024_02_21-11_13-4,Sell,200,IFA1/EL,2024-02-21T18:00:00,2024-02-21T19:00:00,2024-02-21T11:45:00,80,42,43.7,42.66,200,3039,200,,,,,
2024-02-21T11:52:17,,2024_02_21-11_13,2024_02_21-11_13-5,Sell,150,IFA1/EL,2024-02-21T19:00:00,2024-02-21T20:00:00,2024-02-21T11:45:00,80,36,36.27,36.09,150,2389,150,,,,,
2024-02-21T11:52:17,,2024_02_21-11_13,2024_02_21-11_13-6,Sell,100,IFA1/EL,2024-02-21T20:00:00,2024-02-21T21:00:00,2024-02-21T11:45:00,70,29.35,30,29.68,100,1715,100,,,,,
2024-02-21T21:25:57,,2024_02_21-20_49,2024_02_21-20_49-1,Sell,1400,IFA1/BN/NEMO/IFA2/VKL,2024-02-21T23:00:00,2024-02-22T00:00:00,2024-02-21T21:20:00,40,23.4,26.54,24.16,1400,8024,900,250,150,,,100
2024-02-21T21:25:57,,2024_02_21-20_49,2024_02_21-20_49-2,Sell,1400,IFA1/BN/NEMO/IFA2/VKL,2024-02-22T00:00:00,2024-02-22T01:00:00,2024-02-21T21:20:00,40,21.18,23.97,22.13,1400,8228,1002,298,100,,,
2024-02-21T21:25:57,,2024_02_21-20_49,2024_02_21-20_49-3,Sell,1000,IFA1/BN/NEMO/IFA2/VKL,2024-02-22T01:00:00,2024-02-22T02:00:00,2024-02-21T21:20:00,35,22.43,25.69,23.24,1000,7952,600,300,100,,,
2024-02-21T21:25:57,,2024_02_21-20_49,2024_02_21-20_49-4,Sell,400,IFA1/BN/NEMO/IFA2/VKL,2024-02-22T02:00:00,2024-02-22T03:00:00,2024-02-21T21:20:00,35,23.26,26.54,24.68,400,6861,10,300,90,,,
2024-02-21T21:25:57,,2024_02_21-20_49,2024_02_21-20_49-5,Sell,300,IFA1/BN/NEMO/IFA2/VKL,2024-02-22T03:00:00,2024-02-22T04:00:00,2024-02-21T21:20:00,40,25.97,27.22,26.6,300,5628,,48,,,,252
2024-02-21T21:25:57,,2024_02_21-20_49,2024_02_21-20_49-6,Sell,400,IFA1/BN/NEMO/IFA2/VKL,2024-02-22T04:00:00,2024-02-22T05:00:00,2024-02-21T21:20:00,45,34.64,37.24,36.75,400,5530,,304,,,,96
2024-02-21T21:25:57,,2024_02_21-20_49,2024_02_21-20_49-7,Sell,150,IFA1/BN/NEMO/IFA2/VKL/EL,2024-02-22T05:00:00,2024-02-22T06:00:00,2024-02-21T21:20:00,60,48.24,48.66,48.52,150,4069,,,,,,150
2024-02-22T21:02:55,,2024_02_22-20_21,2024_02_22-20_21-1,Sell,500,IFA1/IFA2/BN/NEMO/VKL,2024-02-22T23:00:00,2024-02-23T00:00:00,2024-02-22T20:55:00,55,4.19,5.99,5.08,500,7999,500,,,,,
2024-02-22T21:02:55,,2024_02_22-20_21,2024_02_22-20_21-2,Sell,700,IFA1/IFA2/BN/NEMO/VKL,2024-02-23T00:00:00,2024-02-23T01:00:00,2024-02-22T20:55:00,60,-0.03,4.25,1.39,700,8333,700,,,,,
2024-02-22T21:02:55,,2024_02_22-20_21,2024_02_22-20_21-3,Sell,800,IFA1/IFA2/BN/NEMO/VKL,2024-02-23T01:00:00,2024-02-23T02:00:00,2024-02-22T20:55:00,60,-0.86,2.98,0.59,800,8183,503,102,,100,,95
2024-02-22T23:43:05,,2024_02_22-22_56,2024_02_22-22_56-1,Sell,1300,IFA1/IFA2/BN/NEMO/VKL,2024-02-23T02:00:00,2024-02-23T03:00:00,2024-02-22T23:35:00,45,3.35,7.8,4.48,1300,8388,1100,,200,,,
2024-02-22T23:43:05,,2024_02_22-22_56,2024_02_22-22_56-2,Sell,1600,IFA1/IFA2/BN/NEMO/VKL,2024-02-23T03:00:00,2024-02-23T04:00:00,2024-02-22T23:35:00,40,3.35,5.99,4.32,1600,8863,1161,,190,199,,50
2024-02-22T23:43:05,,2024_02_22-22_56,2024_02_22-22_56-3,Sell,1900,IFA1/IFA2/BN/NEMO/VKL,2024-02-23T04:00:00,2024-02-23T05:00:00,2024-02-22T23:35:00,40,5.85,8.56,6.77,1900,8788,1304,,300,246,,50
2024-02-22T23:43:05,,2024_02_22-22_56,2024_02_22-22_56-4,Sell,1900,IFA1/IFA2/BN/NEMO/VKL/EL,2024-02-23T05:00:00,2024-02-23T06:00:00,2024-02-22T23:35:00,45,32.81,36.48,33.92,1900,10849,1402,42,100,142,214,
2024-02-22T23:43:05,,2024_02_22-22_56,2024_02_22-22_56-5,Sell,1500,IFA1/IFA2/BN/NEMO/VKL/EL,2024-02-23T06:00:00,2024-02-23T07:00:00,2024-02-22T23:35:00,65,50.5,52.59,51.26,1500,10701,1053,100,75,151,121,
2024-02-26T14:17:43,,2024_02_19-20_03,2024_02_19-20_03-1,Sell,700,IFA1/BN/NEMO/VKL,2024-02-19T23:00:00,2024-02-20T00:00:00,2024-02-19T20:35:00,75,47.88,52.46,49.38,700,5610,441,259,,,,
2024-02-26T14:17:43,,2024_02_19-20_03,2024_02_19-20_03-2,Sell,500,IFA1/BN/NEMO/VKL,2024-02-20T00:00:00,2024-02-20T01:00:00,2024-02-19T20:35:00,70,47.73,52.46,49.09,500,4919,300,200,,,,
2024-02-26T14:17:43,,2024_02_19-20_03,2024_02_19-20_03-3,Sell,400,IFA1/BN/NEMO/VKL,2024-02-20T02:00:00,2024-02-20T03:00:00,2024-02-19T20:35:00,70,47.31,48.14,47.65,400,4693,200,100,100,,,
2024-02-23T16:29:23,,2024_02_20-00_09,2024_02_20-00_09-1,Buy,1200,IFA1/BN/NEMO/EL,2024-02-20T06:00:00,2024-02-20T07:00:00,2024-02-20T00:40:00,43,81.14,77.85,79.82,1200,6821,647,90,215,,248,
2024-02-23T16:29:23,,2024_02_20-00_09,2024_02_20-00_09-2,Buy,1200,IFA1/BN/NEMO/EL,2024-02-20T07:00:00,2024-02-20T08:00:00,2024-02-20T00:40:00,48,83.81,79.74,82.5,1200,10166,700,140,175,,185,
2024-02-27T01:29:27,,2024_02_27-00_23,2024_02_27-00_23-1,Buy,1470,IFA1/IFA2/BN/NEMO/EL/VKL,2024-02-27T05:00:00,2024-02-27T06:00:00,2024-02-27T01:10:00,50,67.49,62.36,65.55,1470,8407,334,729,,98,309,
2024-02-27T01:29:27,,2024_02_27-00_23,2024_02_27-00_23-2,Buy,2320,IFA1/IFA2/BN/NEMO/EL/VKL,2024-02-27T06:00:00,2024-02-27T07:00:00,2024-02-27T01:10:00,55,83.31,69.64,77.54,2320,9374,968,159,150,243,700,100
2024-02-27T01:29:27,,2024_02_27-00_23,2024_02_27-00_23-3,Buy,2620,IFA1/IFA2/BN/NEMO/EL/VKL,2024-02-27T07:00:00,2024-02-27T08:00:00,2024-02-27T01:10:00,65,93.46,83.74,88.57,2620,15500,1360,135,225,215,560,125
2024-02-27T01:29:27,,2024_02_27-00_23,2024_02_27-00_23-4,Buy,820,IFA1/IFA2/BN/NEMO/EL/VKL,2024-02-27T08:00:00,2024-02-27T09:00:00,2024-02-27T01:10:00,60,72.89,68.75,70.88,820,13030,274,,,,546,
2024-02-27T01:29:27,,2024_02_27-00_23,2024_02_27-00_23-5,Buy,520,IFA1/IFA2/BN/NEMO/EL/VKL,2024-02-27T09:00:00,2024-02-27T10:00:00,2024-02-27T01:10:00,55,59.77,56.4,58.49,520,11183,100,350,,,70,
2024-02-27T11:54:23,,2024_02_27-11_03,2024_02_27-11_03-1,Buy,400,IFA1/BN/NEMO,2024-02-27T15:00:00,2024-02-27T16:00:00,2024-02-27T11:45:00,50,63.81,61.28,61.7,400,13603,400,0,,,,
2024-02-27T11:54:23,,2024_02_27-11_03,2024_02_27-11_03-2,Buy,700,IFA1/BN/NEMO/EL,2024-02-27T16:00:00,2024-02-27T17:00:00,2024-02-27T11:45:00,55,79.11,71.78,74.02,700,14736,700,0,,,0,
2024-02-27T11:54:23,,2024_02_27-11_03,2024_02_27-11_03-3,Buy,1600,IFA1/BN/NEMO/IFA2/VKL,2024-02-27T15:00:00,2024-02-27T16:00:00,2024-02-27T11:45:00,50,72.16,63.81,67.27,1600,17821,800,419,,381,,
2024-02-27T11:54:23,,2024_02_27-11_03,2024_02_27-11_03-4,Buy,2000,IFA1/BN/NEMO/IFA2/VKL/EL,2024-02-27T16:00:00,2024-02-27T17:00:00,2024-02-27T11:45:00,55,93.99,77.46,85.86,2000,18947,550,82,,750,618,
2024-02-27T14:10:07,"Due to French electricity system conditions, NGESO is unable to trade on the interconnectors joining GB and France.",2024_02_27-13_20,2024_02_27-13_20-1,Buy,1700,IFA1/BN/NEMO,2024-02-27T17:00:00,2024-02-27T18:00:00,2024-02-27T13:55:00,65,114.18,94.54,105.09,1700,8086,1000,700,0,,,
2024-02-27T14:10:07,"Due to French electricity system conditions, NGESO is unable to trade on the interconnectors joining GB and France.",2024_02_27-13_20,2024_02_27-13_20-2,Buy,1900,IFA1/BN/NEMO,2024-02-27T18:00:00,2024-02-27T19:00:00,2024-02-27T13:55:00,65,108.9,102.9,106.13,1900,8086,1000,700,200,,,
2024-02-27T14:10:07,"Due to French electricity system conditions, NGESO is unable to trade on the interconnectors joining GB and France.",2024_02_27-13_20,2024_02_27-13_20-3,Buy,1200,IFA1/BN/NEMO/IFA2/VKL,2024-02-27T17:00:00,2024-02-27T18:00:00,2024-02-27T13:55:00,65,117.03,99.61,114.94,1200,10332,0,515,389,,,296
2024-02-27T14:10:07,"Due to French electricity system conditions, NGESO is unable to trade on the interconnectors joining GB and France.",2024_02_27-13_20,2024_02_27-13_20-4,Buy,1500,IFA1/BN/NEMO/IFA2/VKL,2024-02-27T18:00:00,2024-02-27T19:00:00,2024-02-27T13:55:00,65,112.17,103.88,109.89,1500,10452,0,500,556,,,444
2024-02-27T14:10:07,,2024_02_27-13_20,2024_02_27-13_20-5,Buy,1500,IFA1/BN/NEMO/IFA2/EL/VKL,2024-02-27T19:00:00,2024-02-27T20:00:00,2024-02-27T13:55:00,55,81.52,77.88,79.99,1500,11798,530,430,100,110,250,80
2024-02-27T14:10:07,,2024_02_27-13_20,2024_02_27-13_20-6,Buy,500,IFA1/BN/NEMO/IFA2/EL/VKL,2024-02-27T20:00:00,2024-02-27T21:00:00,2024-02-27T13:55:00,45,69.41,67.4,68.58,500,9292,,381,,75,15,29
2024-02-28T00:58:11,,2024_02_28-00_16,2024_02_28-00_16-1,Buy,1650,IFA1/IFA2/EL/BN/NEMO/VKL,2024-02-28T05:00:00,2024-02-28T06:00:00,2024-02-28T00:45:00,50,0,0,0,0,7557,,,,,,
2024-02-28T00:58:11,,2024_02_28-00_16,2024_02_28-00_16-2,Buy,300,IFA1/IFA2/EL/BN/NEMO/VKL,2024-02-28T06:00:00,2024-02-28T07:00:00,2024-02-28T00:45:00,60,0,0,0,0,7582,0,0,,,0,
2024-02-28T00:58:11,,2024_02_28-00_16,2024_02_28-00_16-3,Buy,400,IFA1/IFA2/EL/BN/NEMO/VKL,2024-02-28T07:00:00,2024-02-28T08:00:00,2024-02-28T00:45:00,70,103.73,100.47,102.68,400,11063,,193,,,207,
2024-02-28T00:58:11,,2024_02_28-00_16,2024_02_28-00_16-4,Buy,400,BN/NEMO/IFA1/EL,2024-02-28T06:00:00,2024-02-28T07:00:00,2024-02-28T00:45:00,60,88.83,85.85,88.07,400,6232,190,50,,,160,
2024-02-28T14:26:40,,2024_02_28-13_53,2024_02_28-13_53-1,Buy,600,IFA1/BN/NEMO/IFA2/VKL,2024-02-28T17:00:00,2024-02-28T18:00:00,2024-02-28T14:20:00,60,81.68,3.42,50.54,600,6063,358,98,,,,144
2024-02-28T14:26:40,,2024_02_28-13_53,2024_02_28-13_53-2,Buy,600,IFA1/BN/NEMO/IFA2/VKL,2024-02-28T18:00:00,2024-02-28T19:00:00,2024-02-28T14:20:00,60,79.97,3.42,63.59,600,5403,464,112,,,,24
2024-02-28T19:28:45,,2024_02_28-19_01,2024_02_28-19_01-1,Buy,400,IFA1/NEMO/BN/IFA2,2024-02-28T22:00:00,2024-02-28T23:00:00,2024-02-28T19:25:00,26,49.35,47.01,48.23,400,2635,305,,,95,,
2024-02-28T22:59:16,,2024_02_28-22_27,2024_02_28-22_27-1,Buy,350,IFA1/BN/NEMO/IFA2/EL,2024-02-29T07:00:00,2024-02-29T08:00:00,2024-02-28T22:50:00,43,70.96,69.02,69.72,350,4190,204,,,73,73,
2024-03-01T00:36:56,,2024_02_29-23_42,2024_02_29-23_42-1,Sell,400,IFA1/BN/IFA2/VKL,2024-03-01T03:00:00,2024-03-01T04:00:00,2024-03-01T00:30:00,70,47.68,48.98,48.2,400,4738,,400,,,,
2024-03-01T00:36:56,,2024_02_29-23_42,2024_02_29-23_42-2,Sell,400,IFA1/BN/IFA2/VKL,2024-03-01T04:00:00,2024-03-01T05:00:00,2024-03-01T00:30:00,70,50.24,51.47,50.59,400,4097,,400,,,,
2024-03-01T00:36:56,,2024_02_29-23_42,2024_02_29-23_42-3,Buy,800,IFA1/BN/NEMO/IFA2/EL,2024-03-01T06:00:00,2024-03-01T07:00:00,2024-03-01T00:30:00,40,65.5,60.79,63.62,800,4670,386,,,315,99,
2024-03-01T00:36:56,,2024_02_29-23_42,2024_02_29-23_42-4,Sell,300,IFA1/EL,2024-03-01T08:00:00,2024-03-01T09:00:00,2024-03-01T00:30:00,90,54.29,55.67,54.6,300,2891,125,,,,175,
2024-03-01T00:36:56,,2024_02_29-23_42,2024_02_29-23_42-5,Sell,300,IFA1/EL,2024-03-01T09:00:00,2024-03-01T10:00:00,2024-03-01T00:30:00,90,47.58,48.83,47.85,300,2941,125,,,,175,
2024-03-01T00:36:56,,2024_02_29-23_42,2024_02_29-23_42-6,Sell,300,IFA1/EL,2024-03-01T10:00:00,2024-03-01T11:00:00,2024-03-01T00:30:00,90,46.26,47.97,46.82,300,2891,225,,,,75,
2024-03-01T09:07:31,,2024_03_01-08_43,2024_03_01-08_43-1,Sell,100,IFA1,2024-03-01T11:00:00,2024-03-01T12:00:00,2024-03-01T09:05:00,75,45.45,45.45,45.45,100,1246,100,,,,,
2024-03-01T10:11:16,,2024_03_01-09_48,2024_03_01-09_48-1,Sell,100,IFA1,2024-03-01T12:00:00,2024-03-01T13:00:00,2024-03-01T10:10:00,75,40.47,41.87,41.12,100,1148,100,,,,,
2024-03-01T20:47:42,,2024_03_01-20_15,2024_03_01-20_15-1,Sell,200,IFA1/NEMO,2024-03-02T03:00:00,2024-03-02T04:00:00,2024-03-01T20:45:00,75,43.6,44.5,43.83,200,2566,200,,,,,
2024-03-01T20:47:42,,2024_03_01-20_15,2024_03_01-20_15-2,Sell,200,IFA1/NEMO,2024-03-02T04:00:00,2024-03-02T05:00:00,2024-03-01T20:45:00,75,44.86,44.86,44.86,200,2516,200,,,,,
2024-03-01T20:47:42,,2024_03_01-20_15,2024_03_01-20_15-3,Sell,200,IFA1/NEMO/EL,2024-03-02T05:00:00,2024-03-02T06:00:00,2024-03-01T20:45:00,75,45.28,45.5,45.34,200,2837,200,,,,,
2024-03-02T00:23:23,,2024_03_01-23_54,2024_03_01-23_54-1,Sell,100,IFA1/EL,2024-03-02T07:00:00,2024-03-02T08:00:00,2024-03-02T00:20:00,75,55.06,55.63,55.22,100,1179,59,,,,41,
2024-03-02T00:23:23,,2024_03_01-23_54,2024_03_01-23_54-2,Sell,100,IFA1/EL,2024-03-02T08:00:00,2024-03-02T09:00:00,2024-03-02T00:20:00,80,53.2,54.77,54.02,100,1179,25,,,,75,
2024-03-02T00:23:23,,2024_03_01-23_54,2024_03_01-23_54-3,Sell,100,IFA1/EL,2024-03-02T09:00:00,2024-03-02T10:00:00,2024-03-02T00:20:00,85,52.13,53.06,52.58,100,1179,59,,,,41,
2024-03-02T00:23:23,,2024_03_01-23_54,2024_03_01-23_54-4,Sell,100,IFA1/EL,2024-03-02T10:00:00,2024-03-02T11:00:00,2024-03-02T00:20:00,85,50.1,50.1,50.1,100,1138,,,,,100,
2024-03-02T13:34:48,,2024_03_02-13_10,2024_03_02-13_10-1,Buy,200,BN/NEMO/VKL,2024-03-02T16:00:00,2024-03-02T17:00:00,2024-03-02T13:30:00,90,66.96,66.9,66.92,100,1557,,50,34,,,16
2024-03-02T13:34:48,,2024_03_02-13_10,2024_03_02-13_10-2,Buy,500,BN/NEMO/VKL/IFA1/IFA2,2024-03-02T17:00:00,2024-03-02T18:00:00,2024-03-02T13:30:00,100,76.05,73.5,75,500,1074,79,197,149,25,,50
2024-03-04T01:39:23,,2024_03_04-00_43,2024_03_04-00_43-1,Buy,400,IFA1/BN/NEMO/IFA2/EL/VKL,2024-03-04T05:00:00,2024-03-04T06:00:00,2024-03-04T01:30:00,40,67.96,67.21,67.58,400,3417,,,200,,200,
2024-03-04T01:39:23,,2024_03_04-00_43,2024_03_04-00_43-2,Sell,1000,IFA1,2024-03-04T08:00:00,2024-03-04T09:00:00,2024-03-04T01:30:00,105,59.83,63.54,61.43,1000,5964,1000,,,,,
2024-03-04T01:39:23,,2024_03_04-00_43,2024_03_04-00_43-3,Sell,1250,IFA1/EL/NEMO,2024-03-04T09:00:00,2024-03-04T10:00:00,2024-03-04T01:30:00,100,53.82,64.8,57.94,1250,8097,1000,,250,,,
2024-03-04T01:39:23,,2024_03_04-00_43,2024_03_04-00_43-4,Sell,800,IFA1,2024-03-04T10:00:00,2024-03-04T11:00:00,2024-03-04T01:30:00,80,44.29,47.54,45.34,800,4960,800,,,,,
2024-03-04T01:39:23,,2024_03_04-00_43,2024_03_04-00_43-5,Sell,1050,IFA1/EL/NEMO,2024-03-04T11:00:00,2024-03-04T12:00:00,2024-03-04T01:30:00,80,44.39,59.23,47.91,1050,8473,900,,150,,,
2024-03-04T01:39:23,,2024_03_04-00_43,2024_03_04-00_43-6,Sell,1000,IFA1/EL/NEMO,2024-03-04T12:00:00,2024-03-04T13:00:00,2024-03-04T01:30:00,80,46.9,51.87,48.59,1000,8445,900,,100,,,
2024-03-04T11:40:47,,2024_03_04-11_12,2024_03_04-11_12-1,Sell,800,IFA1,2024-03-04T13:00:00,2024-03-04T14:00:00,2024-03-04T11:35:00,75,0,0,0,0,0,,,,,,
2024-03-04T11:40:47,,2024_03_04-11_12,2024_03_04-11_12-2,Sell,400,IFA1,2024-03-04T14:00:00,2024-03-04T15:00:00,2024-03-04T11:35:00,75,43.05,46.33,44.24,400,2123,400,,,,,
2024-03-04T11:40:47,,2024_03_04-11_12,2024_03_04-11_12-3,Sell,400,IFA1,2024-03-04T15:00:00,2024-03-04T16:00:00,2024-03-04T11:35:00,75,46.06,48.58,47.47,400,5212,400,,,,,
2024-03-04T11:40:47,,2024_03_04-11_12,2024_03_04-11_12-4,Sell,400,IFA1,2024-03-04T16:00:00,2024-03-04T17:00:00,2024-03-04T11:35:00,75,51.93,55.28,53.22,400,5212,400,,,,,
2024-03-04T13:31:59,"Due to French electricity system conditions, NGESO is unable to trade on the interconnectors joining GB and France. For more information, see this link to French margin graph: https://www.services-rte.com/en/view-data-published-by-rte/balancing-capacities.html#:~:text=RTE%20proposes%20on%20this%20web,best%20hypothesis%20at%20our%20disposal",2024_03_04-12_50,2024_03_04-12_50-1,Buy,150,IFA2/BN,2024-03-04T15:00:00,2024-03-04T16:00:00,2024-03-04T13:25:00,55,74.91,58.91,71.4,150,673,,150,,,,
2024-03-04T13:31:59,"Due to French electricity system conditions, NGESO is unable to trade on the interconnectors joining GB and France. For more information, see this link to French margin graph: https://www.services-rte.com/en/view-data-published-by-rte/balancing-capacities.html#:~:text=RTE%20proposes%20on%20this%20web,best%20hypothesis%20at%20our%20disposal",2024_03_04-12_50,2024_03_04-12_50-2,Buy,450,IFA2/NEMO/BN,2024-03-04T16:00:00,2024-03-04T17:00:00,2024-03-04T13:25:00,65,130,75.31,105.8,450,1518,,150,300,,,
2024-03-04T13:31:59,,2024_03_04-12_50,2024_03_04-12_50-3,Buy,0,IFA1/IFA2/NEMO/BN,2024-03-04T17:00:00,2024-03-04T18:00:00,2024-03-04T13:25:00,70,0,0,0,0,2474,,,,,,
2024-03-04T13:31:59,,2024_03_04-12_50,2024_03_04-12_50-4,Buy,0,IFA1/IFA2/NEMO/BN,2024-03-04T18:00:00,2024-03-04T19:00:00,2024-03-04T13:25:00,70,0,0,0,0,3563,,,,,,
2024-03-05T12:41:33,,2024_03_05-12_07,2024_03_05-12_07-1,Buy,600,IFA1/BN/NEMO/IFA2,2024-03-05T15:00:00,2024-03-05T16:00:00,2024-03-05T12:35:00,40,67.52,66.66,67.17,600,7033,580,,,20,,
2024-03-05T12:41:33,"Due to French electricity system conditions, NGESO is unable to trade on the interconnectors joining GB and France. For more information, see this link to French margin graph: https://www.services-rte.com/en/view-data-published-by-rte/balancing-capacities.html#:~:text=RTE%20proposes%20on%20this%20web,best%20hypothesis%20at%20our%20disposal",2024_03_05-12_07,2024_03_05-12_07-2,Buy,800,IFA1/BN/NEMO/IFA2/EL,2024-03-05T16:00:00,2024-03-05T17:00:00,2024-03-05T12:35:00,50,79.7,77.08,78.29,800,8512,100,600,,,100,
2024-03-05T12:41:33,"Due to French electricity system conditions, NGESO is unable to trade on the interconnectors joining GB and France. For more information, see this link to French margin graph: https://www.services-rte.com/en/view-data-published-by-rte/balancing-capacities.html#:~:text=RTE%20proposes%20on%20this%20web,best%20hypothesis%20at%20our%20disposal",2024_03_05-12_07,2024_03_05-12_07-3,Buy,1300,IFA1/BN/NEMO/IFA2/EL,2024-03-05T17:00:00,2024-03-05T18:00:00,2024-03-05T12:35:00,65,103.75,96.7,100.91,1300,10385,131,800,300,20,49,
2024-03-05T12:41:33,,2024_03_05-12_07,2024_03_05-12_07-4,Buy,1300,IFA1/BN/NEMO/IFA2/EL,2024-03-05T18:00:00,2024-03-05T19:00:00,2024-03-05T12:35:00,70,102.82,96.65,99.51,400,10676,,400,,,,
2024-03-05T16:34:01,,2024_03_05-16_08,2024_03_05-16_08-1,Buy,700,IFA1/NEMO/IFA2/VKL/BN,2024-03-05T18:00:00,2024-03-05T19:00:00,2024-03-05T16:30:00,70,100.99,87.27,96.67,700,1373,141,67,295,101,,96
2024-03-05T16:34:01,,2024_03_05-16_08,2024_03_05-16_08-2,Buy,200,IFA1/NEMO/IFA2/VKL,2024-03-05T19:00:00,2024-03-05T20:00:00,2024-03-05T16:30:00,60,83.31,82.06,82.69,200,1838,100,,,50,,50
2024-03-06T01:14:22,,2024_03_06-00_22,2024_03_06-00_22-1,Buy,620,IFA1/IFA2/EL/BN/NEMO/VKL,2024-03-06T05:00:00,2024-03-06T06:00:00,2024-03-06T01:00:00,65,78.38,76.53,77.72,620,9085,318,147,,7,98,50
2024-03-06T01:14:22,"Due to French electricity system conditions, NGESO is unable to trade on the interconnectors joining GB and France. For more information, see this link to French margin graph: https://www.services-rte.com/en/view-data-published-by-rte/balancing-capacities.html#:~:text=RTE%20proposes%20on%20this%20web,best%20hypothesis%20at%20our%20disposal",2024_03_06-00_22,2024_03_06-00_22-2,Buy,1320,IFA1/IFA2/EL/BN/NEMO/VKL,2024-03-06T06:00:00,2024-03-06T07:00:00,2024-03-06T01:00:00,75,108.88,104.18,106.21,1320,10028,460,306,260,40,,254
2024-03-06T01:14:22,"Due to French electricity system conditions, NGESO is unable to trade on the interconnectors joining GB and France. For more information, see this link to French margin graph: https://www.services-rte.com/en/view-data-published-by-rte/balancing-capacities.html#:~:text=RTE%20proposes%20on%20this%20web,best%20hypothesis%20at%20our%20disposal",2024_03_06-00_22,2024_03_06-00_22-3,Buy,1320,IFA1/IFA2/EL/BN/NEMO/VKL,2024-03-06T07:00:00,2024-03-06T08:00:00,2024-03-06T01:00:00,80,108.93,103.91,106.39,1320,15373,329,450,45,171,,325
2024-03-06T14:33:21,"Due to French electricity system conditions, NGESO is unable to trade on the interconnectors joining GB and France.",2024_03_06-13_58,2024_03_06-13_58-1,Buy,1700,IFA1/BN/NEMO/IFA2/VKL,2024-03-06T17:00:00,2024-03-06T18:00:00,2024-03-06T14:30:00,70,101.9,95.74,99.61,1700,8775,400,656,261,100,,283
2024-03-06T14:33:21,,2024_03_06-13_58,2024_03_06-13_58-2,Buy,900,IFA1/BN/NEMO/IFA2/VKL,2024-03-06T18:00:00,2024-03-06T19:00:00,2024-03-06T14:30:00,75,100.99,97.43,99.65,900,7693,539,113,,148,,100
2024-03-07T20:17:28,,2024_03_07-19_42,2024_03_07-19_42-1,Sell,600,IFA1/BN/NEMO/IFA2/VKL,2024-03-07T23:00:00,2024-03-08T00:00:00,2024-03-07T20:10:00,80,50.15,52.76,51.04,600,7505,286,101,75,40,,98
2024-03-07T20:17:28,,2024_03_07-19_42,2024_03_07-19_42-2,Sell,800,IFA1/BN/NEMO/IFA2/VKL,2024-03-08T00:00:00,2024-03-08T01:00:00,2024-03-07T20:10:00,80,49,52.27,50.4,800,7714,400,227,75,,,98
2024-03-07T20:17:28,,2024_03_07-19_42,2024_03_07-19_42-3,Sell,1000,IFA1/BN/NEMO/IFA2/VKL,2024-03-08T01:00:00,2024-03-08T02:00:00,2024-03-07T20:10:00,80,48.93,52.27,50.25,1000,7964,425,402,75,,,98
2024-03-07T23:16:20,,2024_03_07-22_09,2024_03_07-22_09-1,Sell,1000,IFA1/BN/NEMO/IFA2/VKL,2024-03-08T01:00:00,2024-03-08T02:00:00,2024-03-07T23:00:00,80,43.26,49.44,47.01,1000,6946,,,308,,,692
2024-03-07T23:16:20,,2024_03_07-22_09,2024_03_07-22_09-2,Sell,2000,IFA1/BN/NEMO/IFA2/VKL,2024-03-08T02:00:00,2024-03-08T03:00:00,2024-03-07T23:00:00,75,34.65,46.62,39.71,2000,7722,389,50,631,81,,849
2024-03-07T23:16:20,,2024_03_07-22_09,2024_03_07-22_09-3,Sell,2000,IFA1/BN/NEMO/IFA2/VKL,2024-03-08T03:00:00,2024-03-08T04:00:00,2024-03-07T23:00:00,75,33.15,47.47,38.85,2000,7473,440,69,523,70,,898
2024-03-07T23:16:20,,2024_03_07-22_09,2024_03_07-22_09-4,Sell,700,IFA1/BN/NEMO/IFA2/VKL,2024-03-08T04:00:00,2024-03-08T05:00:00,2024-03-07T23:00:00,75,46.75,50.12,48.37,700,6370,,,,,,700
2024-03-08T01:23:19,,2024_03_08-00_54,2024_03_08-00_54-1,Sell,100,IFA1/EL,2024-03-08T08:00:00,2024-03-08T09:00:00,2024-03-08T01:20:00,95,51.26,51.26,51.26,100,1008,,,,,100,
2024-03-08T01:23:19,,2024_03_08-00_54,2024_03_08-00_54-2,Sell,150,IFA1/EL,2024-03-08T09:00:00,2024-03-08T10:00:00,2024-03-08T01:20:00,80,38.73,38.95,38.8,150,1359,,,,,150,
2024-03-08T01:23:19,,2024_03_08-00_54,2024_03_08-00_54-3,Sell,150,IFA1/EL,2024-03-08T10:00:00,2024-03-08T11:00:00,2024-03-08T01:20:00,75,38.97,39.81,39.39,150,1351,,,,,150,
2024-03-08T09:25:03,,2024_03_08-08_56,2024_03_08-08_56-1,Sell,100,IFA1/NEMO,2024-03-08T11:00:00,2024-03-08T12:00:00,2024-03-08T09:20:00,55,29.11,29.11,29.11,100,1643,100,,,,,
2024-03-08T09:25:03,,2024_03_08-08_56,2024_03_08-08_56-2,Sell,100,IFA1/NEMO,2024-03-08T12:00:00,2024-03-08T13:00:00,2024-03-08T09:20:00,55,28.11,28.11,28.11,100,1613,100,,,,,
2024-03-08T09:25:03,,2024_03_08-08_56,2024_03_08-08_56-3,Sell,100,IFA1/NEMO/EL,2024-03-08T13:00:00,2024-03-08T14:00:00,2024-03-08T09:20:00,55,31.62,31.62,31.62,100,1768,,,100,,,
2024-03-08T20:33:59,,2024_03_08-19_39,2024_03_08-19_39-1,Sell,1000,IFA1/BN/NEMO/IFA2/VKL,2024-03-08T23:00:00,2024-03-09T00:00:00,2024-03-08T20:30:00,65,37.82,41.73,39.41,1000,8493,513,250,51,11,,175
2024-03-08T20:33:59,,2024_03_08-19_39,2024_03_08-19_39-2,Sell,1500,IFA1/BN/NEMO/IFA2/VKL,2024-03-09T00:00:00,2024-03-09T01:00:00,2024-03-08T20:30:00,65,37.05,41.73,38.6,1500,9074,674,345,131,125,,225
2024-03-08T20:33:59,,2024_03_08-19_39,2024_03_08-19_39-3,Sell,2600,IFA1/BN/NEMO/IFA2/VKL,2024-03-09T01:00:00,2024-03-09T02:00:00,2024-03-08T20:30:00,65,35.69,42.38,37.79,2600,9031,1238,501,231,125,,505
2024-03-08T20:33:59,,2024_03_08-19_39,2024_03_08-19_39-4,Sell,1500,IFA1/BN/NEMO/IFA2/VKL,2024-03-09T02:00:00,2024-03-09T03:00:00,2024-03-08T20:30:00,65,35,41.34,37.68,1500,8861,786,236,178,25,,275
2024-03-08T20:33:59,,2024_03_08-19_39,2024_03_08-19_39-5,Sell,1200,IFA1/BN/NEMO/IFA2/VKL,2024-03-09T03:00:00,2024-03-09T04:00:00,2024-03-08T20:30:00,62,33.12,38.11,34.89,1200,8207,520,200,180,25,,275
2024-03-08T20:33:59,,2024_03_08-19_39,2024_03_08-19_39-6,Sell,800,IFA1/BN/NEMO/IFA2/VKL,2024-03-09T04:00:00,2024-03-09T05:00:00,2024-03-08T20:30:00,60,35.16,38.32,36.83,800,7819,450,150,100,,,100
2024-03-08T20:33:59,,2024_03_08-19_39,2024_03_08-19_39-7,Sell,600,IFA1/BN/NEMO/IFA2/VKL/EL,2024-03-09T05:00:00,2024-03-09T06:00:00,2024-03-08T20:30:00,62,38.59,40.54,39.49,600,6989,400,,100,,,100
2024-03-08T20:33:59,,2024_03_08-19_39,2024_03_08-19_39-8,Sell,500,IFA1/BN/NEMO/IFA2/VKL/EL,2024-03-09T06:00:00,2024-03-09T07:00:00,2024-03-08T20:30:00,65,41.5,44.13,42.11,500,7016,300,25,,,75,100
2024-03-08T20:33:59,,2024_03_08-19_39,2024_03_08-19_39-9,Sell,500,IFA1/BN/NEMO/IFA2/VKL/EL,2024-03-09T07:00:00,2024-03-09T08:00:00,2024-03-08T20:30:00,63,41.67,44.46,42.63,500,6336,,160,,100,101,139
2024-03-09T19:35:37,,2024_03_09-19_02,2024_03_09-19_02-1,Sell,400,IFA1/BN/NEMO/IFA2/EL/VKL,2024-03-10T03:00:00,2024-03-10T04:00:00,2024-03-09T19:30:00,50,27.51,28.06,27.81,400,5030,400,,,,,
2024-03-09T19:35:37,,2024_03_09-19_02,2024_03_09-19_02-2,Sell,400,IFA1/BN/NEMO/IFA2/EL/VKL,2024-03-10T04:00:00,2024-03-10T05:00:00,2024-03-09T19:30:00,50,27.51,28.06,27.92,400,5044,400,,,,,
2024-03-10T23:24:54,,2024_03_10-22_47,2024_03_10-22_47-1,Sell,600,IFA1/IFA2/NEMO/BN/VKL,2024-03-11T02:00:00,2024-03-11T03:00:00,2024-03-10T23:20:00,65,51.53,54.48,52.44,600,4951,274,313,,13,,
2024-03-10T23:24:54,,2024_03_10-22_47,2024_03_10-22_47-2,Sell,800,IFA1/IFA2/NEMO/BN/VKL,2024-03-11T03:00:00,2024-03-11T04:00:00,2024-03-10T23:20:00,65,52.05,56.33,53.76,800,5166,360,157,270,13,,
2024-03-10T23:24:54,,2024_03_10-22_47,2024_03_10-22_47-3,Sell,800,IFA1/IFA2/NEMO/BN/VKL,2024-03-11T04:00:00,2024-03-11T05:00:00,2024-03-10T23:20:00,65,53.7,72.33,55.18,800,4941,308,,479,13,,
2024-03-10T23:24:54,,2024_03_10-22_47,2024_03_10-22_47-4,Sell,400,IFA1/IFA2/NEMO/BN/VKL,2024-03-11T05:00:00,2024-03-11T06:00:00,2024-03-10T23:20:00,75,71.05,71.88,71.37,400,4192,150,,250,,,
2024-03-12T09:26:12,,2024_03_12-08_54,2024_03_12-08_54-1,Buy,300,NEMO/BN/EL,2024-03-12T17:00:00,2024-03-12T18:00:00,2024-03-12T09:20:00,60,71.52,68.28,69.94,300,3340,,300,,,,
2024-03-12T16:12:20,,2024_03_12-15_41,2024_03_12-15_41-1,Buy,500,IFA1/BN/NEMO/IFA2/VKL,2024-03-12T18:00:00,2024-03-12T19:00:00,2024-03-12T16:05:00,70,83.17,78.99,82.19,500,4045,413,,62,25,,
2024-03-13T03:32:39,,2024_03_13-02_57,2024_03_13-02_57-1,Buy,600,BN/IFA1/NEMO,2024-03-13T06:00:00,2024-03-13T07:00:00,2024-03-13T03:30:00,50,79.53,75.74,77.88,600,3560,,568,32,,,
2024-03-13T03:32:39,,2024_03_13-02_57,2024_03_13-02_57-2,Buy,500,BN/IFA1/NEMO/VKL/IFA2,2024-03-13T06:00:00,2024-03-13T07:00:00,2024-03-13T03:30:00,50,75.8,70.76,73.22,500,5186,,0,0,,,500
2024-03-13T03:32:39,,2024_03_13-02_57,2024_03_13-02_57-3,Buy,1000,BN/IFA1/NEMO/VKL/IFA2,2024-03-13T07:00:00,2024-03-13T08:00:00,2024-03-13T03:30:00,55,82.45,76.51,80.45,1000,8391,75,450,,,,475
2024-03-13T03:32:39,,2024_03_13-02_57,2024_03_13-02_57-4,Buy,500,BN/VKL/IFA2,2024-03-13T08:00:00,2024-03-13T09:00:00,2024-03-13T03:30:00,52,65.8,62.6,64.18,500,4191,,275,,,,225
2024-03-13T15:35:23,,2024_03_13-14_58,2024_03_13-14_58-1,Buy,1000,IFA1/IFA2/NEMO/BN,2024-03-13T18:00:00,2024-03-13T19:00:00,2024-03-13T15:30:00,70,102.62,91.44,98.37,1000,1852,698,229,,73,,
2024-03-13T21:06:44,,2024_03_13-20_33,2024_03_13-20_33-1,Sell,300,IFA1/IFA2/BN/NEMO/VKL,2024-03-13T23:00:00,2024-03-14T00:00:00,2024-03-13T21:05:00,75,50.24,53.6,52.45,300,5352,285,,,15,,
2024-03-13T21:06:44,,2024_03_13-20_33,2024_03_13-20_33-2,Sell,650,IFA1/IFA2/BN/NEMO/VKL,2024-03-14T00:00:00,2024-03-14T01:00:00,2024-03-13T21:05:00,70,42.64,44.72,43.59,650,6545,550,,,,,100
2024-03-13T21:06:44,,2024_03_13-20_33,2024_03_13-20_33-3,Sell,950,IFA1/IFA2/BN/NEMO/VKL,2024-03-14T02:00:00,2024-03-14T03:00:00,2024-03-13T21:05:00,65,41.38,43.69,42.18,950,6525,750,200,,,,
2024-03-13T21:06:44,,2024_03_13-20_33,2024_03_13-20_33-4,Sell,400,IFA1/IFA2/BN/NEMO/VKL,2024-03-14T01:00:00,2024-03-14T02:00:00,2024-03-13T21:05:00,70,42.89,43.8,43.38,400,5337,300,,,,,100
2024-03-13T23:42:41,,2024_03_13-23_12,2024_03_13-23_12-1,Sell,2400,IFA1/IFA2/BN/NEMO/VKL,2024-03-14T03:00:00,2024-03-14T04:00:00,2024-03-13T23:40:00,70,32.1,37.64,34.51,2400,7500,904,867,227,50,,352
2024-03-13T23:42:41,,2024_03_13-23_12,2024_03_13-23_12-2,Sell,2400,IFA1/IFA2/BN/NEMO/VKL,2024-03-14T04:00:00,2024-03-14T05:00:00,2024-03-13T23:40:00,75,35.45,40.15,37.16,2400,7188,1442,342,266,100,,250
2024-03-13T23:42:41,,2024_03_13-23_12,2024_03_13-23_12-3,Sell,1100,IFA1/IFA2/BN/NEMO/VKL/EL,2024-03-14T05:00:00,2024-03-14T06:00:00,2024-03-13T23:40:00,80,48.05,50.2,49.23,1100,7075,652,78,113,,257,
2024-03-14T21:07:07,,2024_03_14-20_35,2024_03_14-20_35-1,Sell,1400,IFA1/IFA2/BN/NEMO/VKL,2024-03-14T23:00:00,2024-03-15T00:00:00,2024-03-14T21:05:00,60,30.08,35.25,32.43,1400,9107,8,872,200,,,320
2024-03-14T21:07:07,,2024_03_14-20_35,2024_03_14-20_35-2,Sell,1000,IFA1/IFA2/BN/NEMO/VKL,2024-03-15T00:00:00,2024-03-15T01:00:00,2024-03-14T21:05:00,60,28.06,34.17,30.11,1000,9287,,382,,,,618
2024-03-14T21:07:07,,2024_03_14-20_35,2024_03_14-20_35-3,Sell,1200,IFA1/IFA2/BN/NEMO/VKL,2024-03-15T01:00:00,2024-03-15T02:00:00,2024-03-14T21:05:00,60,26.35,30.95,27.89,1200,9303,,370,50,,,780
2024-03-14T21:07:07,,2024_03_14-20_35,2024_03_14-20_35-4,Sell,1400,IFA1/IFA2/BN/NEMO/VKL,2024-03-15T02:00:00,2024-03-15T03:00:00,2024-03-14T21:05:00,60,22.33,26.12,24.22,1400,9047,250,672,134,74,,270
2024-03-14T22:59:16,,2024_03_14-22_28,2024_03_14-22_28-1,Sell,1200,IFA1/IFA2/BN/NEMO/VKL,2024-03-15T03:00:00,2024-03-15T04:00:00,2024-03-14T22:55:00,60,20.53,25.79,22.02,1200,8048,,278,222,,,700
2024-03-14T22:59:16,,2024_03_14-22_28,2024_03_14-22_28-2,Sell,1600,IFA1/IFA2/BN/NEMO/VKL,2024-03-15T04:00:00,2024-03-15T05:00:00,2024-03-14T22:55:00,60,18.98,23.49,20.63,1600,7654,401,331,226,,,642
2024-03-14T22:59:16,,2024_03_14-22_28,2024_03_14-22_28-3,Sell,1300,IFA1/IFA2/BN/NEMO/EL/VKL,2024-03-15T05:00:00,2024-03-15T06:00:00,2024-03-14T22:55:00,60,30.09,33.42,31.82,1300,8729,,488,662,,,150
2024-03-16T00:06:37,,2024_03_15-23_28,2024_03_15-23_28-1,Sell,1000,IFA1/BN/NEMO/IFA2/VKL,2024-03-16T02:00:00,2024-03-16T03:00:00,2024-03-16T00:00:00,75,31.5,32.84,32.13,1000,5915,,674,250,,,76
2024-03-16T00:06:37,,2024_03_15-23_28,2024_03_15-23_28-2,Sell,1000,IFA1/BN/NEMO/IFA2/VKL,2024-03-16T03:00:00,2024-03-16T04:00:00,2024-03-16T00:00:00,75,32.81,34.95,33.55,1000,5889,,697,303,,,
2024-03-16T00:06:37,,2024_03_15-23_28,2024_03_15-23_28-3,Sell,1000,IFA1/BN/NEMO/IFA2/VKL,2024-03-16T04:00:00,2024-03-16T05:00:00,2024-03-16T00:00:00,75,33.82,35.81,34.48,1000,5873,143,404,403,50,,
2024-03-16T00:06:37,,2024_03_15-23_28,2024_03_15-23_28-4,Sell,1000,IFA1/BN/NEMO/IFA2/VKL/EL,2024-03-16T05:00:00,2024-03-16T06:00:00,2024-03-16T00:00:00,75,42.75,47.41,44.65,1000,7272,,500,500,,,
2024-03-16T00:06:37,,2024_03_15-23_28,2024_03_15-23_28-5,Sell,1000,IFA1/BN/NEMO/IFA2/VKL/EL,2024-03-16T06:00:00,2024-03-16T07:00:00,2024-03-16T00:00:00,85,46.71,49.84,48.14,1000,7184,,494,506,,,
2024-03-16T00:06:37,,2024_03_15-23_28,2024_03_15-23_28-6,Sell,500,IFA1/BN/NEMO/IFA2/VKL/EL,2024-03-16T07:00:00,2024-03-16T08:00:00,2024-03-16T00:00:00,85,50.05,52.54,51.18,500,6581,,400,100,,,
2024-03-16T22:27:08,,2024_03_16-21_56,2024_03_16-21_56-1,Sell,500,IFA1/BN/NEMO/IFA2/VKL,2024-03-17T00:00:00,2024-03-17T01:00:00,2024-03-16T22:25:00,60,39.44,43.69,40.53,500,4107,100,250,,,,150
2024-03-16T22:27:08,,2024_03_16-21_56,2024_03_16-21_56-2,Sell,500,IFA1/BN/NEMO/IFA2/VKL,2024-03-17T01:00:00,2024-03-17T02:00:00,2024-03-16T22:25:00,60,40.74,47.1,43.45,500,4311,100,50,350,,,
2024-03-16T23:48:35,,2024_03_16-23_00,2024_03_16-23_00-1,Sell,1000,IFA1/BN/NEMO/IFA2/VKL,2024-03-17T02:00:00,2024-03-17T03:00:00,2024-03-16T23:45:00,57,38.33,43.76,40.85,1000,4824,,406,194,,,400
2024-03-16T23:48:35,,2024_03_16-23_00,2024_03_16-23_00-2,Sell,1200,IFA1/BN/NEMO/IFA2/VKL,2024-03-17T03:00:00,2024-03-17T04:00:00,2024-03-16T23:45:00,56,35.31,43.23,39.97,1200,4918,,720,80,,,400
2024-03-16T23:48:35,,2024_03_16-23_00,2024_03_16-23_00-3,Sell,1300,IFA1/BN/NEMO/IFA2/VKL,2024-03-17T04:00:00,2024-03-17T05:00:00,2024-03-16T23:45:00,57,33.45,42.14,38.73,1300,5124,,684,216,,,400
2024-03-16T23:48:35,,2024_03_16-23_00,2024_03_16-23_00-4,Sell,1400,IFA1/BN/NEMO/IFA2/VKL/EL,2024-03-17T05:00:00,2024-03-17T06:00:00,2024-03-16T23:45:00,59,34.17,43.92,38.72,1400,6629,,875,99,,,426
2024-03-16T23:48:35,,2024_03_16-23_00,2024_03_16-23_00-5,Sell,1500,IFA1/BN/NEMO/IFA2/VKL/EL,2024-03-17T06:00:00,2024-03-17T07:00:00,2024-03-16T23:45:00,63,31.31,46.2,40.74,1500,7096,,695,30,,,775
2024-03-16T23:48:35,,2024_03_16-23_00,2024_03_16-23_00-6,Sell,1500,IFA1/BN/NEMO/IFA2/VKL/EL,2024-03-17T07:00:00,2024-03-17T08:00:00,2024-03-16T23:45:00,59,30,39,34.84,1500,7080,,421,58,,,1021
2024-03-17T21:22:37,,2024_03_17-20_48,2024_03_17-20_48-1,Sell,1000,IFA1/IFA2/BN/NEMO/VKL,2024-03-17T23:00:00,2024-03-18T00:00:00,2024-03-17T21:20:00,70,49.28,53.85,50.55,1000,8082,546,329,125,,,
2024-03-17T21:22:37,,2024_03_17-20_48,2024_03_17-20_48-2,Sell,1000,IFA1/IFA2/BN/NEMO/VKL,2024-03-18T00:00:00,2024-03-18T01:00:00,2024-03-17T21:20:00,70,44.72,48,46.18,1000,8207,653,200,147,,,
2024-03-17T23:08:06,,2024_03_17-22_36,2024_03_17-22_36-1,Sell,700,IFA1/IFA2/BN/NEMO/VKL,2024-03-18T01:00:00,2024-03-18T02:00:00,2024-03-17T23:05:00,70,50.08,51.79,50.63,700,6565,61,539,100,,,
2024-03-17T23:08:06,,2024_03_17-22_36,2024_03_17-22_36-2,Sell,700,IFA1/IFA2/BN/NEMO/VKL,2024-03-18T02:00:00,2024-03-18T03:00:00,2024-03-17T23:05:00,70,48.89,51.72,50.41,700,6092,,700,,,,
2024-03-17T23:08:06,,2024_03_17-22_36,2024_03_17-22_36-3,Sell,700,IFA1/IFA2/BN/NEMO/VKL,2024-03-18T03:00:00,2024-03-18T04:00:00,2024-03-17T23:05:00,70,50.57,52.58,51.67,700,6135,,700,,,,
2024-03-17T23:08:06,,2024_03_17-22_36,2024_03_17-22_36-4,Sell,700,IFA1/IFA2/BN/NEMO/VKL,2024-03-18T04:00:00,2024-03-18T05:00:00,2024-03-17T23:05:00,70,50.57,53.06,51.37,700,5770,530,125,,45,,
2024-03-18T14:11:23,,2024_03_18-13_23,2024_03_18-13_23-1,Buy,850,BN/NEMO/VKL,2024-03-18T17:00:00,2024-03-18T18:00:00,2024-03-18T14:00:00,70,116.91,95,103.82,850,4690,,49,574,,,227
2024-03-18T14:11:23,"Due to French electricity system conditions, NGESO is unable to trade on the interconnectors joining GB and France.",2024_03_18-13_23,2024_03_18-13_23-2,Buy,1350,IFA1/BN/NEMO/IFA2/VKL,2024-03-18T18:00:00,2024-03-18T19:00:00,2024-03-18T14:00:00,70,120,102.55,116.97,1350,6086,221,200,264,279,,386
2024-03-18T14:11:23,,2024_03_18-13_23,2024_03_18-13_23-3,Buy,850,IFA1/BN/NEMO/IFA2/EL/VKL,2024-03-18T19:00:00,2024-03-18T20:00:00,2024-03-18T14:00:00,65,96.18,86,93.79,850,9467,265,97,344,,94,50
2024-03-18T14:11:23,,2024_03_18-13_23,2024_03_18-13_23-4,Buy,350,IFA1/BN/NEMO/IFA2/EL/VKL,2024-03-18T20:00:00,2024-03-18T21:00:00,2024-03-18T14:00:00,55,72.26,64.87,70.43,350,7930,240,110,,,,
2024-03-18T14:11:23,,2024_03_18-13_23,2024_03_18-13_23-5,Buy,350,IFA1/BN/NEMO/IFA2/EL/VKL,2024-03-18T21:00:00,2024-03-18T22:00:00,2024-03-18T14:00:00,55,71.53,68.32,70.35,350,7424,170,30,50,,,100
2024-03-18T14:11:23,,2024_03_18-13_23,2024_03_18-13_23-6,Buy,350,IFA1/BN/NEMO/IFA2/EL/VKL,2024-03-18T22:00:00,2024-03-18T23:00:00,2024-03-18T14:00:00,45,64,60.33,62.17,350,7835,,,,,,350
2024-03-19T10:31:52,,2024_03_18-23_46,2024_03_18-23_46-1,Buy,1900,IFA1/BN/NEMO/IFA2/EL/VKL,2024-03-19T06:00:00,2024-03-19T07:00:00,2024-03-19T00:20:00,60,103,93.7,99.35,1900,8541,217,129,225,330,323,676
2024-03-19T10:31:52,,2024_03_18-23_46,2024_03_18-23_46-2,Buy,1300,IFA1/BN/NEMO/IFA2/EL/VKL,2024-03-19T07:00:00,2024-03-19T08:00:00,2024-03-19T00:20:00,65,93.86,87.45,91.81,1300,8109,100,486,225,95,247,147
2024-03-19T12:43:21,,2024_03_19-12_13,2024_03_19-12_13-1,Buy,350,BN/VKL,2024-03-19T17:00:00,2024-03-19T18:00:00,2024-03-19T12:40:00,70,127.72,124,126,350,5961,,350,,,,
2024-03-19T12:43:21,,2024_03_19-12_13,2024_03_19-12_13-2,Buy,600,IFA1/BN/NEMO/IFA2/EL/VKL,2024-03-19T18:00:00,2024-03-19T19:00:00,2024-03-19T12:40:00,90,145.71,137,143.57,600,7562,,340,210,,50,
2024-03-19T12:43:21,,2024_03_19-12_13,2024_03_19-12_13-3,Buy,0,BN/IFA2/VKL,2024-03-19T19:00:00,2024-03-19T20:00:00,2024-03-19T12:40:00,70,0,0,0,0,2652,,,,,,
2024-03-19T12:43:21,,2024_03_19-12_13,2024_03_19-12_13-4,Buy,0,BN/NEMO/VKL,2024-03-19T20:00:00,2024-03-19T21:00:00,2024-03-19T12:40:00,70,0,0,0,0,2335,,,,,,
2024-03-19T17:09:20,,2024_03_19-16_44,2024_03_19-16_44-1,Buy,600,BN/IFA2/VKL/IFA1/NEMO,2024-03-19T19:00:00,2024-03-19T20:00:00,2024-03-19T17:05:00,80,133.15,106.93,117.78,600,609,,245,,92,,263
2024-03-20T00:38:19,,2024_03_20-00_05,2024_03_20-00_05-1,Buy,600,BN/VKL/NEMO,2024-03-20T06:00:00,2024-03-20T07:00:00,2024-03-20T00:35:00,65,104.73,97.38,102.61,600,5161,,401,199,,,
2024-03-20T00:38:19,,2024_03_20-00_05,2024_03_20-00_05-2,Buy,200,BN/VKL/NEMO,2024-03-20T07:00:00,2024-03-20T08:00:00,2024-03-20T00:35:00,65,89.79,88.02,89.02,200,2926,,,,,,200
2024-03-20T02:02:43,,2024_03_20-01_35,2024_03_20-01_35-1,Sell,300,NEMO/IFA1,2024-03-20T09:00:00,2024-03-20T10:00:00,2024-03-20T02:00:00,100,37.42,38.51,38.01,300,3573,,,300,,,
2024-03-20T02:02:43,,2024_03_20-01_35,2024_03_20-01_35-2,Sell,300,NEMO/IFA1/EL,2024-03-20T10:00:00,2024-03-20T11:00:00,2024-03-20T02:00:00,90,34.18,36.31,35.51,300,3761,,,300,,,
2024-03-20T02:02:43,,2024_03_20-01_35,2024_03_20-01_35-3,Sell,300,NEMO/IFA1/EL,2024-03-20T11:00:00,2024-03-20T12:00:00,2024-03-20T02:00:00,85,24.91,34.18,28.87,300,3537,,,250,,50,
2024-03-20T02:02:43,,2024_03_20-01_35,2024_03_20-01_35-4,Sell,300,NEMO/IFA1/EL,2024-03-20T12:00:00,2024-03-20T13:00:00,2024-03-20T02:00:00,80,26.91,28.86,27.5,300,3478,,,300,,,
2024-03-20T09:29:01,,2024_03_20-08_58,2024_03_20-08_58-1,Sell,300,IFA1/NEMO/EL,2024-03-20T13:00:00,2024-03-20T14:00:00,2024-03-20T09:25:00,80,36.39,41.77,38.86,300,2235,,,300,,,
2024-03-20T09:29:01,,2024_03_20-08_58,2024_03_20-08_58-2,Sell,300,IFA1/NEMO/EL,2024-03-20T14:00:00,2024-03-20T15:00:00,2024-03-20T09:25:00,80,14.18,18.09,16.13,300,2181,50,,100,,150,
2024-03-20T11:27:29,,2024_03_20-11_00,2024_03_20-11_00-1,Sell,200,IFA1/NEMO,2024-03-20T13:00:00,2024-03-20T14:00:00,2024-03-20T11:25:00,80,28.9,38.87,34.78,200,1226,,,200,,,
2024-03-20T11:27:29,,2024_03_20-11_00,2024_03_20-11_00-2,Sell,200,IFA1/NEMO,2024-03-20T14:00:00,2024-03-20T15:00:00,2024-03-20T11:25:00,80,9.19,13.23,10.49,200,1402,100,,100,,,
2024-03-20T12:55:41,,2024_03_20-12_02,2024_03_20-12_02-1,Buy,1000,BN/VKL,2024-03-20T15:00:00,2024-03-20T16:00:00,2024-03-20T12:45:00,58,86.64,74.26,82.7,1000,5592,,600,,,,400
2024-03-20T12:55:41,,2024_03_20-12_02,2024_03_20-12_02-2,Buy,2000,BN/NEMO/VKL,2024-03-20T16:00:00,2024-03-20T17:00:00,2024-03-20T12:45:00,64,116.03,106.09,113.07,2000,7337,,1654,,,,346
2024-03-20T12:55:41,,2024_03_20-12_02,2024_03_20-12_02-3,Buy,3300,BN/NEMO/VKL,2024-03-20T17:00:00,2024-03-20T18:00:00,2024-03-20T12:45:00,80,188.78,173.59,183.85,2700,10283,,1405,842,,,453
2024-03-20T12:55:41,,2024_03_20-12_02,2024_03_20-12_02-4,Buy,3000,BN/NEMO/VKL,2024-03-20T18:00:00,2024-03-20T19:00:00,2024-03-20T12:45:00,95,184.79,170.51,179.78,2400,10339,,1142,859,,,399
2024-03-20T12:55:41,,2024_03_20-12_02,2024_03_20-12_02-5,Buy,1900,BN/NEMO/VKL,2024-03-20T19:00:00,2024-03-20T20:00:00,2024-03-20T12:45:00,75,129.78,121.53,126.99,1900,9482,,1030,414,,,456
2024-03-20T17:18:37,,2024_03_20-16_48,2024_03_20-16_48-1,Buy,500,BN/NEMO/VKL,2024-03-20T20:00:00,2024-03-20T21:00:00,2024-03-20T17:15:00,65,83.83,78.69,80.72,500,2401,,360,140,,,
2024-03-21T00:58:03,,2024_03_21-00_21,2024_03_21-00_21-1,Buy,500,BN/NEMO/VKL,2024-03-21T05:00:00,2024-03-21T06:00:00,2024-03-21T00:50:00,50,0,0,0,0,4089,,,,,,
2024-03-21T00:58:03,,2024_03_21-00_21,2024_03_21-00_21-2,Buy,1300,BN/NEMO/VKL,2024-03-21T06:00:00,2024-03-21T07:00:00,2024-03-21T00:50:00,60,87.88,86.36,87.13,750,5607,,197,128,,,425
2024-03-21T00:58:03,,2024_03_21-00_21,2024_03_21-00_21-3,Buy,1200,BN/NEMO/VKL,2024-03-21T07:00:00,2024-03-21T08:00:00,2024-03-21T00:50:00,70,112.11,95,104.02,650,6896,,115,215,,,320
2024-03-21T13:39:36,,2024_03_21-12_43,2024_03_21-12_43-1,Buy,1500,BN/VKL,2024-03-21T15:00:00,2024-03-21T16:00:00,2024-03-21T13:30:00,50,0,0,0,0,2760,,,,,,
2024-03-21T13:39:36,,2024_03_21-12_43,2024_03_21-12_43-2,Buy,1700,BN/NEMO/VKL,2024-03-21T16:00:00,2024-03-21T17:00:00,2024-03-21T13:30:00,60,0,0,0,0,3273,,,,,,
2024-03-21T13:39:36,,2024_03_21-12_43,2024_03_21-12_43-3,Buy,2800,BN/NEMO/VKL,2024-03-21T17:00:00,2024-03-21T18:00:00,2024-03-21T13:30:00,70,0,0,0,0,6778,,,,,,
2024-03-21T13:39:36,,2024_03_21-12_43,2024_03_21-12_43-4,Buy,2600,IFA1/IFA2/BN/NEMO/VKL,2024-03-21T18:00:00,2024-03-21T19:00:00,2024-03-21T13:30:00,90,0,0,0,0,7100,,,,,,
2024-03-22T11:27:58,,2024_03_22-10_54,2024_03_22-10_54-1,Buy,800,BN,2024-03-22T13:00:00,2024-03-22T14:00:00,2024-03-22T11:20:00,38,98.99,62.9,78.69,586,761,,586,,,,
2024-03-22T11:27:58,,2024_03_22-10_54,2024_03_22-10_54-2,Buy,300,BN,2024-03-22T14:00:00,2024-03-22T15:00:00,2024-03-22T11:20:00,38,76,71.97,74.51,300,1258,,300,,,,
2024-03-22T14:25:26,,2024_03_22-13_41,2024_03_22-13_41-1,Buy,800,BN/NEMO,2024-03-22T17:00:00,2024-03-22T18:00:00,2024-03-22T14:20:00,65,86.71,65.64,84.01,800,4147,,700,100,,,
2024-03-22T14:25:26,,2024_03_22-13_41,2024_03_22-13_41-2,Buy,800,BN/NEMO,2024-03-22T18:00:00,2024-03-22T19:00:00,2024-03-22T14:20:00,65,87.18,81.53,85.36,800,4099,,707,93,,,
2024-03-22T14:25:26,,2024_03_22-13_41,2024_03_22-13_41-3,Buy,800,BN/NEMO,2024-03-22T19:00:00,2024-03-22T20:00:00,2024-03-22T14:20:00,65,77,73.01,75.63,800,3487,,650,150,,,
2024-03-23T00:37:03,,2024_03_23-00_02,2024_03_23-00_02-1,Sell,700,IFA1/IFA2,2024-03-23T03:00:00,2024-03-23T04:00:00,2024-03-23T00:35:00,10,-6.15,-3.86,-5.38,700,3247,400,,,300,,
2024-03-23T00:37:03,,2024_03_23-00_02,2024_03_23-00_02-2,Sell,700,IFA1/IFA2,2024-03-23T04:00:00,2024-03-23T05:00:00,2024-03-23T00:35:00,10,-5.79,-1.24,-4.35,700,2948,500,,,200,,
2024-03-23T13:22:44,,2024_03_23-12_45,2024_03_23-12_45-1,Sell,500,IFA1/IFA2/NEMO/BN/VKL,2024-03-23T15:00:00,2024-03-23T16:00:00,2024-03-23T13:20:00,8,-2.58,1,-1.01,500,3892,,98,260,,,142
2024-03-23T13:22:44,,2024_03_23-12_45,2024_03_23-12_45-2,Buy,600,BN/NEMO/VKL,2024-03-23T16:00:00,2024-03-23T17:00:00,2024-03-23T13:20:00,1,44.19,35.14,41.18,600,1574,,,306,,,294
2024-03-23T13:22:44,,2024_03_23-12_45,2024_03_23-12_45-3,Buy,500,BN/VKL,2024-03-23T17:00:00,2024-03-23T18:00:00,2024-03-23T13:20:00,35,72.9,59.63,63.91,500,560,,,,,,500
2024-03-23T22:18:53,,2024_03_23-21_30,2024_03_23-21_30-1,Sell,800,IFA1/IFA2/NEMO/BN/VKL,2024-03-24T02:00:00,2024-03-24T03:00:00,2024-03-23T22:15:00,20,-0.47,4.3,2.16,800,5332,82,375,227,66,,50
2024-03-23T22:18:53,,2024_03_23-21_30,2024_03_23-21_30-2,Sell,1200,IFA1/IFA2/NEMO/BN/VKL,2024-03-24T03:00:00,2024-03-24T04:00:00,2024-03-23T22:15:00,20,-7.41,5.02,-4.23,1200,5231,673,326,151,,,50
2024-03-23T22:18:53,,2024_03_23-21_30,2024_03_23-21_30-3,Sell,1400,IFA1/IFA2/NEMO/BN/VKL,2024-03-24T04:00:00,2024-03-24T05:00:00,2024-03-23T22:15:00,20,-4.3,5.86,-1.48,1400,5501,678,427,227,,,68
2024-03-23T22:18:53,,2024_03_23-21_30,2024_03_23-21_30-4,Sell,1800,IFA1/IFA2/NEMO/BN/VKL,2024-03-24T05:00:00,2024-03-24T06:00:00,2024-03-23T22:15:00,20,-3.36,4.4,-0.96,1800,6047,690,426,477,139,,68
2024-03-23T22:18:53,,2024_03_23-21_30,2024_03_23-21_30-5,Sell,2400,IFA1/IFA2/NEMO/BN/VKL,2024-03-24T06:00:00,2024-03-24T07:00:00,2024-03-23T22:15:00,20,-10.87,-3.43,-7.41,2400,6481,1292,300,399,359,,50
2024-03-24T00:16:46,,2024_03_23-23_20,2024_03_23-23_20-1,Sell,3400,IFA1/IFA2/BN/NEMO/VKL/EL,2024-03-24T07:00:00,2024-03-24T08:00:00,2024-03-24T00:10:00,20,-20.92,-2.73,-17.31,3400,13525,610,900,900,400,426,164
2024-03-24T00:16:46,,2024_03_23-23_20,2024_03_23-23_20-2,Sell,4200,IFA1/IFA2/BN/NEMO/VKL/EL,2024-03-24T08:00:00,2024-03-24T09:00:00,2024-03-24T00:10:00,20,-22.96,12.79,-19.32,4200,15254,1032,795,581,681,800,311
2024-03-24T00:16:46,,2024_03_23-23_20,2024_03_23-23_20-3,Sell,2400,IFA1/IFA2/BN/NEMO/VKL/EL,2024-03-24T09:00:00,2024-03-24T10:00:00,2024-03-24T00:10:00,25,-15.81,3.59,-13.11,2400,14696,656,,375,573,600,196
2024-03-24T00:16:46,,2024_03_23-23_20,2024_03_23-23_20-4,Sell,2400,IFA1/IFA2/BN/NEMO/VKL/EL,2024-03-24T10:00:00,2024-03-24T11:00:00,2024-03-24T00:10:00,35,-14.15,20.44,-8.76,2400,14823,388,,275,491,326,920
2024-03-24T00:16:46,,2024_03_23-23_20,2024_03_23-23_20-5,Sell,1600,IFA1/IFA2/BN/NEMO/VKL/EL,2024-03-24T11:00:00,2024-03-24T12:00:00,2024-03-24T00:10:00,57,-10.64,20.05,5.45,1600,14007,50,,,,50,1500
2024-03-24T00:16:46,,2024_03_23-23_20,2024_03_23-23_20-6,Sell,300,IFA1/IFA2/BN/NEMO/VKL/EL,2024-03-24T12:00:00,2024-03-24T13:00:00,2024-03-24T00:10:00,78,28.57,31.85,29.99,300,6540,,,,,,300
2024-03-24T10:31:38,"Due to French electricity system conditions, NGESO is unable to trade on the interconnectors joining GB and France.",2024_03_24-10_03,2024_03_24-10_03-1,Sell,300,IFA1/IFA2/BN/NEMO/VKL,2024-03-24T12:00:00,2024-03-24T13:00:00,2024-03-24T10:25:00,80,13.9,20,17.92,300,3860,,,,,,300
2024-03-24T10:31:38,"Due to French electricity system conditions, NGESO is unable to trade on the interconnectors joining GB and France.",2024_03_24-10_03,2024_03_24-10_03-2,Sell,750,IFA1/IFA2/BN/NEMO/VKL,2024-03-24T13:00:00,2024-03-24T14:00:00,2024-03-24T10:25:00,85,1.3,20,10.32,750,5246,,,,,,750
2024-03-24T10:31:38,"Due to French electricity system conditions, NGESO is unable to trade on the interconnectors joining GB and France.",2024_03_24-10_03,2024_03_24-10_03-3,Sell,600,IFA1/IFA2/BN/NEMO/VKL,2024-03-24T14:00:00,2024-03-24T15:00:00,2024-03-24T10:25:00,90,2.95,16.05,10.4,600,5203,,,,,,600
2024-03-24T11:27:25,"Due to French electricity system conditions, NGESO is unable to trade on the interconnectors joining GB and France.",2024_03_24-10_57,2024_03_24-10_57-1,Sell,250,IFA1/IFA2/BN/NEMO/VKL,2024-03-24T13:00:00,2024-03-24T14:00:00,2024-03-24T11:25:00,85,2.64,8.67,4.84,250,3071,,,,,,250
2024-03-24T11:27:25,"Due to French electricity system conditions, NGESO is unable to trade on the interconnectors joining GB and France.",2024_03_24-10_57,2024_03_24-10_57-2,Sell,400,IFA1/IFA2/BN/NEMO/VKL,2024-03-24T14:00:00,2024-03-24T15:00:00,2024-03-24T11:25:00,90,6.95,15.53,11.32,400,3225,,,,,,400
2024-03-24T11:27:25,"Due to French electricity system conditions, NGESO is unable to trade on the interconnectors joining GB and France.",2024_03_24-10_57,2024_03_24-10_57-3,Sell,500,IFA1/IFA2/BN/NEMO/VKL,2024-03-24T15:00:00,2024-03-24T16:00:00,2024-03-24T11:25:00,80,8.9,13.05,10.95,500,6336,,,,,,500
2024-03-24T23:24:27,,2024_03_24-22_42,2024_03_24-22_42-1,Buy,600,IFA1/IFA2/EL/BN/NEMO/VKL,2024-03-25T06:00:00,2024-03-25T07:00:00,2024-03-24T23:10:00,55,100.63,98.73,99.93,600,5685,,,75,,333,192
2024-03-25T13:16:45,,2024_03_25-12_43,2024_03_25-12_43-1,Sell,300,IFA1/BN/NEMO,2024-03-25T15:00:00,2024-03-25T16:00:00,2024-03-25T13:15:00,75,34.12,46.38,39.3,300,5247,,300,,,,
2024-03-25T17:01:35,,2024_03_25-16_04,2024_03_25-16_04-1,Sell,500,IFA1/BN/NEMO,2024-03-25T19:00:00,2024-03-25T20:00:00,2024-03-25T17:00:00,95,62.77,66.14,64.29,500,3901,,200,300,,,
2024-03-25T17:01:35,,2024_03_25-16_04,2024_03_25-16_04-2,Sell,500,IFA1/BN/NEMO,2024-03-25T20:00:00,2024-03-25T21:00:00,2024-03-25T17:00:00,75,54.77,58.42,56.23,500,4043,,249,251,,,
2024-03-25T17:01:35,,2024_03_25-16_04,2024_03_25-16_04-3,Sell,400,IFA1/BN/NEMO,2024-03-25T21:00:00,2024-03-25T22:00:00,2024-03-25T17:00:00,75,57.68,64.03,59.3,400,4087,,280,120,,,
2024-03-25T22:29:54,,2024_03_25-22_04,2024_03_25-22_04-1,Sell,500,IFA1/BN/NEMO,2024-03-26T00:00:00,2024-03-26T01:00:00,2024-03-25T22:25:00,75,52.32,54.51,53.1,500,3100,,362,138,,,
2024-03-25T22:29:54,,2024_03_25-22_04,2024_03_25-22_04-2,Sell,500,IFA1/BN/NEMO,2024-03-26T01:00:00,2024-03-26T02:00:00,2024-03-25T22:25:00,70,49.5,51.59,50.64,500,3211,,400,100,,,
2024-03-25T23:25:58,,2024_03_25-22_49,2024_03_25-22_49-1,Sell,500,IFA1/BN/NEMO,2024-03-26T02:00:00,2024-03-26T03:00:00,2024-03-25T23:20:00,70,50.36,51.6,51.06,500,2712,,201,299,,,
2024-03-25T23:25:58,,2024_03_25-22_49,2024_03_25-22_49-2,Sell,500,IFA1/BN/NEMO,2024-03-26T03:00:00,2024-03-26T04:00:00,2024-03-25T23:20:00,70,51.82,53.32,52.55,500,2772,,150,350,,,
2024-03-25T23:25:58,,2024_03_25-22_49,2024_03_25-22_49-3,Sell,500,IFA1/BN/NEMO,2024-03-26T04:00:00,2024-03-26T05:00:00,2024-03-25T23:20:00,70,50.98,52.8,51.75,500,2596,,200,300,,,
2024-03-25T23:25:58,,2024_03_25-22_49,2024_03_25-22_49-4,Sell,500,IFA1/BN/NEMO,2024-03-26T05:00:00,2024-03-26T06:00:00,2024-03-25T23:20:00,80,58.93,60.27,59.51,500,2455,,100,400,,,
2024-03-26T00:23:28,,2024_03_25-23_58,2024_03_25-23_58-1,Sell,400,IFA1/IFA2/BN/NEMO/VKL,2024-03-26T02:00:00,2024-03-26T03:00:00,2024-03-26T00:20:00,70,50.93,53.32,52.03,400,2862,,100,100,,,200
2024-03-26T00:23:28,,2024_03_25-23_58,2024_03_25-23_58-2,Sell,400,IFA1/IFA2/BN/NEMO/VKL,2024-03-26T03:00:00,2024-03-26T04:00:00,2024-03-26T00:20:00,70,52.32,55.76,53.07,400,3044,,,150,,,250
2024-03-26T00:23:28,,2024_03_25-23_58,2024_03_25-23_58-3,Sell,400,IFA1/IFA2/BN/NEMO/VKL,2024-03-26T04:00:00,2024-03-26T05:00:00,2024-03-26T00:20:00,70,53.49,60.05,56.39,400,2667,,,,,,400
2024-03-26T00:23:28,,2024_03_25-23_58,2024_03_25-23_58-4,Sell,400,IFA1/IFA2/BN/NEMO/VKL/EL,2024-03-26T05:00:00,2024-03-26T06:00:00,2024-03-26T00:20:00,80,57.56,61.76,59.36,400,3072,,,75,,,325
2024-03-27T00:40:22,,2024_03_27-00_06,2024_03_27-00_06-1,Sell,150,IFA1/EL/NEMO,2024-03-27T09:00:00,2024-03-27T10:00:00,2024-03-27T00:30:00,80,67.82,69.49,68.66,150,1965,,,150,,,
2024-03-27T00:40:22,,2024_03_27-00_06,2024_03_27-00_06-2,Sell,150,IFA1/EL/NEMO,2024-03-27T10:00:00,2024-03-27T11:00:00,2024-03-27T00:30:00,80,55.81,57.48,56.65,150,1987,,,150,,,
2024-03-27T09:31:12,,2024_03_27-08_58,2024_03_27-08_58-1,Sell,150,IFA1/NEMO,2024-03-27T11:00:00,2024-03-27T12:00:00,2024-03-27T09:20:00,50,64.49,65.24,64.99,150,2085,,,150,,,
2024-03-27T09:31:12,,2024_03_27-08_58,2024_03_27-08_58-2,Sell,175,IFA1/NEMO,2024-03-27T12:00:00,2024-03-27T13:00:00,2024-03-27T09:20:00,50,59.6,62.12,60.27,175,2267,,,175,,,
2024-03-27T09:31:12,,2024_03_27-08_58,2024_03_27-08_58-3,Sell,150,IFA1/NEMO/EL,2024-03-27T13:00:00,2024-03-27T14:00:00,2024-03-27T09:20:00,50,58.55,58.55,58.55,150,2207,,,150,,,
2024-03-27T09:31:12,,2024_03_27-08_58,2024_03_27-08_58-4,Sell,150,IFA1/NEMO/EL,2024-03-27T14:00:00,2024-03-27T15:00:00,2024-03-27T09:20:00,50,58.55,58.55,58.55,150,2207,,,150,,,
2024-03-27T09:31:12,,2024_03_27-08_58,2024_03_27-08_58-5,Sell,150,IFA1/NEMO/EL,2024-03-27T15:00:00,2024-03-27T16:00:00,2024-03-27T09:20:00,50,51.63,58.76,56.38,150,2056,,,150,,,
2024-03-27T14:27:27,,2024_03_27-13_55,2024_03_27-13_55-1,Buy,300,NEMO/BN/VKL,2024-03-27T17:00:00,2024-03-27T18:00:00,2024-03-27T14:20:00,78,108.94,99.17,103.97,300,2656,,300,,,,
2024-03-27T14:27:27,,2024_03_27-13_55,2024_03_27-13_55-2,Buy,500,NEMO/BN/VKL,2024-03-27T18:00:00,2024-03-27T19:00:00,2024-03-27T14:20:00,78,122.98,103.65,111.25,500,2281,,361,,,,139
2024-03-27T23:08:14,,2024_03_27-22_28,2024_03_27-22_28-1,Sell,800,IFA1/BN/NEMO/IFA2/VKL,2024-03-28T01:00:00,2024-03-28T02:00:00,2024-03-27T23:00:00,63,32.17,37.74,35.09,800,6062,,150,,,,650
2024-03-27T23:08:14,,2024_03_27-22_28,2024_03_27-22_28-2,Sell,1400,IFA1/BN/NEMO/IFA2/VKL,2024-03-28T02:00:00,2024-03-28T03:00:00,2024-03-27T23:00:00,60,12.73,30.88,18.79,1400,6199,,608,,,,792
2024-03-27T23:08:14,,2024_03_27-22_28,2024_03_27-22_28-3,Sell,1300,IFA1/BN/NEMO/IFA2/VKL,2024-03-28T03:00:00,2024-03-28T04:00:00,2024-03-27T23:00:00,56,12.67,31.47,19.15,1300,5969,4,641,,,,655
2024-03-27T23:08:14,,2024_03_27-22_28,2024_03_27-22_28-4,Sell,1000,IFA1/BN/NEMO/IFA2/VKL,2024-03-28T04:00:00,2024-03-28T05:00:00,2024-03-27T23:00:00,55,11.63,36.02,21.81,1000,5056,,535,125,,,340
2024-03-28T01:38:46,,2024_03_28-01_10,2024_03_28-01_10-1,Sell,250,IFA1/NEMO/EL,2024-03-28T08:00:00,2024-03-28T09:00:00,2024-03-28T01:35:00,88,18.9,25.8,22.7,250,2951,,,250,,,
2024-03-28T01:38:46,,2024_03_28-01_10,2024_03_28-01_10-2,Sell,400,IFA1/NEMO/EL,2024-03-28T09:00:00,2024-03-28T10:00:00,2024-03-28T01:35:00,84,1.12,8.6,5.74,400,3601,50,,350,,,
2024-03-28T01:38:46,,2024_03_28-01_10,2024_03_28-01_10-3,Sell,400,IFA1/NEMO/EL,2024-03-28T10:00:00,2024-03-28T11:00:00,2024-03-28T01:35:00,78,-0.86,4.3,2.05,400,3601,50,,350,,,
2024-03-28T09:26:22,,2024_03_28-08_37,2024_03_28-08_37-1,Sell,400,IFA1/NEMO,2024-03-28T11:00:00,2024-03-28T12:00:00,2024-03-28T09:20:00,70,-0.25,10.22,3.04,400,2533,,,400,,,
2024-03-28T09:26:22,,2024_03_28-08_37,2024_03_28-08_37-2,Sell,400,IFA1/NEMO,2024-03-28T12:00:00,2024-03-28T13:00:00,2024-03-28T09:20:00,66,-5.04,1,-2.32,400,2517,150,,250,,,
2024-03-28T14:22:19,,2024_03_28-13_39,2024_03_28-13_39-1,Sell,1000,IFA1/NEMO,2024-03-28T16:00:00,2024-03-28T17:00:00,2024-03-28T14:20:00,73,-1.24,3.78,1.67,1000,2625,517,,483,,,
2024-03-28T14:22:19,,2024_03_28-13_39,2024_03_28-13_39-2,Sell,1000,IFA1/NEMO,2024-03-28T17:00:00,2024-03-28T18:00:00,2024-03-28T14:20:00,87,9.65,13.4,11.46,1000,5617,400,,600,,,
2024-03-28T15:34:11,,2024_03_28-14_38,2024_03_28-14_38-1,Sell,250,IFA1/NEMO,2024-03-28T18:00:00,2024-03-28T19:00:00,2024-03-28T15:30:00,103,28.42,29.38,28.85,250,2380,200,,50,,,
2024-03-28T15:34:11,,2024_03_28-14_38,2024_03_28-14_38-2,Sell,400,IFA1/NEMO/EL,2024-03-28T19:00:00,2024-03-28T20:00:00,2024-03-28T15:30:00,102,13.43,15.11,14.14,400,4517,349,,51,,,
2024-03-28T15:34:11,,2024_03_28-14_38,2024_03_28-14_38-3,Sell,400,IFA1/NEMO/EL,2024-03-28T20:00:00,2024-03-28T21:00:00,2024-03-28T15:30:00,87,12.59,15,13.63,400,4796,132,,268,,,
2024-03-28T15:34:11,,2024_03_28-14_38,2024_03_28-14_38-4,Sell,400,IFA1/NEMO/EL,2024-03-28T21:00:00,2024-03-28T22:00:00,2024-03-28T15:30:00,69,15.34,17.63,16.26,400,4705,313,,87,,,
2024-03-28T15:34:11,,2024_03_28-14_38,2024_03_28-14_38-5,Sell,400,IFA1/NEMO/EL,2024-03-28T22:00:00,2024-03-28T23:00:00,2024-03-28T15:30:00,55,20,23.24,21.81,400,4720,,,400,,,
2024-03-28T21:04:56,,2024_03_28-20_27,2024_03_28-20_27-1,Sell,200,IFA1/BN/NEMO,2024-03-28T23:00:00,2024-03-29T00:00:00,2024-03-28T21:00:00,60,20.52,21.25,20.76,200,5009,101,99,,,,
2024-03-28T21:04:56,,2024_03_28-20_27,2024_03_28-20_27-2,Sell,200,IFA1/BN/NEMO,2024-03-29T00:00:00,2024-03-29T01:00:00,2024-03-28T21:00:00,65,16.49,18.03,16.79,200,3551,,200,,,,
2024-03-28T21:04:56,,2024_03_28-20_27,2024_03_28-20_27-3,Sell,200,IFA1/BN/NEMO,2024-03-29T01:00:00,2024-03-29T02:00:00,2024-03-28T21:00:00,65,8.29,9.35,9.04,200,3701,200,,,,,
2024-03-28T21:04:56,,2024_03_28-20_27,2024_03_28-20_27-4,Sell,200,IFA1/BN/NEMO,2024-03-29T02:00:00,2024-03-29T03:00:00,2024-03-28T21:00:00,65,9.82,10.78,10.18,200,4186,50,150,,,,
2024-03-28T21:04:56,,2024_03_28-20_27,2024_03_28-20_27-5,Sell,550,IFA1/BN/NEMO/VKL/IFA2,2024-03-28T23:00:00,2024-03-29T00:00:00,2024-03-28T21:00:00,60,19.89,20.52,20.17,550,6717,100,227,,50,,173
2024-03-28T21:04:56,,2024_03_28-20_27,2024_03_28-20_27-6,Sell,100,IFA1/BN/NEMO/VKL/IFA2,2024-03-29T00:00:00,2024-03-29T01:00:00,2024-03-28T21:00:00,65,16.79,17.69,17.24,100,4453,,0,,,,100
2024-03-28T21:04:56,,2024_03_28-20_27,2024_03_28-20_27-7,Sell,100,IFA1/BN/NEMO/VKL/IFA2,2024-03-29T01:00:00,2024-03-29T02:00:00,2024-03-28T21:00:00,65,12.01,12.76,12.39,100,4603,0,,,,,100
2024-03-28T21:04:56,,2024_03_28-20_27,2024_03_28-20_27-8,Sell,250,IFA1/BN/NEMO/VKL/IFA2,2024-03-29T02:00:00,2024-03-29T03:00:00,2024-03-28T21:00:00,65,9.83,11.11,10.28,250,5669,0,0,,50,,200
2024-03-29T00:32:30,,2024_03_29-00_04,2024_03_29-00_04-1,Sell,700,IFA2/IFA1/BN/NEMO/VKL,2024-03-29T03:00:00,2024-03-29T04:00:00,2024-03-29T00:30:00,65,10.79,12.79,11.16,700,6788,175,125,100,300,,
2024-03-29T00:32:30,,2024_03_29-00_04,2024_03_29-00_04-2,Sell,900,IFA2/IFA1/BN/NEMO/VKL,2024-03-29T04:00:00,2024-03-29T05:00:00,2024-03-29T00:30:00,65,13.53,19.12,15.23,900,6930,100,500,,300,,
2024-03-29T00:32:30,,2024_03_29-00_04,2024_03_29-00_04-3,Sell,700,IFA2/IFA1/EL/BN/NEMO/VKL,2024-03-29T05:00:00,2024-03-29T06:00:00,2024-03-29T00:30:00,70,17.9,19.9,18.63,700,8243,100,525,75,,,
2024-03-29T00:32:30,,2024_03_29-00_04,2024_03_29-00_04-4,Sell,500,IFA2/IFA1/EL/BN/NEMO/VKL,2024-03-29T06:00:00,2024-03-29T07:00:00,2024-03-29T00:30:00,80,27.25,34.97,29.22,500,7980,,254,246,,,
2024-03-29T04:33:10,,2024_03_29-04_05,2024_03_29-04_05-1,Sell,550,IFA1/BN/NEMO,2024-03-29T07:00:00,2024-03-29T08:00:00,2024-03-29T04:30:00,95,18.15,23,20.82,550,4503,,500,50,,,
2024-03-29T04:33:10,,2024_03_29-04_05,2024_03_29-04_05-2,Sell,550,IFA1/BN/NEMO,2024-03-29T08:00:00,2024-03-29T09:00:00,2024-03-29T04:30:00,100,26.63,38.25,31.6,550,4573,,550,,,,
2024-03-29T04:33:10,,2024_03_29-04_05,2024_03_29-04_05-3,Sell,650,IFA1/BN/NEMO,2024-03-29T09:00:00,2024-03-29T10:00:00,2024-03-29T04:30:00,105,22.39,29,24.97,650,4881,,610,40,,,
2024-03-29T04:33:10,,2024_03_29-04_05,2024_03_29-04_05-4,Sell,650,IFA1/BN/NEMO/EL,2024-03-29T10:00:00,2024-03-29T11:00:00,2024-03-29T04:30:00,95,13.39,18,15.85,650,5689,50,600,,,,
2024-03-29T14:03:37,,2024_03_29-13_34,2024_03_29-13_34-1,Buy,500,VKL,2024-03-29T16:00:00,2024-03-29T17:00:00,2024-03-29T14:00:00,50,96.32,79.63,87.16,500,847,,,,,,500
2024-03-29T14:03:37,,2024_03_29-13_34,2024_03_29-13_34-2,Buy,500,VKL,2024-03-29T17:00:00,2024-03-29T18:00:00,2024-03-29T14:00:00,60,111.88,107.04,110.1,392,964,,,,,,392
2024-03-29T20:33:01,,2024_03_29-20_01,2024_03_29-20_01-1,Sell,300,IFA2/NEMO/BN/VKL,2024-03-29T23:00:00,2024-03-30T00:00:00,2024-03-29T20:30:00,70,56.75,58.67,57.28,300,3492,,116,75,10,,99
2024-03-29T20:33:01,,2024_03_29-20_01,2024_03_29-20_01-2,Sell,300,IFA2/NEMO/BN/VKL,2024-03-30T02:00:00,2024-03-30T03:00:00,2024-03-29T20:30:00,65,50.17,55.32,52.28,300,3455,,300,,,,
2024-03-30T01:03:19,,2024_03_30-00_34,2024_03_30-00_34-1,Sell,500,IFA2/BN/NEMO/EL/VKL,2024-03-30T05:00:00,2024-03-30T06:00:00,2024-03-30T01:00:00,70,52.12,53.87,52.59,500,3906,,500,,,,
2024-03-30T01:03:19,,2024_03_30-00_34,2024_03_30-00_34-2,Sell,1200,IFA2/BN/NEMO/EL/VKL,2024-03-30T06:00:00,2024-03-30T07:00:00,2024-03-30T01:00:00,80,46.12,51.31,47.9,1200,5492,,820,,,,380
2024-03-30T01:03:19,,2024_03_30-00_34,2024_03_30-00_34-3,Sell,600,IFA2/BN/NEMO/EL/VKL,2024-03-30T07:00:00,2024-03-30T08:00:00,2024-03-30T01:00:00,80,47.83,53.87,49.72,600,4974,,600,,,,
2024-03-30T11:56:38,,2024_03_30-11_19,2024_03_30-11_19-1,Sell,1000,BN/NEMO/IFA2/VKL,2024-03-30T14:00:00,2024-03-30T15:00:00,2024-03-30T11:50:00,70,56.91,60.1,58.81,1000,5179,,258,742,,,
2024-03-30T11:56:38,,2024_03_30-11_19,2024_03_30-11_19-2,Sell,1000,BN/NEMO/IFA2/VKL,2024-03-30T15:00:00,2024-03-30T16:00:00,2024-03-30T11:50:00,75,58.12,61.57,59.7,1000,6195,,200,800,,,
2024-03-30T20:04:43,,2024_03_30-19_20,2024_03_30-19_20-1,Sell,300,IFA1/BN/NEMO/IFA2/VKL,2024-03-30T23:00:00,2024-03-31T00:00:00,2024-03-30T20:00:00,100,59.29,65.45,63.02,300,3437,,125,175,,,
2024-03-30T20:04:43,,2024_03_30-19_20,2024_03_30-19_20-2,Sell,300,IFA1/BN/NEMO/IFA2/VKL,2024-03-31T00:00:00,2024-03-31T01:00:00,2024-03-30T20:00:00,100,55.33,59.99,57.1,300,2805,,175,125,,,
2024-03-30T23:52:58,,2024_03_30-23_19,2024_03_30-23_19-1,Sell,1500,IFA1/BN/NEMO/IFA2/VKL,2024-03-31T02:00:00,2024-03-31T03:00:00,2024-03-30T23:50:00,90,49.17,55.66,51.29,1500,3992,,950,,,,550
2024-03-30T23:52:58,,2024_03_30-23_19,2024_03_30-23_19-2,Sell,1900,IFA1/BN/NEMO/IFA2/VKL,2024-03-31T03:00:00,2024-03-31T04:00:00,2024-03-30T23:50:00,90,44.29,51.39,47,1900,4697,,1102,,,,798
2024-03-31T01:23:02,,2024_03_31-00_27,2024_03_31-00_27-1,Sell,2100,IFA1/BN/NEMO/IFA2/EL/VKL,2024-03-31T04:00:00,2024-03-31T05:00:00,2024-03-31T01:10:00,75,26.5,37.54,31.59,2100,6340,,1008,,,,1092
2024-03-31T01:23:02,,2024_03_31-00_27,2024_03_31-00_27-2,Sell,2700,IFA1/BN/NEMO/IFA2/EL/VKL,2024-03-31T05:00:00,2024-03-31T06:00:00,2024-03-31T01:10:00,75,0.2,39.26,28.51,2700,6031,,1100,329,,,1271
2024-03-31T03:03:01,,2024_03_31-03_04,2024_03_31-03_04-1,Sell,2500,IFA1/BN/NEMO/IFA2/VKL,2024-03-31T06:00:00,2024-03-31T07:00:00,2024-03-31T02:50:00,85,14.93,25.63,20.2,2500,11797,,1400,,,,1100
2024-03-31T03:03:01,,2024_03_31-03_04,2024_03_31-03_04-2,Sell,1900,IFA1/BN/NEMO/IFA2/VKL,2024-03-31T07:00:00,2024-03-31T08:00:00,2024-03-31T02:50:00,85,12.06,18.25,15.01,1900,11222,400,900,,100,,500
2024-03-31T03:03:01,,2024_03_31-03_04,2024_03_31-03_04-3,Sell,2050,IFA1/BN/NEMO/IFA2/VKL,2024-03-31T08:00:00,2024-03-31T09:00:00,2024-03-31T02:50:00,100,1.61,10.78,6.33,2050,11603,400,400,200,100,,950
2024-03-31T03:03:01,,2024_03_31-03_04,2024_03_31-03_04-4,Sell,2350,IFA1/BN/NEMO/IFA2/EL/VKL,2024-03-31T09:00:00,2024-03-31T10:00:00,2024-03-31T02:50:00,90,-8.1,2.5,-3.05,2350,11015,450,,270,100,424,1106
2024-03-31T07:36:10,,2024_03_31-08_11,2024_03_31-08_11-1,Sell,3700,IFA1/BN/NEMO/IFA2/VKL,2024-03-31T10:00:00,2024-03-31T11:00:00,2024-03-31T07:32:00,70,-13.68,12.15,-4.87,3700,11030,1650,,250,600,,1200
2024-03-31T07:36:10,,2024_03_31-08_11,2024_03_31-08_11-2,Sell,3200,IFA1/BN/NEMO/IFA2/VKL,2024-03-31T11:00:00,2024-03-31T12:00:00,2024-03-31T07:32:00,65,-15,5.12,-7.66,3200,10476,1306,,294,400,,1200
2024-03-31T09:54:06,,2024_03_31-10_22,2024_03_31-10_22-1,Sell,2600,IFA1/BN/NEMO/IFA2/VKL,2024-03-31T12:00:00,2024-03-31T13:00:00,2024-03-31T09:50:00,60,-21.38,-6.93,-16.97,2600,8236,617,,100,810,,1073
2024-03-31T09:54:06,,2024_03_31-10_22,2024_03_31-10_22-2,Sell,2600,IFA1/BN/NEMO/IFA2/VKL,2024-03-31T13:00:00,2024-03-31T14:00:00,2024-03-31T09:50:00,60,-20.43,-8.55,-15.85,2600,7947,961,,,710,,929
2024-03-31T11:20:28,,2024_03_31-11_46,2024_03_31-11_46-1,Sell,1200,IFA1/BN/NEMO/IFA2/VKL,2024-03-31T14:00:00,2024-03-31T15:00:00,2024-03-31T11:15:00,60,20.23,28.33,23.2,1200,7853,,1200,,,,
2024-03-31T11:20:28,,2024_03_31-11_46,2024_03_31-11_46-2,Sell,1600,IFA1/BN/NEMO/IFA2/VKL/EL,2024-03-31T15:00:00,2024-03-31T16:00:00,2024-03-31T11:15:00,60,27.1,37.94,32.93,1600,7146,,600,20,,,980
2024-03-31T18:13:20,,2024_03_31-18_24,2024_03_31-18_24-1,Sell,600,IFA1/BN/NEMO/IFA2/VKL,2024-03-31T20:00:00,2024-03-31T21:00:00,2024-03-31T18:10:00,75,45.54,55,49.78,600,4942,,375,225,,,
2024-03-31T18:13:20,,2024_03_31-18_24,2024_03_31-18_24-2,Sell,1000,IFA1/BN/NEMO/IFA2/VKL,2024-03-31T21:00:00,2024-03-31T22:00:00,2024-03-31T18:10:00,75,33.96,53,40.52,1000,5191,,50,439,,,511
2024-03-31T19:45:48,,2024_03_31-20_05,2024_03_31-20_05-1,Sell,1300,IFA1/BN/NEMO/IFA2/VKL,2024-03-31T22:00:00,2024-03-31T23:00:00,2024-03-31T19:40:00,60,28.11,32.49,29.85,1300,7818,,423,50,,,827
2024-03-31T19:45:48,,2024_03_31-20_05,2024_03_31-20_05-2,Sell,3500,IFA1/BN/NEMO/IFA2/VKL,2024-03-31T23:00:00,2024-04-01T00:00:00,2024-03-31T19:40:00,55,11.46,29.07,19.91,3500,8699,777,1401,101,121,,1100
2024-03-31T19:45:48,,2024_03_31-20_05,2024_03_31-20_05-3,Sell,3200,IFA1/BN/NEMO/IFA2/VKL,2024-04-01T00:00:00,2024-04-01T01:00:00,2024-03-31T19:40:00,55,9.13,26.51,15.76,3200,8707,771,849,226,154,,1200
2024-03-31T22:19:36,,2024_03_31-22_25,2024_03_31-22_25-1,Sell,3100,IFA1/BN/NEMO/IFA2/VKL,2024-04-01T01:00:00,2024-04-01T02:00:00,2024-03-31T22:10:00,55,5.69,23.97,11.8,3100,8335,700,989,200,11,,1200
2024-03-31T22:19:36,,2024_03_31-22_25,2024_03_31-22_25-2,Sell,3000,IFA1/BN/NEMO/IFA2/VKL,2024-04-01T02:00:00,2024-04-01T03:00:00,2024-03-31T22:10:00,55,0.17,26.52,9.86,3000,7955,526,952,361,161,,1000
2024-03-31T22:19:36,,2024_03_31-22_25,2024_03_31-22_25-3,Sell,3000,IFA1/BN/NEMO/IFA2/VKL,2024-04-01T03:00:00,2024-04-01T04:00:00,2024-03-31T22:10:00,55,3.34,29.92,12.21,3000,7684,600,550,450,400,,1000
2024-03-31T22:19:36,,2024_03_31-22_25,2024_03_31-22_25-4,Sell,3000,IFA1/BN/NEMO/IFA2/VKL/EL,2024-04-01T04:00:00,2024-04-01T05:00:00,2024-03-31T22:10:00,55,8.34,40.35,28.09,3000,9703,79,1621,400,,,900
2024-03-31T22:19:36,,2024_03_31-22_25,2024_03_31-22_25-5,Sell,2500,IFA1/BN/NEMO/IFA2/VKL/EL,2024-04-01T05:00:00,2024-04-01T06:00:00,2024-03-31T22:10:00,65,30.1,44.92,37.67,2500,9765,,1152,175,,,1173
2024-03-31T23:50:43,,2024_04_01-00_03,2024_04_01-00_03-1,Sell,2300,IFA1/BN/NEMO/IFA2/VKL/EL,2024-04-01T06:00:00,2024-04-01T07:00:00,2024-03-31T23:45:00,70,40.46,48.1,45.35,2300,12613,,1100,,,,1200
2024-03-31T23:50:43,,2024_04_01-00_03,2024_04_01-00_03-2,Sell,2300,IFA1/BN/NEMO/IFA2/VKL/EL,2024-04-01T07:00:00,2024-04-01T08:00:00,2024-03-31T23:45:00,85,44.77,53.51,49.68,2300,13512,,1100,,,,1200
2024-03-31T23:50:43,,2024_04_01-00_03,2024_04_01-00_03-3,Sell,1850,IFA1/BN/NEMO/IFA2/VKL/EL,2024-04-01T08:00:00,2024-04-01T09:00:00,2024-03-31T23:45:00,90,53.6,61.19,56.2,1850,13883,,1750,,,,100
2024-03-31T23:50:43,,2024_04_01-00_03,2024_04_01-00_03-4,Sell,1900,IFA1/BN/NEMO/IFA2/VKL/EL,2024-04-01T09:00:00,2024-04-01T10:00:00,2024-03-31T23:45:00,90,45.85,55.21,50.3,1900,14231,,1750,,,,150
2024-04-01T08:21:44,,2024_04_01-08_49,2024_04_01-08_49-1,Sell,1300,IFA1/BN/NEMO/IFA2/VKL,2024-04-01T10:00:00,2024-04-01T11:00:00,2024-04-01T08:15:00,95,64.63,89.09,74.22,1300,6106,,515,785,,,
2024-04-01T08:21:44,,2024_04_01-08_49,2024_04_01-08_49-2,Sell,1300,IFA1/BN/NEMO/IFA2/VKL,2024-04-01T11:00:00,2024-04-01T12:00:00,2024-04-01T08:15:00,95,45,55.6,49.48,1300,5950,,692,608,,,
2024-04-01T10:03:34,,2024_04_01-10_12,2024_04_01-10_12-1,Sell,1000,IFA1/BN/NEMO/IFA2/VKL,2024-04-01T12:00:00,2024-04-01T13:00:00,2024-04-01T10:00:00,75,27.72,30.06,28.88,1000,8300,375,151,151,23,,300
2024-04-01T10:03:34,,2024_04_01-10_12,2024_04_01-10_12-2,Sell,1000,IFA1/BN/NEMO/IFA2/VKL,2024-04-01T13:00:00,2024-04-01T14:00:00,2024-04-01T10:00:00,75,20.07,28.22,21.97,1000,8585,49,252,,49,,650
2024-04-01T10:03:34,,2024_04_01-10_12,2024_04_01-10_12-3,Sell,1000,IFA1/BN/NEMO/IFA2/VKL,2024-04-01T14:00:00,2024-04-01T15:00:00,2024-04-01T10:00:00,75,22.88,27.48,25.3,1000,9159,,749,,,,251
2024-04-01T10:03:34,,2024_04_01-10_12,2024_04_01-10_12-4,Sell,1000,IFA1/BN/NEMO/IFA2/VKL/EL,2024-04-01T15:00:00,2024-04-01T16:00:00,2024-04-01T10:00:00,85,26.78,32.64,28.59,1000,8841,,474,,,,526
2024-04-01T19:36:25,,2024_04_01-20_03,2024_04_01-20_03-1,Sell,300,IFA1/BN/NEMO/IFA2/VKL,2024-04-01T22:00:00,2024-04-01T23:00:00,2024-04-01T19:30:00,70,24.09,27.41,25.84,300,5638,,227,,,,73
2024-04-01T19:36:25,,2024_04_01-20_03,2024_04_01-20_03-2,Sell,900,IFA1/BN/NEMO/IFA2/VKL,2024-04-01T23:00:00,2024-04-02T00:00:00,2024-04-01T19:30:00,70,12.04,14.82,13.08,900,7588,,388,,,,512
2024-04-01T19:36:25,,2024_04_01-20_03,2024_04_01-20_03-3,Sell,1100,IFA1/BN/NEMO/IFA2/VKL,2024-04-02T00:00:00,2024-04-02T01:00:00,2024-04-01T19:30:00,70,2.37,4.86,3.46,1100,7716,157,571,,72,,300
2024-04-01T22:49:36,,2024_04_01-23_17,2024_04_01-23_17-1,Sell,400,IFA1/BN/NEMO/IFA2/VKL/EL,2024-04-02T04:00:00,2024-04-02T05:00:00,2024-04-01T22:45:00,70,43.36,45.41,44.39,400,4643,,400,,,,
2024-04-02T12:44:41,,2024_04_02-13_07,2024_04_02-13_07-1,Sell,250,NEMO/IFA2,2024-04-02T15:00:00,2024-04-02T16:00:00,2024-04-02T12:40:00,75,1.05,2.66,1.37,250,1892,,,250,,,
2024-04-02T12:44:41,,2024_04_02-13_07,2024_04_02-13_07-2,Sell,500,NEMO/IFA2,2024-04-02T16:00:00,2024-04-02T17:00:00,2024-04-02T12:40:00,85,0,0,0,0,3452,,,,,,
2024-04-02T19:57:03,,2024_04_02-20_14,2024_04_02-20_14-1,Sell,1100,IFA1/IFA2/BN/NEMO/VKL,2024-04-02T22:00:00,2024-04-02T23:00:00,2024-04-02T19:45:00,70,55.5,59.83,58.15,1100,6156,,602,,,,498
2024-04-02T19:57:03,,2024_04_02-20_14,2024_04_02-20_14-2,Sell,750,IFA1/IFA2/BN/NEMO/VKL,2024-04-02T23:00:00,2024-04-03T00:00:00,2024-04-02T19:45:00,60,54.04,57.48,55.27,750,5152,,412,,,,338
2024-04-02T19:57:03,,2024_04_02-20_14,2024_04_02-20_14-3,Sell,300,IFA1/IFA2/BN/NEMO/VKL,2024-04-03T00:00:00,2024-04-03T01:00:00,2024-04-02T19:45:00,60,55.04,56.57,55.41,300,4205,,210,,,,90
2024-04-02T22:53:50,,2024_04_02-23_15,2024_04_02-23_15-1,Sell,700,IFA1/IFA2/BN/NEMO/VKL,2024-04-03T01:00:00,2024-04-03T02:00:00,2024-04-02T22:45:00,60,44.63,51.34,47.25,700,4396,,569,131,,,
2024-04-02T22:53:50,,2024_04_02-23_15,2024_04_02-23_15-2,Sell,700,IFA1/IFA2/BN/NEMO/VKL,2024-04-03T02:00:00,2024-04-03T03:00:00,2024-04-02T22:45:00,60,44,50.48,47.29,700,4171,,426,274,,,
2024-04-02T22:53:50,,2024_04_02-23_15,2024_04_02-23_15-3,Sell,700,IFA1/IFA2/BN/NEMO/VKL,2024-04-03T03:00:00,2024-04-03T04:00:00,2024-04-02T22:45:00,55,45.39,52.2,48.3,700,4301,,339,361,,,
2024-04-03T09:38:12,,2024_04_03-10_04,2024_04_03-10_04-1,Sell,100,IFA2/NEMO,2024-04-03T12:00:00,2024-04-03T13:00:00,2024-04-03T09:35:00,65,2.08,2.08,2.08,100,1281,,,,100,,
2024-04-03T09:38:12,,2024_04_03-10_04,2024_04_03-10_04-2,Sell,100,IFA2/NEMO,2024-04-03T13:00:00,2024-04-03T14:00:00,2024-04-03T09:35:00,64,-2.81,1.77,0.27,100,1281,,,44,56,,
2024-04-03T09:38:12,,2024_04_03-10_04,2024_04_03-10_04-3,Sell,100,IFA2/NEMO,2024-04-03T14:00:00,2024-04-03T15:00:00,2024-04-03T09:35:00,66,2,3.88,2.94,100,1469,,,100,,,
2024-04-03T09:38:12,,2024_04_03-10_04,2024_04_03-10_04-4,Sell,100,IFA2/NEMO/EL,2024-04-03T15:00:00,2024-04-03T16:00:00,2024-04-03T09:35:00,76,45,47.27,46.14,100,1567,,,100,,,
2024-04-03T20:02:47,,2024_04_03-20_20,2024_04_03-20_20-1,Sell,1500,BN/NEMO/IFA1/IFA2/VKL,2024-04-03T22:00:00,2024-04-03T23:00:00,2024-04-03T19:55:00,55,24.08,41,33.31,1500,7659,,100,,,,1400
2024-04-03T20:02:47,,2024_04_03-20_20,2024_04_03-20_20-2,Sell,1900,BN/NEMO/IFA1/IFA2/VKL,2024-04-03T23:00:00,2024-04-04T00:00:00,2024-04-03T19:55:00,50,21.26,38,29.7,1900,7637,,324,,,,1576
2024-04-03T20:02:47,,2024_04_03-20_20,2024_04_03-20_20-3,Sell,1800,BN/NEMO/IFA1/IFA2/VKL,2024-04-04T00:00:00,2024-04-04T01:00:00,2024-04-03T19:55:00,50,25.97,30.51,28.47,1800,7660,,724,,,,1076
2024-04-03T20:02:47,,2024_04_03-20_20,2024_04_03-20_20-4,Sell,1800,BN/NEMO/IFA1/IFA2/VKL,2024-04-04T01:00:00,2024-04-04T02:00:00,2024-04-03T19:55:00,50,33.43,37,35.45,1800,7659,,705,,,,1095
2024-04-03T20:02:47,,2024_04_03-20_20,2024_04_03-20_20-5,Sell,1700,BN/NEMO/IFA1/IFA2/VKL,2024-04-04T02:00:00,2024-04-04T03:00:00,2024-04-03T19:55:00,50,35.88,38.65,36.92,1700,7646,,683,,,,1017
2024-04-03T20:02:47,,2024_04_03-20_20,2024_04_03-20_20-6,Sell,1700,BN/NEMO/IFA1/IFA2/VKL,2024-04-04T03:00:00,2024-04-04T04:00:00,2024-04-03T19:55:00,55,37.54,42,39.54,1700,7595,,744,,,,956
2024-04-03T20:02:47,,2024_04_03-20_20,2024_04_03-20_20-7,Sell,1600,BN/NEMO/IFA1/IFA2/VKL/EL,2024-04-04T04:00:00,2024-04-04T05:00:00,2024-04-03T19:55:00,60,43.86,48,46.15,1600,7717,,459,,,,1141
2024-04-03T20:02:47,,2024_04_03-20_20,2024_04_03-20_20-8,Sell,1600,BN/NEMO/IFA1/IFA2/VKL/EL,2024-04-04T05:00:00,2024-04-04T06:00:00,2024-04-03T19:55:00,70,45.73,58,53.09,1600,6564,,950,,,,650
2024-04-04T08:23:45,,2024_04_04-08_57,2024_04_04-08_57-1,Sell,0,IFA1/IFA2/NEMO,2024-04-04T10:00:00,2024-04-04T11:00:00,2024-04-04T08:20:00,73,0,0,0,0,2201,,,,,,
2024-04-04T08:23:45,,2024_04_04-08_57,2024_04_04-08_57-2,Sell,0,IFA1/IFA2/NEMO,2024-04-04T11:00:00,2024-04-04T12:00:00,2024-04-04T08:20:00,73,0,0,0,0,2217,,,,,,
2024-04-04T08:23:45,,2024_04_04-08_57,2024_04_04-08_57-3,Sell,0,IFA1/IFA2/NEMO/EL,2024-04-04T12:00:00,2024-04-04T13:00:00,2024-04-04T08:20:00,73,0,0,0,0,2513,,,,,,
2024-04-04T08:23:45,,2024_04_04-08_57,2024_04_04-08_57-4,Sell,0,IFA1/IFA2/NEMO/EL,2024-04-04T13:00:00,2024-04-04T14:00:00,2024-04-04T08:20:00,73,0,0,0,0,2690,,,,,,
2024-04-04T08:23:45,,2024_04_04-08_57,2024_04_04-08_57-5,Sell,0,IFA1/IFA2/NEMO/EL,2024-04-04T14:00:00,2024-04-04T15:00:00,2024-04-04T08:20:00,73,0,0,0,0,3364,,,,,,
2024-04-04T20:30:15,,2024_04_04-20_50,2024_04_04-20_50-1,Sell,1300,IFA1/IFA2/NEMO/BN/VKL,2024-04-04T22:00:00,2024-04-04T23:00:00,2024-04-04T20:25:00,60,27.46,35.22,30.14,1300,6969,,520,232,,,548
2024-04-04T20:30:15,,2024_04_04-20_50,2024_04_04-20_50-2,Sell,1700,IFA1/IFA2/NEMO/BN/VKL,2024-04-04T23:00:00,2024-04-05T00:00:00,2024-04-04T20:25:00,50,6.43,25.2,12.07,1700,5471,303,368,822,126,,81
2024-04-04T20:30:15,,2024_04_04-20_50,2024_04_04-20_50-3,Sell,2500,IFA1/IFA2/NEMO/BN/VKL,2024-04-05T00:00:00,2024-04-05T01:00:00,2024-04-04T20:25:00,40,3,20.98,8.31,2500,5143,476,175,1148,626,,75
2024-04-04T23:22:42,,2024_04_04-23_35,2024_04_04-23_35-1,Sell,2200,IFA2/BN/NEMO/VKL,2024-04-05T01:00:00,2024-04-05T02:00:00,2024-04-04T23:10:00,40,1.8,15,6.49,2200,3354,,,1303,897,,
2024-04-04T23:22:42,,2024_04_04-23_35,2024_04_04-23_35-2,Sell,2200,IFA2/BN/NEMO/VKL,2024-04-05T02:00:00,2024-04-05T03:00:00,2024-04-04T23:10:00,40,-1.63,18,4.34,2200,3033,,,1050,1150,,
2024-04-04T23:22:42,,2024_04_04-23_35,2024_04_04-23_35-3,Sell,2200,IFA2/BN/NEMO/VKL,2024-04-05T03:00:00,2024-04-05T04:00:00,2024-04-04T23:10:00,40,-7.55,19,4.17,2200,2683,,,894,1306,,
2024-04-04T23:22:42,,2024_04_04-23_35,2024_04_04-23_35-4,Sell,1200,IFA2/BN/NEMO/EL/VKL,2024-04-05T04:00:00,2024-04-05T05:00:00,2024-04-04T23:10:00,40,1.36,20.92,9.68,1200,5910,,,850,120,230,
2024-04-04T23:22:42,,2024_04_04-23_35,2024_04_04-23_35-5,Sell,800,IFA2/BN/NEMO/EL/VKL,2024-04-05T05:00:00,2024-04-05T06:00:00,2024-04-04T23:10:00,70,17.33,37.27,25.03,800,5825,,198,602,,,
2024-04-05T10:26:55,,2024_04_05-11_04,2024_04_05-11_04-1,Sell,600,IFA1/IFA2/NEMO/BN/VKL,2024-04-05T12:00:00,2024-04-05T13:00:00,2024-04-05T10:25:00,32,1.68,15,6.77,600,5005,,,200,,,400
2024-04-05T10:26:55,,2024_04_05-11_04,2024_04_05-11_04-2,Sell,800,IFA1/IFA2/NEMO/BN/VKL,2024-04-05T13:00:00,2024-04-05T14:00:00,2024-04-05T10:25:00,17,-8.48,0,-4.14,800,4675,361,,,112,,327
2024-04-05T12:22:15,,2024_04_05-12_45,2024_04_05-12_45-1,Sell,1400,IFA1/IFA2/NEMO/BN/VKL,2024-04-05T14:00:00,2024-04-05T15:00:00,2024-04-05T12:20:00,16,-20.8,10.32,-12.26,1400,5474,286,,502,212,,400
2024-04-05T12:22:15,,2024_04_05-12_45,2024_04_05-12_45-2,Sell,1200,IFA1/IFA2/NEMO/BN/VKL,2024-04-05T15:00:00,2024-04-05T16:00:00,2024-04-05T12:20:00,40,-4.99,25.8,-0.74,1200,5396,100,,548,152,,400
2024-04-05T12:22:15,,2024_04_05-12_45,2024_04_05-12_45-3,Sell,1150,IFA1/IFA2/NEMO/BN/VKL,2024-04-05T16:00:00,2024-04-05T17:00:00,2024-04-05T12:20:00,64,13.1,23.17,16.91,1150,7531,,65,685,,,400
2024-04-05T19:38:44,,2024_04_05-19_48,2024_04_05-19_48-1,Sell,1800,IFA1/NEMO/IFA2,2024-04-05T22:00:00,2024-04-05T23:00:00,2024-04-05T19:30:00,43,-3.43,10.25,1.3,1800,9129,185,,1615,,,
2024-04-05T19:38:44,,2024_04_05-19_48,2024_04_05-19_48-2,Sell,1000,IFA1/NEMO/IFA2,2024-04-05T23:00:00,2024-04-06T00:00:00,2024-04-05T19:30:00,33,-3.74,12.38,2.83,1000,8138,100,,900,,,
2024-04-05T19:38:44,,2024_04_05-19_48,2024_04_05-19_48-3,Sell,1000,IFA1/NEMO/IFA2,2024-04-06T00:00:00,2024-04-06T01:00:00,2024-04-05T19:30:00,31,-2.57,13.29,3.58,1000,8184,50,,950,,,
2024-04-05T19:38:44,"Due to French electricity system conditions, NGESO is unable to trade on the interconnectors joining GB and France. For more information, see this link to French margin graph: https://www.services-rte.com/en/view-data-published-by-rte/balancing-capacities.html#:~:text=RTE%20proposes%20on%20this%20web,best%20hypothesis%20at%20our%20disposal",2024_04_05-19_48,2024_04_05-19_48-4,Sell,500,IFA1/IFA2,2024-04-06T01:00:00,2024-04-06T02:00:00,2024-04-05T19:30:00,22,-4.19,-1.66,-2.99,500,4612,375,,,125,,
2024-04-05T19:38:44,"Due to French electricity system conditions, NGESO is unable to trade on the interconnectors joining GB and France. For more information, see this link to French margin graph: https://www.services-rte.com/en/view-data-published-by-rte/balancing-capacities.html#:~:text=RTE%20proposes%20on%20this%20web,best%20hypothesis%20at%20our%20disposal",2024_04_05-19_48,2024_04_05-19_48-5,Sell,1000,IFA1/IFA2,2024-04-06T02:00:00,2024-04-06T03:00:00,2024-04-05T19:30:00,13,-8.23,-1.66,-5.56,1000,4618,725,,,275,,
2024-04-05T19:38:44,"Due to French electricity system conditions, NGESO is unable to trade on the interconnectors joining GB and France. For more information, see this link to French margin graph: https://www.services-rte.com/en/view-data-published-by-rte/balancing-capacities.html#:~:text=RTE%20proposes%20on%20this%20web,best%20hypothesis%20at%20our%20disposal",2024_04_05-19_48,2024_04_05-19_48-6,Sell,1200,IFA1/IFA2,2024-04-06T03:00:00,2024-04-06T04:00:00,2024-04-05T19:30:00,10,-10.88,-1.66,-6.86,1200,4202,750,,,450,,
2024-04-05T19:38:44,"Due to French electricity system conditions, NGESO is unable to trade on the interconnectors joining GB and France. For more information, see this link to French margin graph: https://www.services-rte.com/en/view-data-published-by-rte/balancing-capacities.html#:~:text=RTE%20proposes%20on%20this%20web,best%20hypothesis%20at%20our%20disposal",2024_04_05-19_48,2024_04_05-19_48-7,Sell,1100,IFA1/IFA2/EL,2024-04-06T04:00:00,2024-04-06T05:00:00,2024-04-05T19:30:00,10,-8.37,-1.66,-6.05,1100,4639,424,,,325,351,
2024-04-06T08:13:57,"Due to French electricity system conditions, NGESO is unable to trade on the interconnectors joining GB and France. For more information, see this link to French margin graph: https://www.services-rte.com/en/view-data-published-by-rte/balancing-capacities.html#:~:text=RTE%20proposes%20on%20this%20web,best%20hypothesis%20at%20our%20disposal",2024_04_06-08_46,2024_04_06-08_46-1,Sell,1500,IFA1/IFA2/NEMO/BN,2024-04-06T10:00:00,2024-04-06T11:00:00,2024-04-06T08:10:00,10,-77.71,-15,-41.75,1095,5976,475,100,495,25,,
2024-04-06T08:13:57,"Due to French electricity system conditions, NGESO is unable to trade on the interconnectors joining GB and France. For more information, see this link to French margin graph: https://www.services-rte.com/en/view-data-published-by-rte/balancing-capacities.html#:~:text=RTE%20proposes%20on%20this%20web,best%20hypothesis%20at%20our%20disposal",2024_04_06-08_46,2024_04_06-08_46-2,Sell,1700,IFA1/IFA2/NEMO/BN,2024-04-06T11:00:00,2024-04-06T12:00:00,2024-04-06T08:10:00,10,-27.91,-24.95,-26.18,500,5773,500,,,,,
2024-04-06T10:14:58,"Due to French electricity system conditions, NGESO is unable to trade on the interconnectors joining GB and France. For more information, see this link to French margin graph: https://www.services-rte.com/en/view-data-published-by-rte/balancing-capacities.html#:~:text=RTE%20proposes%20on%20this%20web,best%20hypothesis%20at%20our%20disposal",2024_04_06-10_17,2024_04_06-10_17-1,Sell,2150,IFA1/IFA2/NEMO/BN,2024-04-06T12:00:00,2024-04-06T13:00:00,2024-04-06T09:50:00,10,-83.42,-17.57,-51.58,1921,5939,400,473,948,100,,
2024-04-06T10:14:58,"Due to French electricity system conditions, NGESO is unable to trade on the interconnectors joining GB and France. For more information, see this link to French margin graph: https://www.services-rte.com/en/view-data-published-by-rte/balancing-capacities.html#:~:text=RTE%20proposes%20on%20this%20web,best%20hypothesis%20at%20our%20disposal",2024_04_06-10_17,2024_04_06-10_17-2,Sell,2500,IFA1/IFA2/NEMO/BN,2024-04-06T13:00:00,2024-04-06T14:00:00,2024-04-06T09:50:00,10,-88,-15.9,-48.08,2332,6049,400,762,1070,100,,
2024-04-06T10:14:58,"Due to French electricity system conditions, NGESO is unable to trade on the interconnectors joining GB and France. For more information, see this link to French margin graph: https://www.services-rte.com/en/view-data-published-by-rte/balancing-capacities.html#:~:text=RTE%20proposes%20on%20this%20web,best%20hypothesis%20at%20our%20disposal",2024_04_06-10_17,2024_04_06-10_17-3,Sell,1950,IFA1/IFA2/NEMO/BN,2024-04-06T14:00:00,2024-04-06T15:00:00,2024-04-06T09:50:00,10,-40.86,0,-14.2,1950,8176,,911,1039,,,
2024-04-06T10:14:58,"Due to French electricity system conditions, NGESO is unable to trade on the interconnectors joining GB and France. For more information, see this link to French margin graph: https://www.services-rte.com/en/view-data-published-by-rte/balancing-capacities.html#:~:text=RTE%20proposes%20on%20this%20web,best%20hypothesis%20at%20our%20disposal",2024_04_06-10_17,2024_04_06-10_17-4,Sell,1900,IFA1/IFA2/NEMO/BN/EL,2024-04-06T15:00:00,2024-04-06T16:00:00,2024-04-06T09:50:00,10,-37.11,2.52,-15.64,1900,8482,,928,972,,,
2024-04-06T13:06:25,,2024_04_06-13_31,2024_04_06-13_31-1,Sell,1300,IFA1/IFA2/NEMO/BN,2024-04-06T16:00:00,2024-04-06T17:00:00,2024-04-06T13:00:00,30,6.33,18.55,12.17,1300,7509,,321,979,,,
2024-04-06T17:52:09,,2024_04_06-18_29,2024_04_06-18_29-1,Sell,450,IFA1/IFA2/BN/NEMO/VKL,2024-04-06T20:00:00,2024-04-06T21:00:00,2024-04-06T17:50:00,30,10.7,13.4,12.08,450,3689,310,,140,,,
2024-04-06T17:52:09,,2024_04_06-18_29,2024_04_06-18_29-2,Sell,1350,IFA1/IFA2/BN/NEMO/VKL,2024-04-06T21:00:00,2024-04-06T22:00:00,2024-04-06T17:50:00,15,2.51,6.69,4.02,1350,3572,877,,283,190,,
2024-04-06T20:29:53,,2024_04_06-20_36,2024_04_06-20_36-1,Sell,50,IFA1/IFA2/BN/NEMO/VKL,2024-04-06T22:00:00,2024-04-06T23:00:00,2024-04-06T20:25:00,15,-3.45,7.66,1.59,50,162,50,,,,,
2024-04-06T20:29:53,,2024_04_06-20_36,2024_04_06-20_36-2,Sell,300,IFA1/IFA2/BN/NEMO/VKL,2024-04-06T23:00:00,2024-04-07T00:00:00,2024-04-06T20:25:00,15,-58.29,-0.77,-29.73,300,336,74,,78,148,,
2024-04-06T20:29:53,,2024_04_06-20_36,2024_04_06-20_36-3,Sell,750,IFA1/IFA2/BN/NEMO/VKL,2024-04-07T00:00:00,2024-04-07T01:00:00,2024-04-06T20:25:00,15,-89.8,-0.86,-41.73,604,617,173,,203,228,,
2024-04-06T20:29:53,,2024_04_06-20_36,2024_04_06-20_36-4,Sell,750,IFA1/IFA2/BN/NEMO/VKL,2024-04-07T01:00:00,2024-04-07T02:00:00,2024-04-06T20:25:00,15,-79.8,-3.9,-53.41,634,684,214,,214,206,,
2024-04-06T20:29:53,,2024_04_06-20_36,2024_04_06-20_36-5,Sell,500,IFA1/IFA2/BN/NEMO/VKL,2024-04-07T02:00:00,2024-04-07T03:00:00,2024-04-06T20:25:00,15,-79.8,-6.29,-52.98,462,512,121,,164,177,,
2024-04-06T20:29:53,,2024_04_06-20_36,2024_04_06-20_36-6,Sell,800,IFA1/IFA2/BN/NEMO/VKL,2024-04-07T03:00:00,2024-04-07T04:00:00,2024-04-06T20:25:00,15,-99.8,-6.23,-55.78,597,749,250,,163,184,,
2024-04-06T20:29:53,,2024_04_06-20_36,2024_04_06-20_36-7,Sell,200,IFA1/IFA2/EL/BN/NEMO/VKL,2024-04-07T04:00:00,2024-04-07T05:00:00,2024-04-06T20:25:00,15,-29.8,-8.12,-25.78,200,569,55,,,,145,
2024-04-06T20:29:53,,2024_04_06-20_36,2024_04_06-20_36-8,Sell,950,IFA1/IFA2/EL/BN/NEMO/VKL,2024-04-07T05:00:00,2024-04-07T06:00:00,2024-04-06T20:25:00,15,-69,-10.96,-40.88,685,934,184,,,250,251,
2024-04-07T05:49:00,,2024_04_07-05_49,2024_04_07-05_49-1,Sell,400,BN/NEMO/VKL,2024-04-07T08:00:00,2024-04-07T09:00:00,2024-04-07T05:30:00,15,-26.19,-19.82,-22.68,400,1554,,,266,,,134
2024-04-07T05:49:00,,2024_04_07-05_49,2024_04_07-05_49-2,Sell,1000,BN/NEMO/VKL,2024-04-07T09:00:00,2024-04-07T10:00:00,2024-04-07T05:30:00,15,-57.3,-22.68,-33.05,1000,1706,,,575,,,425
2024-04-07T05:49:00,,2024_04_07-05_49,2024_04_07-05_49-3,Sell,1800,BN/NEMO/VKL,2024-04-07T10:00:00,2024-04-07T11:00:00,2024-04-07T05:30:00,15,-117.13,-49.54,-87.27,1725,5516,,450,870,,,405
2024-04-07T05:49:00,,2024_04_07-05_49,2024_04_07-05_49-4,Sell,1300,BN/NEMO/VKL,2024-04-07T11:00:00,2024-04-07T12:00:00,2024-04-07T05:30:00,15,-88.91,-28,-58.08,1300,5206,,70,725,,,505
2024-04-07T05:49:00,,2024_04_07-05_49,2024_04_07-05_49-5,Sell,2100,BN/NEMO/VKL,2024-04-07T12:00:00,2024-04-07T13:00:00,2024-04-07T05:30:00,15,-115.58,-34,-81.57,1523,5593,,350,725,,,448
2024-04-07T10:55:19,,2024_04_07-11_09,2024_04_07-11_09-1,Sell,1300,BN/NEMO/VKL,2024-04-07T13:00:00,2024-04-07T14:00:00,2024-04-07T10:50:00,10,-92.49,-77.15,-83.4,142,1980,,,,,,142
2024-04-07T10:55:19,,2024_04_07-11_09,2024_04_07-11_09-2,Sell,800,BN/NEMO/VKL,2024-04-07T14:00:00,2024-04-07T15:00:00,2024-04-07T10:50:00,10,-93.94,-45.41,-76.37,479,3379,,15,264,,,200
2024-04-07T10:55:19,"Due to French electricity system conditions, NGESO is unable to trade on the interconnectors joining GB and France. For more information, see this link to French margin graph: https://www.services-rte.com/en/view-data-published-by-rte/balancing-capacities.html#:~:text=RTE%20proposes%20on%20this%20web,best%20hypothesis%20at%20our%20disposal",2024_04_07-11_09,2024_04_07-11_09-3,Sell,250,IFA1/NEMO/IFA2/EL,2024-04-07T15:00:00,2024-04-07T16:00:00,2024-04-07T10:50:00,15,-38.97,-12.01,-16.72,250,3221,124,,50,14,62,
2024-04-07T19:50:09,,2024_04_07-19_54,2024_04_07-19_54-1,Sell,200,IFA1/NEMO/IFA2,2024-04-07T22:00:00,2024-04-07T23:00:00,2024-04-07T19:40:00,25,30.1,38.7,35.37,200,4219,,,200,,,
2024-04-07T19:50:09,,2024_04_07-19_54,2024_04_07-19_54-2,Sell,600,IFA1/BN/NEMO/IFA2,2024-04-07T23:00:00,2024-04-08T00:00:00,2024-04-07T19:40:00,25,0,40.35,23.01,600,5447,98,122,380,,,
2024-04-07T19:50:09,,2024_04_07-19_54,2024_04_07-19_54-3,Sell,200,IFA1/NEMO/IFA2,2024-04-08T00:00:00,2024-04-08T01:00:00,2024-04-07T19:40:00,30,31.9,38.7,36.56,200,4409,,,200,,,
2024-04-07T19:50:09,,2024_04_07-19_54,2024_04_07-19_54-4,Sell,200,IFA1/NEMO/IFA2,2024-04-08T01:00:00,2024-04-08T02:00:00,2024-04-07T19:40:00,35,30.1,36.92,32.26,200,4259,,,200,,,
2024-04-07T19:50:09,,2024_04_07-19_54,2024_04_07-19_54-5,Sell,600,IFA1/BN/NEMO/IFA2,2024-04-08T02:00:00,2024-04-08T03:00:00,2024-04-07T19:40:00,40,12.9,38.7,27.75,600,5694,,10,590,,,
2024-04-07T19:50:09,,2024_04_07-19_54,2024_04_07-19_54-6,Sell,800,IFA1/BN/NEMO/IFA2/VKL,2024-04-08T03:00:00,2024-04-08T04:00:00,2024-04-07T19:40:00,50,5.15,40.35,22.04,800,5509,,10,738,,,52
2024-04-07T19:50:09,,2024_04_07-19_54,2024_04_07-19_54-7,Sell,1000,IFA1/BN/NEMO/IFA2/EL/VKL,2024-04-08T04:00:00,2024-04-08T05:00:00,2024-04-07T19:40:00,60,20.3,58.36,36.89,1000,6255,,50,580,,,370
2024-04-07T22:34:38,,2024_04_07-22_59,2024_04_07-22_59-1,Buy,1000,BN/NEMO/VKL,2024-04-08T06:00:00,2024-04-08T07:00:00,2024-04-07T22:30:00,55,138.12,109.8,127.78,1000,8921,,600,,,,400
2024-04-08T19:54:17,,2024_04_08-20_15,2024_04_08-20_15-1,Sell,700,IFA1/BN/NEMO/IFA2/VKL,2024-04-08T22:00:00,2024-04-08T23:00:00,2024-04-08T19:50:00,85,51.57,60.01,54.73,700,6875,,425,200,,,75
2024-04-08T19:54:17,,2024_04_08-20_15,2024_04_08-20_15-2,Sell,1400,IFA1/BN/NEMO/IFA2/VKL,2024-04-08T23:00:00,2024-04-09T00:00:00,2024-04-08T19:50:00,75,37.57,43.95,40.97,1400,7553,,803,400,,,197
2024-04-08T19:54:17,,2024_04_08-20_15,2024_04_08-20_15-3,Sell,1500,IFA1/BN/NEMO/IFA2/VKL,2024-04-09T00:00:00,2024-04-09T01:00:00,2024-04-08T19:50:00,70,26.08,38.55,33.41,1500,7582,,654,447,,,399
2024-04-08T19:54:17,,2024_04_08-20_15,2024_04_08-20_15-4,Sell,1900,IFA1/BN/NEMO/IFA2/VKL,2024-04-09T01:00:00,2024-04-09T02:00:00,2024-04-08T19:50:00,70,11,34.12,24.95,1900,7197,,525,1036,,,339
2024-04-08T23:25:21,"Due to French electricity system conditions, NGESO is unable to trade on the interconnectors joining GB and France. For more information, see this link to French margin graph: https://www.services-rte.com/en/view-data-published-by-rte/balancing-capacities.html#:~:text=RTE%20proposes%20on%20this%20web,best%20hypothesis%20at%20our%20disposal",2024_04_08-23_36,2024_04_08-23_36-1,Sell,2500,IFA1/BN/NEMO/IFA2,2024-04-09T02:00:00,2024-04-09T03:00:00,2024-04-08T23:15:00,50,-13,6.66,-3.74,2331,4061,252,685,1146,248,,
2024-04-08T23:25:21,"Due to French electricity system conditions, NGESO is unable to trade on the interconnectors joining GB and France. For more information, see this link to French margin graph: https://www.services-rte.com/en/view-data-published-by-rte/balancing-capacities.html#:~:text=RTE%20proposes%20on%20this%20web,best%20hypothesis%20at%20our%20disposal",2024_04_08-23_36,2024_04_08-23_36-2,Sell,2800,IFA1/NEMO/IFA2,2024-04-09T03:00:00,2024-04-09T04:00:00,2024-04-08T23:15:00,50,-14.75,10.82,-3.5,1746,3766,240,,1246,260,,
2024-04-08T23:25:21,"Due to French electricity system conditions, NGESO is unable to trade on the interconnectors joining GB and France. For more information, see this link to French margin graph: https://www.services-rte.com/en/view-data-published-by-rte/balancing-capacities.html#:~:text=RTE%20proposes%20on%20this%20web,best%20hypothesis%20at%20our%20disposal",2024_04_08-23_36,2024_04_08-23_36-3,Sell,1500,IFA1/NEMO/IFA2/EL,2024-04-09T04:00:00,2024-04-09T05:00:00,2024-04-08T23:15:00,50,-4.2,14.15,0.09,1500,8881,175,,1000,325,,
2024-04-08T23:25:21,"Due to French electricity system conditions, NGESO is unable to trade on the interconnectors joining GB and France. For more information, see this link to French margin graph: https://www.services-rte.com/en/view-data-published-by-rte/balancing-capacities.html#:~:text=RTE%20proposes%20on%20this%20web,best%20hypothesis%20at%20our%20disposal",2024_04_08-23_36,2024_04_08-23_36-4,Sell,1000,IFA1/NEMO/IFA2/EL,2024-04-09T05:00:00,2024-04-09T06:00:00,2024-04-08T23:15:00,80,0.83,6.79,2.92,1000,9666,300,,500,200,,
2024-04-09T09:21:27,,2024_04_09-09_44,2024_04_09-09_44-1,Sell,600,IFA1/BN/NEMO,2024-04-09T12:00:00,2024-04-09T13:00:00,2024-04-09T09:15:00,31,0.84,4.17,2.02,600,3524,100,324,176,,,
2024-04-09T09:21:27,,2024_04_09-09_44,2024_04_09-09_44-2,Sell,600,IFA1/BN/NEMO,2024-04-09T13:00:00,2024-04-09T14:00:00,2024-04-09T09:15:00,27,-5.47,3.28,-2.65,600,3053,100,174,326,,,
2024-04-09T11:53:35,,2024_04_09-12_10,2024_04_09-12_10-1,Sell,500,IFA1/BN/NEMO,2024-04-09T14:00:00,2024-04-09T15:00:00,2024-04-09T11:50:00,25,-7.88,-1.83,-4.67,500,4302,,500,,,,
2024-04-09T11:53:35,,2024_04_09-12_10,2024_04_09-12_10-2,Sell,200,IFA1/BN/NEMO,2024-04-09T15:00:00,2024-04-09T16:00:00,2024-04-09T11:50:00,41,15.08,16.12,15.46,200,2752,,200,,,,
2024-04-09T19:46:25,,2024_04_09-19_53,2024_04_09-19_53-1,Sell,1200,IFA1/BN/NEMO/IFA2,2024-04-09T22:00:00,2024-04-09T23:00:00,2024-04-09T19:40:00,30,3.76,15.39,8.86,1200,9569,296,,904,,,
2024-04-09T19:46:25,,2024_04_09-19_53,2024_04_09-19_53-2,Sell,1800,IFA1/BN/NEMO/IFA2,2024-04-09T23:00:00,2024-04-10T00:00:00,2024-04-09T19:40:00,25,-2.57,8.36,1.52,1800,10301,402,19,1229,150,,
2024-04-09T19:46:25,,2024_04_09-19_53,2024_04_09-19_53-3,Sell,1200,IFA1/BN/NEMO/IFA2,2024-04-10T00:00:00,2024-04-10T01:00:00,2024-04-09T19:40:00,30,0,6.62,2.26,1200,10698,300,,900,,,
2024-04-09T19:46:25,,2024_04_09-19_53,2024_04_09-19_53-4,Sell,500,IFA1/BN/NEMO/IFA2,2024-04-10T01:00:00,2024-04-10T02:00:00,2024-04-09T19:40:00,35,3.32,10.24,5.47,500,9615,50,100,350,,,
2024-04-09T22:33:14,,2024_04_09-23_00,2024_04_09-23_00-1,Sell,800,IFA1/BN/NEMO/IFA2,2024-04-10T02:00:00,2024-04-10T03:00:00,2024-04-09T22:30:00,45,18.53,21.1,19.96,800,5474,150,180,401,69,,
2024-04-09T22:33:14,,2024_04_09-23_00,2024_04_09-23_00-2,Sell,800,IFA1/BN/NEMO/IFA2,2024-04-10T03:00:00,2024-04-10T04:00:00,2024-04-09T22:30:00,50,33.41,38.6,35.82,800,4986,,272,528,,,
2024-04-09T22:33:14,,2024_04_09-23_00,2024_04_09-23_00-3,Sell,500,IFA1/NEMO/IFA2/EL,2024-04-10T04:00:00,2024-04-10T05:00:00,2024-04-09T22:30:00,65,51,57.49,54.74,500,5495,,,500,,,
2024-04-10T19:53:26,,2024_04_10-20_22,2024_04_10-20_22-1,Sell,200,IFA1/IFA2,2024-04-10T23:00:00,2024-04-11T00:00:00,2024-04-10T19:50:00,7,-2.33,-0.83,-1.21,200,813,99,,,101,,
2024-04-10T19:53:26,,2024_04_10-20_22,2024_04_10-20_22-2,Sell,200,IFA1/IFA2,2024-04-11T00:00:00,2024-04-11T01:00:00,2024-04-10T19:50:00,7,-2.41,3.01,-0.65,200,669,100,,,100,,
2024-04-10T19:53:26,,2024_04_10-20_22,2024_04_10-20_22-3,Sell,200,IFA1/IFA2,2024-04-11T01:00:00,2024-04-11T02:00:00,2024-04-10T19:50:00,5,-2.41,0.42,-1.33,200,731,100,,,100,,
2024-04-10T19:53:26,,2024_04_10-20_22,2024_04_10-20_22-4,Sell,200,IFA1/IFA2,2024-04-11T02:00:00,2024-04-11T03:00:00,2024-04-10T19:50:00,5,-2.41,-0.42,-1.79,200,633,100,,,100,,
2024-04-10T19:53:26,,2024_04_10-20_22,2024_04_10-20_22-5,Sell,100,IFA1/IFA2,2024-04-11T03:00:00,2024-04-11T04:00:00,2024-04-10T19:50:00,5,-0.44,0.96,0.26,100,797,50,,,50,,
2024-04-11T13:04:37,,2024_04_11-13_27,2024_04_11-13_27-1,Buy,750,BN/NEMO,2024-04-11T16:00:00,2024-04-11T17:00:00,2024-04-11T12:55:00,60,0,0,0,0,3132,,,,,,
2024-04-11T13:04:37,,2024_04_11-13_27,2024_04_11-13_27-2,Buy,750,BN/NEMO,2024-04-11T17:00:00,2024-04-11T18:00:00,2024-04-11T12:55:00,70,0,0,0,0,3144,,,,,,
2024-04-11T18:42:19,,2024_04_11-19_07,2024_04_11-19_07-1,Sell,400,IFA1/IFA2,2024-04-11T21:00:00,2024-04-11T22:00:00,2024-04-11T18:35:00,60,15.12,16.52,15.98,400,1908,171,,,229,,
2024-04-11T18:42:19,,2024_04_11-19_07,2024_04_11-19_07-2,Sell,500,EL,2024-04-11T22:00:00,2024-04-11T23:00:00,2024-04-11T18:35:00,30,10.14,20.02,15.56,500,768,,,,,500,
2024-04-11T18:42:19,,2024_04_11-19_07,2024_04_11-19_07-3,Sell,375,EL,2024-04-11T23:00:00,2024-04-12T00:00:00,2024-04-11T18:35:00,30,3.07,10.84,6.86,375,436,,,,,375,
2024-04-11T18:42:19,,2024_04_11-19_07,2024_04_11-19_07-4,Sell,375,EL,2024-04-12T00:00:00,2024-04-12T01:00:00,2024-04-11T18:35:00,30,0.77,7.92,4.11,375,492,,,,,375,
2024-04-11T18:42:19,,2024_04_11-19_07,2024_04_11-19_07-5,Sell,500,EL,2024-04-12T01:00:00,2024-04-12T02:00:00,2024-04-11T18:35:00,30,1.04,9.17,5.57,500,776,,,,,500,
2024-04-11T18:42:19,,2024_04_11-19_07,2024_04_11-19_07-6,Sell,500,EL,2024-04-12T02:00:00,2024-04-12T03:00:00,2024-04-11T18:35:00,30,4.05,12.01,7.59,500,922,,,,,500,
2024-04-11T18:42:19,,2024_04_11-19_07,2024_04_11-19_07-7,Sell,500,EL,2024-04-12T03:00:00,2024-04-12T04:00:00,2024-04-11T18:35:00,30,5.64,14.76,10.68,500,812,,,,,500,
2024-04-11T19:31:25,,2024_04_11-20_07,2024_04_11-20_07-1,Sell,300,IFA1/IFA2,2024-04-11T22:00:00,2024-04-11T23:00:00,2024-04-11T19:30:00,30,14.67,16.3,15.08,300,1544,199,,,101,,
2024-04-11T19:31:25,,2024_04_11-20_07,2024_04_11-20_07-2,Sell,100,IFA1/IFA2,2024-04-11T23:00:00,2024-04-12T00:00:00,2024-04-11T19:30:00,30,5.06,5.06,5.06,100,850,,,,100,,
2024-04-11T22:12:09,,2024_04_11-22_43,2024_04_11-22_43-1,Sell,700,IFA1/IFA2/EL,2024-04-12T04:00:00,2024-04-12T05:00:00,2024-04-11T22:10:00,40,27.74,31.45,29.22,700,2206,200,,,220,280,
2024-04-12T23:46:16,,2024_04_13-00_03,2024_04_13-00_03-1,Sell,350,IFA1/IFA2/EL,2024-04-13T04:00:00,2024-04-13T05:00:00,2024-04-12T23:40:00,30,15.38,16.58,16.13,350,2996,150,,,,200,
2024-04-12T23:46:16,,2024_04_13-00_03,2024_04_13-00_03-2,Sell,300,IFA1/IFA2/EL,2024-04-13T05:00:00,2024-04-13T06:00:00,2024-04-12T23:40:00,40,16.66,19.06,18.26,300,2660,,,,,300,
2024-04-12T23:46:16,,2024_04_13-00_03,2024_04_13-00_03-3,Sell,500,IFA1/IFA2/EL/BN/NEMO,2024-04-13T06:00:00,2024-04-13T07:00:00,2024-04-12T23:40:00,40,17.86,21.67,19.75,500,5142,,500,,,,
2024-04-12T23:46:16,,2024_04_13-00_03,2024_04_13-00_03-4,Sell,200,IFA1/IFA2/EL/BN/NEMO,2024-04-13T07:00:00,2024-04-13T08:00:00,2024-04-12T23:40:00,35,7.47,7.52,7.5,200,3063,,100,100,,,
2024-04-13T09:53:13,,2024_04_13-10_16,2024_04_13-10_16-1,Sell,400,IFA1/BN/NEMO/IFA2,2024-04-13T12:00:00,2024-04-13T13:00:00,2024-04-13T09:45:00,5,-71.45,-63.77,-68.12,400,4558,301,,,99,,
2024-04-13T09:53:13,,2024_04_13-10_16,2024_04_13-10_16-2,Sell,1000,IFA1/BN/NEMO/IFA2,2024-04-13T13:00:00,2024-04-13T14:00:00,2024-04-13T09:45:00,5,-54.31,-48.47,-51.42,1000,5428,371,210,195,224,,
2024-04-13T11:29:07,,2024_04_13-11_52,2024_04_13-11_52-1,Buy,1000,IFA1/BN/NEMO/IFA2,2024-04-13T14:00:00,2024-04-13T15:00:00,2024-04-13T11:20:00,-25,-17.45,-35.04,-26.53,1000,5486,231,95,142,532,,
2024-04-13T11:29:07,,2024_04_13-11_52,2024_04_13-11_52-2,Buy,998,IFA1/BN/NEMO/IFA2/EL,2024-04-13T15:00:00,2024-04-13T16:00:00,2024-04-13T11:20:00,-10,8.05,-31,-5.92,998,6199,275,192,191,340,,
2024-04-13T12:12:33,,2024_04_13-12_45,2024_04_13-12_45-1,Buy,1000,IFA1/BN/NEMO/IFA2,2024-04-13T14:00:00,2024-04-13T15:00:00,2024-04-13T12:10:00,-25,-1.14,-8.32,-4.61,1000,3860,190,323,74,413,,
2024-04-13T12:12:33,,2024_04_13-12_45,2024_04_13-12_45-2,Buy,850,IFA1/BN/NEMO/IFA2,2024-04-13T15:00:00,2024-04-13T16:00:00,2024-04-13T12:10:00,-10,9.05,5.24,7.72,850,3654,95,252,336,167,,
2024-04-13T14:28:52,,2024_04_13-14_56,2024_04_13-14_56-1,Buy,200,IFA1/BN/NEMO/IFA2,2024-04-13T16:00:00,2024-04-13T17:00:00,2024-04-13T14:25:00,5,10.42,6.92,8.38,200,1857,,,200,,,
2024-04-13T14:28:52,,2024_04_13-14_56,2024_04_13-14_56-2,Buy,100,BN/NEMO,2024-04-13T17:00:00,2024-04-13T18:00:00,2024-04-13T14:25:00,20,22.79,18.44,20.14,100,1495,,,100,,,
2024-04-13T14:28:52,,2024_04_13-14_56,2024_04_13-14_56-3,Buy,600,BN/NEMO,2024-04-13T18:00:00,2024-04-13T19:00:00,2024-04-13T14:25:00,20,37.67,34.5,36.74,600,2602,,75,525,,,
2024-04-13T14:28:52,,2024_04_13-14_56,2024_04_13-14_56-4,Buy,1000,BN/NEMO,2024-04-13T19:00:00,2024-04-13T20:00:00,2024-04-13T14:25:00,20,39.1,33.75,37.15,1000,2496,,579,421,,,
2024-04-13T14:28:52,,2024_04_13-14_56,2024_04_13-14_56-5,Buy,900,BN/NEMO,2024-04-13T20:00:00,2024-04-13T21:00:00,2024-04-13T14:25:00,15,23,20.5,21.98,900,2424,,368,532,,,
2024-04-13T21:00:22,,2024_04_13-21_22,2024_04_13-21_22-1,Sell,600,IFA1/IFA2/BN/NEMO/VKL,2024-04-13T23:00:00,2024-04-14T00:00:00,2024-04-13T20:50:00,20,-1.63,0.83,-0.56,600,2294,125,125,230,120,,
2024-04-13T21:00:22,,2024_04_13-21_22,2024_04_13-21_22-2,Sell,700,IFA1/IFA2/BN/NEMO/VKL,2024-04-14T00:00:00,2024-04-14T01:00:00,2024-04-13T20:50:00,20,-1.97,0.83,-0.72,700,2552,145,100,307,148,,
2024-04-13T23:27:05,,2024_04_13-23_44,2024_04_13-23_44-1,Sell,700,IFA1/IFA2/BN/NEMO/VKL,2024-04-14T01:00:00,2024-04-14T02:00:00,2024-04-13T23:15:00,20,-1.25,1.97,0.1,700,1597,157,51,67,425,,
2024-04-13T23:27:05,,2024_04_13-23_44,2024_04_13-23_44-2,Sell,1300,IFA1/IFA2/BN/NEMO/VKL,2024-04-14T02:00:00,2024-04-14T03:00:00,2024-04-13T23:15:00,20,-2,2.43,-0.47,1300,1895,516,50,151,583,,
2024-04-13T23:27:05,,2024_04_13-23_44,2024_04_13-23_44-3,Sell,1500,IFA1/IFA2/BN/NEMO/VKL,2024-04-14T03:00:00,2024-04-14T04:00:00,2024-04-13T23:15:00,20,-1.03,6.96,1.98,1500,1847,572,20,201,707,,
2024-04-13T23:27:05,,2024_04_13-23_44,2024_04_13-23_44-4,Sell,1200,IFA1/IFA2/BN/NEMO/VKL/EL,2024-04-14T04:00:00,2024-04-14T05:00:00,2024-04-13T23:15:00,20,3.56,7.98,5.39,1200,4187,466,,125,362,247,
2024-04-13T23:27:05,,2024_04_13-23_44,2024_04_13-23_44-5,Sell,2000,IFA1/IFA2/BN/NEMO/VKL/EL,2024-04-14T05:00:00,2024-04-14T06:00:00,2024-04-13T23:15:00,25,2.5,7.56,4.28,2000,4917,822,35,300,779,64,
2024-04-13T23:27:05,,2024_04_13-23_44,2024_04_13-23_44-6,Sell,2000,IFA1/IFA2/BN/NEMO/VKL/EL,2024-04-14T06:00:00,2024-04-14T07:00:00,2024-04-13T23:15:00,25,-1.66,4.14,0.2,2000,7702,1035,553,200,135,77,
2024-04-13T23:27:05,,2024_04_13-23_44,2024_04_13-23_44-7,Sell,1800,IFA1/IFA2/BN/NEMO/VKL/EL,2024-04-14T07:00:00,2024-04-14T08:00:00,2024-04-13T23:15:00,25,-10.25,-4.14,-8.06,1800,7690,886,300,427,100,87,
2024-04-13T23:27:05,,2024_04_13-23_44,2024_04_13-23_44-8,Sell,1400,IFA1/IFA2/BN/NEMO/VKL/EL,2024-04-14T08:00:00,2024-04-14T09:00:00,2024-04-13T23:15:00,25,-13.47,-7.08,-10.91,1400,7245,801,50,175,202,172,
2024-04-13T23:27:05,,2024_04_13-23_44,2024_04_13-23_44-9,Sell,1400,IFA1/IFA2/BN/NEMO/VKL/EL,2024-04-14T09:00:00,2024-04-14T10:00:00,2024-04-13T23:15:00,25,-24.05,-16.66,-21.3,1400,7235,700,23,175,502,,
2024-04-13T23:27:05,,2024_04_13-23_44,2024_04_13-23_44-10,Sell,1400,IFA1/IFA2/BN/NEMO/VKL/EL,2024-04-14T10:00:00,2024-04-14T11:00:00,2024-04-13T23:15:00,35,-39.61,-29.15,-35.2,1400,6983,615,,,600,185,
2024-04-14T09:02:53,,2024_04_14-09_17,2024_04_14-09_17-1,Sell,1500,IFA1/BN/NEMO/IFA2,2024-04-14T11:00:00,2024-04-14T12:00:00,2024-04-14T09:00:00,25,-70,-48.13,-57.35,1500,6277,795,,,705,,
2024-04-14T09:02:53,,2024_04_14-09_17,2024_04_14-09_17-2,Sell,1000,IFA1/BN/NEMO/IFA2,2024-04-14T12:00:00,2024-04-14T13:00:00,2024-04-14T09:00:00,7,-74.43,-61.42,-67.15,1000,6096,705,,,295,,
2024-04-14T09:02:53,,2024_04_14-09_17,2024_04_14-09_17-3,Sell,700,IFA1/BN/NEMO/IFA2,2024-04-14T13:00:00,2024-04-14T14:00:00,2024-04-14T09:00:00,3,-63.83,-57.1,-60.95,700,5887,400,101,4,195,,
2024-04-14T09:02:53,,2024_04_14-09_17,2024_04_14-09_17-4,Sell,300,IFA1/BN/NEMO/IFA2,2024-04-14T14:00:00,2024-04-14T15:00:00,2024-04-14T09:00:00,5,-12.44,-0.83,-6.93,300,5112,,300,,,,
2024-04-14T14:46:39,,2024_04_14-15_08,2024_04_14-15_08-1,Buy,230,BN/NEMO/VKL,2024-04-14T17:00:00,2024-04-14T18:00:00,2024-04-14T14:35:00,60,78.93,68,76.76,230,1535,,190,21,,,19
2024-04-14T14:46:39,,2024_04_14-15_08,2024_04_14-15_08-2,Buy,1230,BN/NEMO/VKL,2024-04-14T18:00:00,2024-04-14T19:00:00,2024-04-14T14:35:00,60,115,83.92,103.8,803,4284,,40,663,,,100
2024-04-14T14:46:39,,2024_04_14-15_08,2024_04_14-15_08-3,Buy,1230,BN/NEMO/VKL,2024-04-14T19:00:00,2024-04-14T20:00:00,2024-04-14T14:35:00,60,105.17,88.2,97.87,948,4282,,,848,,,100
2024-04-14T14:46:39,,2024_04_14-15_08,2024_04_14-15_08-4,Buy,330,BN/NEMO/VKL,2024-04-14T20:00:00,2024-04-14T21:00:00,2024-04-14T14:35:00,40,77.89,61.33,68.71,330,3418,,,330,,,
2024-04-14T18:27:32,,2024_04_14-18_33,2024_04_14-18_33-1,Sell,800,IFA1/IFA2/VKL,2024-04-14T21:00:00,2024-04-14T22:00:00,2024-04-14T18:25:00,36,5,47.26,19.31,800,2193,450,,,50,,300
2024-04-14T18:27:32,,2024_04_14-18_33,2024_04_14-18_33-2,Sell,800,EL,2024-04-14T22:00:00,2024-04-14T23:00:00,2024-04-14T18:25:00,23,-22.89,3.54,-3.12,800,1255,,,,,800,
2024-04-14T18:27:32,,2024_04_14-18_33,2024_04_14-18_33-3,Sell,800,EL,2024-04-14T23:00:00,2024-04-15T00:00:00,2024-04-14T18:25:00,17,-50.06,0.13,-22.36,800,805,,,,,800,
2024-04-14T18:27:32,,2024_04_14-18_33,2024_04_14-18_33-4,Sell,800,EL,2024-04-15T00:00:00,2024-04-15T01:00:00,2024-04-14T18:25:00,16,-38.1,0,-9.35,800,970,,,,,800,
2024-04-14T18:27:32,,2024_04_14-18_33,2024_04_14-18_33-5,Sell,800,EL,2024-04-15T01:00:00,2024-04-15T02:00:00,2024-04-14T18:25:00,15,-27.42,-1.66,-6.9,800,1247,,,,,800,
2024-04-14T18:27:32,,2024_04_14-18_33,2024_04_14-18_33-6,Sell,800,EL,2024-04-15T02:00:00,2024-04-15T03:00:00,2024-04-14T18:25:00,15,-27.42,-1.66,-8.68,800,1264,,,,,800,
2024-04-14T18:27:32,,2024_04_14-18_33,2024_04_14-18_33-7,Sell,800,EL,2024-04-15T03:00:00,2024-04-15T04:00:00,2024-04-14T18:25:00,14,-48,-1.66,-12.45,800,1038,,,,,800,
2024-04-14T18:27:32,,2024_04_14-18_33,2024_04_14-18_33-8,Sell,800,EL,2024-04-15T04:00:00,2024-04-15T05:00:00,2024-04-14T18:25:00,19,-38.1,0,-9.12,800,1105,,,,,800,
2024-04-14T18:27:32,,2024_04_14-18_33,2024_04_14-18_33-9,Sell,800,EL,2024-04-15T05:00:00,2024-04-15T06:00:00,2024-04-14T18:25:00,40,-4.1,5.87,2.86,800,1985,,,,,800,
2024-04-14T20:46:19,,2024_04_14-20_56,2024_04_14-20_56-1,Sell,300,IFA1/IFA2,2024-04-14T23:00:00,2024-04-15T00:00:00,2024-04-14T20:40:00,17,-7.55,-4.15,-5.86,300,1828,250,,,50,,
2024-04-14T20:46:19,,2024_04_14-20_56,2024_04_14-20_56-2,Sell,800,IFA1/IFA2,2024-04-15T00:00:00,2024-04-15T01:00:00,2024-04-14T20:40:00,16,-15.12,-6.25,-10.71,800,2277,400,,,400,,
2024-04-14T20:46:19,,2024_04_14-20_56,2024_04_14-20_56-3,Sell,1200,IFA1/IFA2,2024-04-15T01:00:00,2024-04-15T02:00:00,2024-04-14T20:40:00,15,-26.66,-5.78,-14,1200,2499,400,,,800,,
2024-04-14T20:46:19,,2024_04_14-20_56,2024_04_14-20_56-4,Sell,1200,IFA1/IFA2/NEMO,2024-04-15T02:00:00,2024-04-15T03:00:00,2024-04-14T20:40:00,15,-25.19,-5.06,-13.82,1200,2900,200,,200,800,,
2024-04-14T20:46:19,,2024_04_14-20_56,2024_04_14-20_56-5,Sell,1500,IFA1/IFA2/NEMO,2024-04-15T03:00:00,2024-04-15T04:00:00,2024-04-14T20:40:00,14,-34.99,-5.83,-17.56,1500,2610,200,,200,1100,,
2024-04-14T20:46:19,,2024_04_14-20_56,2024_04_14-20_56-6,Sell,1600,IFA1/IFA2/NEMO,2024-04-15T04:00:00,2024-04-15T05:00:00,2024-04-14T20:40:00,19,-34.62,4.16,-14.95,1600,2968,300,,100,1200,,
2024-04-14T20:46:19,,2024_04_14-20_56,2024_04_14-20_56-7,Sell,1400,IFA1/IFA2/NEMO,2024-04-15T05:00:00,2024-04-15T06:00:00,2024-04-14T20:40:00,40,-5.76,11.35,-2.03,1400,4322,882,,100,418,,
2024-04-15T13:14:22,,2024_04_15-13_38,2024_04_15-13_38-1,Buy,832,BN/VKL,2024-04-15T17:00:00,2024-04-15T18:00:00,2024-04-15T13:10:00,50,68.25,59.4,65.45,832,2165,,513,,,,319
2024-04-15T18:35:48,,2024_04_15-19_01,2024_04_15-19_01-1,Sell,900,IFA1/IFA2/EL,2024-04-15T22:00:00,2024-04-15T23:00:00,2024-04-15T18:30:00,20,-5.8,-0.94,-3.94,900,4029,220,,,530,150,
2024-04-15T18:35:48,,2024_04_15-19_01,2024_04_15-19_01-2,Sell,600,IFA1/IFA2/EL,2024-04-15T23:00:00,2024-04-16T00:00:00,2024-04-15T18:30:00,15,-7.86,-1.25,-5.18,600,3741,200,,,235,165,
2024-04-15T18:35:48,,2024_04_15-19_01,2024_04_15-19_01-3,Sell,600,IFA1/IFA2/EL,2024-04-16T00:00:00,2024-04-16T01:00:00,2024-04-15T18:30:00,15,-6.22,-1.25,-3.65,600,3939,270,,,180,150,
2024-04-15T18:35:48,,2024_04_15-19_01,2024_04_15-19_01-4,Sell,600,IFA1/IFA2/EL,2024-04-16T01:00:00,2024-04-16T02:00:00,2024-04-15T18:30:00,15,-2.51,-1.25,-2.28,600,4285,448,,,152,,
2024-04-15T18:35:48,,2024_04_15-19_01,2024_04_15-19_01-5,Sell,600,IFA1/IFA2/EL,2024-04-16T02:00:00,2024-04-16T03:00:00,2024-04-15T18:30:00,15,-5.06,-1.01,-3.43,600,4282,300,,,200,100,
2024-04-15T18:35:48,,2024_04_15-19_01,2024_04_15-19_01-6,Sell,600,IFA1/IFA2/EL,2024-04-16T03:00:00,2024-04-16T04:00:00,2024-04-15T18:30:00,20,-6.22,-1.24,-3.55,600,4229,320,,,130,150,
2024-04-15T22:34:04,,2024_04_15-23_02,2024_04_15-23_02-1,Sell,500,IFA1/IFA2/NEMO,2024-04-16T01:00:00,2024-04-16T02:00:00,2024-04-15T22:30:00,15,-1.66,1.51,-0.39,500,2536,200,,,300,,
2024-04-15T22:34:04,,2024_04_15-23_02,2024_04_15-23_02-2,Sell,700,IFA1/IFA2,2024-04-16T02:00:00,2024-04-16T03:00:00,2024-04-15T22:30:00,15,-8.3,-4.48,-7.15,700,2513,300,,,400,,
2024-04-15T22:34:04,,2024_04_15-23_02,2024_04_15-23_02-3,Sell,600,IFA1/IFA2,2024-04-16T03:00:00,2024-04-16T04:00:00,2024-04-15T22:30:00,15,-6.62,-2.96,-4.4,600,2509,350,,,250,,
2024-04-15T22:34:04,,2024_04_15-23_02,2024_04_15-23_02-4,Sell,1100,IFA1/IFA2/NEMO/EL,2024-04-16T04:00:00,2024-04-16T05:00:00,2024-04-15T22:30:00,20,-5.91,-0.83,-3.03,1100,5634,439,,,320,341,
2024-04-16T13:43:14,,2024_04_16-13_52,2024_04_16-13_52-1,Buy,800,BN,2024-04-16T16:00:00,2024-04-16T17:00:00,2024-04-16T13:20:00,40,0,0,0,0,1605,,,,,,
2024-04-16T13:43:14,,2024_04_16-13_52,2024_04_16-13_52-2,Buy,800,BN,2024-04-16T17:00:00,2024-04-16T18:00:00,2024-04-16T13:20:00,50,0,0,0,0,1797,,,,,,
2024-04-16T13:43:14,,2024_04_16-13_52,2024_04_16-13_52-3,Buy,800,BN,2024-04-16T18:00:00,2024-04-16T19:00:00,2024-04-16T13:20:00,70,0,0,0,0,1744,,,,,,
2024-04-16T13:43:14,,2024_04_16-13_52,2024_04_16-13_52-4,Buy,800,BN,2024-04-16T19:00:00,2024-04-16T20:00:00,2024-04-16T13:20:00,70,0,0,0,0,1109,,,,,,
2024-04-17T01:28:19,,2024_04_17-01_25,2024_04_17-01_25-1,Buy,1200,IFA1/BN/NEMO/IFA2/VKL,2024-04-17T05:00:00,2024-04-17T06:00:00,2024-04-17T01:20:00,50,136.36,113.44,126.26,1200,7197,603,20,257,320,,
2024-04-18T01:43:25,,2024_04_18-01_53,2024_04_18-01_53-1,Buy,750,VKL,2024-04-18T05:00:00,2024-04-18T06:00:00,2024-04-18T01:40:00,70,120.22,116.73,119.04,750,1351,,,,,,750
2024-04-18T01:43:25,,2024_04_18-01_53,2024_04_18-01_53-2,Buy,250,BN/NEMO/IFA1/IFA2,2024-04-18T05:00:00,2024-04-18T06:00:00,2024-04-18T01:40:00,70,111.8,109.13,110.75,250,3589,116,,,134,,
2024-04-18T01:43:25,,2024_04_18-01_53,2024_04_18-01_53-3,Buy,750,VKL,2024-04-18T06:00:00,2024-04-18T07:00:00,2024-04-18T01:40:00,80,113.38,108.19,111.51,750,3289,,,,,,750
2024-04-18T01:43:25,,2024_04_18-01_53,2024_04_18-01_53-4,Buy,650,BN/NEMO/IFA1/IFA2,2024-04-18T06:00:00,2024-04-18T07:00:00,2024-04-18T01:40:00,80,109.11,105.5,108.02,650,6215,,225,425,,,
2024-04-18T01:43:25,,2024_04_18-01_53,2024_04_18-01_53-5,Buy,1100,VKL/BN/NEMO,2024-04-18T07:00:00,2024-04-18T08:00:00,2024-04-18T01:40:00,65,90.17,83.2,87.32,1100,6316,,409,,,,691
2024-04-18T12:55:24,,2024_04_18-13_20,2024_04_18-13_20-1,Buy,2000,IFA1/IFA2/BN/NEMO/VKL,2024-04-18T17:00:00,2024-04-18T18:00:00,2024-04-18T12:45:00,70,101.32,90.55,97.44,2000,7506,90,643,950,,,317
2024-04-18T12:55:24,,2024_04_18-13_20,2024_04_18-13_20-2,Buy,2000,IFA1/IFA2/BN/NEMO/VKL/EL,2024-04-18T18:00:00,2024-04-18T19:00:00,2024-04-18T12:45:00,70,103.45,97.72,101.08,2000,10278,110,527,950,110,129,174
2024-04-18T12:55:24,,2024_04_18-13_20,2024_04_18-13_20-3,Buy,2000,IFA1/IFA2/BN/NEMO/VKL/EL,2024-04-18T19:00:00,2024-04-18T20:00:00,2024-04-18T12:45:00,65,89.62,83.6,86.68,2000,10172,50,757,610,50,49,484
2024-04-18T17:08:47,,2024_04_18-17_39,2024_04_18-17_39-1,Buy,500,IFA1/IFA2/BN/NEMO,2024-04-18T20:00:00,2024-04-18T21:00:00,2024-04-18T17:05:00,55,71.97,69.19,70.9,500,2482,100,202,198,,,
2024-04-18T17:08:47,,2024_04_18-17_39,2024_04_18-17_39-2,Buy,500,IFA1/IFA2/BN/NEMO,2024-04-18T21:00:00,2024-04-18T22:00:00,2024-04-18T17:05:00,45,64.3,61.96,62.84,500,2633,180,124,98,98,,
2024-04-18T17:08:47,,2024_04_18-17_39,2024_04_18-17_39-3,Buy,500,IFA1/IFA2/BN/NEMO/EL,2024-04-18T22:00:00,2024-04-18T23:00:00,2024-04-18T17:05:00,35,51.66,43.92,47.57,500,5319,200,,,202,98,
2024-04-19T20:10:29,,2024_04_19-20_22,2024_04_19-20_22-1,Sell,1500,IFA1/IFA2/BN/NEMO/VKL,2024-04-19T22:00:00,2024-04-19T23:00:00,2024-04-19T20:05:00,80,31.68,46,38.59,1500,5281,,774,,,,726
2024-04-19T20:10:29,,2024_04_19-20_22,2024_04_19-20_22-2,Sell,1600,IFA1/IFA2/BN/NEMO/VKL,2024-04-19T23:00:00,2024-04-20T00:00:00,2024-04-19T20:05:00,72,28.68,47,36.58,1600,5129,,571,,,,1029
2024-04-19T20:10:29,,2024_04_19-20_22,2024_04_19-20_22-3,Sell,1300,IFA1/IFA2/BN/NEMO/VKL,2024-04-20T00:00:00,2024-04-20T01:00:00,2024-04-19T20:05:00,78,32.19,44.5,37.86,1300,5100,,296,,,,1004
2024-04-19T20:10:29,,2024_04_19-20_22,2024_04_19-20_22-4,Sell,1500,IFA1/IFA2/BN/NEMO/VKL,2024-04-20T01:00:00,2024-04-20T02:00:00,2024-04-19T20:05:00,80,26.66,43.76,35.89,1500,5100,,380,,,,1120
2024-04-19T23:18:12,,2024_04_19-23_35,2024_04_19-23_35-1,Sell,1800,IFA1/IFA2/BN/NEMO/VKL,2024-04-20T02:00:00,2024-04-20T03:00:00,2024-04-19T23:15:00,76,13.41,41.95,25.44,1800,5058,,750,,,,1050
2024-04-19T23:18:12,,2024_04_19-23_35,2024_04_19-23_35-2,Sell,2000,IFA1/IFA2/BN/NEMO/VKL,2024-04-20T03:00:00,2024-04-20T04:00:00,2024-04-19T23:15:00,70,14.04,42.81,28.62,2000,5210,,777,75,,,1148
2024-04-19T23:18:12,,2024_04_19-23_35,2024_04_19-23_35-3,Sell,2000,IFA1/IFA2/BN/NEMO/VKL,2024-04-20T04:00:00,2024-04-20T05:00:00,2024-04-19T23:15:00,72,14.04,44.52,30.36,2000,6598,,852,75,,,1073
2024-04-19T23:18:12,,2024_04_19-23_35,2024_04_19-23_35-4,Sell,1500,IFA1/IFA2/BN/NEMO/VKL,2024-04-20T05:00:00,2024-04-20T06:00:00,2024-04-19T23:15:00,84,24.54,47.66,39.19,1500,6236,,503,,,,997
2024-04-20T08:38:01,,2024_04_20-08_56,2024_04_20-08_56-1,Sell,1000,IFA1/IFA2/BN/NEMO/VKL,2024-04-20T10:00:00,2024-04-20T11:00:00,2024-04-20T08:30:00,85,-8.95,17.01,4.11,1000,6333,,976,24,,,
2024-04-20T08:38:01,,2024_04_20-08_56,2024_04_20-08_56-2,Sell,1400,IFA1/IFA2/BN/NEMO/VKL,2024-04-20T11:00:00,2024-04-20T12:00:00,2024-04-20T08:30:00,85,-4.28,8.31,1.18,1400,6632,50,150,24,100,,1076
2024-04-20T08:38:01,,2024_04_20-08_56,2024_04_20-08_56-3,Sell,1900,IFA1/IFA2/BN/NEMO/VKL/EL,2024-04-20T12:00:00,2024-04-20T13:00:00,2024-04-20T08:30:00,80,-9.3,6.64,-2.67,1900,7069,128,132,135,250,55,1200
2024-04-20T08:38:01,,2024_04_20-08_56,2024_04_20-08_56-4,Sell,1000,IFA1/IFA2/BN/NEMO/VKL/EL,2024-04-20T13:00:00,2024-04-20T14:00:00,2024-04-20T08:30:00,75,-0.29,15.22,4.77,1000,6982,,,,,,1000
2024-04-20T08:38:01,,2024_04_20-08_56,2024_04_20-08_56-5,Sell,1000,IFA1/IFA2/BN/NEMO/VKL/EL,2024-04-20T14:00:00,2024-04-20T15:00:00,2024-04-20T08:30:00,75,24.05,28.14,25.52,1000,9323,,,,,,1000
2024-04-20T11:57:14,,2024_04_20-12_31,2024_04_20-12_31-1,Sell,200,IFA1/IFA2/BN/NEMO/VKL,2024-04-20T14:00:00,2024-04-20T15:00:00,2024-04-20T11:55:00,75,16.59,20.04,17.99,200,3126,,,,,,200
2024-04-20T11:57:14,,2024_04_20-12_31,2024_04_20-12_31-2,Sell,900,IFA1/IFA2/BN/NEMO/VKL,2024-04-20T15:00:00,2024-04-20T16:00:00,2024-04-20T11:55:00,90,34.6,39.73,37.48,900,6140,,,,,,900
2024-04-20T19:57:11,,2024_04_20-20_26,2024_04_20-20_26-1,Sell,1000,IFA1/IFA2/NEMO/BN/VKL,2024-04-20T22:00:00,2024-04-20T23:00:00,2024-04-20T19:50:00,90,52.11,58.53,53.72,1000,6343,,479,,,,521
2024-04-20T19:57:11,,2024_04_20-20_26,2024_04_20-20_26-2,Sell,1000,IFA1/IFA2/NEMO/BN/VKL,2024-04-20T23:00:00,2024-04-21T00:00:00,2024-04-20T19:50:00,85,43.86,48.94,45.68,1000,5810,,152,,,,848
2024-04-20T19:57:11,,2024_04_20-20_26,2024_04_20-20_26-3,Sell,1000,IFA1/IFA2/NEMO/BN/VKL,2024-04-21T00:00:00,2024-04-21T01:00:00,2024-04-20T19:50:00,80,40.42,49,42.84,1000,5871,,452,100,,,448
2024-04-20T22:31:59,,2024_04_20-22_51,2024_04_20-22_51-1,Sell,1000,IFA1/IFA2/BN/VKL/NEMO,2024-04-21T01:00:00,2024-04-21T02:00:00,2024-04-20T22:25:00,80,42.33,47.58,44.7,1000,4799,,349,,,,651
2024-04-20T22:31:59,,2024_04_20-22_51,2024_04_20-22_51-2,Sell,1000,IFA1/IFA2/BN/VKL/NEMO,2024-04-21T02:00:00,2024-04-21T03:00:00,2024-04-20T22:25:00,80,42,46.75,44.4,1000,5030,,404,,,,596
2024-04-20T22:31:59,,2024_04_20-22_51,2024_04_20-22_51-3,Sell,1000,IFA1/IFA2/BN/VKL/NEMO,2024-04-21T03:00:00,2024-04-21T04:00:00,2024-04-20T22:25:00,80,42.33,47.58,44.52,1000,5194,,404,,,,596
2024-04-20T22:31:59,,2024_04_20-22_51,2024_04_20-22_51-4,Sell,1000,IFA1/IFA2/BN/VKL/NEMO/EL,2024-04-21T04:00:00,2024-04-21T05:00:00,2024-04-20T22:25:00,75,42.81,48.42,45.28,1000,5804,,370,,,,630
2024-04-20T22:31:59,,2024_04_20-22_51,2024_04_20-22_51-5,Sell,1000,IFA1/IFA2/BN/VKL/NEMO/EL,2024-04-21T05:00:00,2024-04-21T06:00:00,2024-04-20T22:25:00,75,43,46.75,44.52,1000,6238,,270,,,,730
2024-04-20T22:31:59,,2024_04_20-22_51,2024_04_20-22_51-6,Sell,700,IFA1/IFA2/BN/VKL/NEMO/EL,2024-04-21T06:00:00,2024-04-21T07:00:00,2024-04-20T22:25:00,75,39.76,44.18,41.78,700,5829,,,,,,700
2024-04-21T08:29:22,,2024_04_21-08_55,2024_04_21-08_55-1,Sell,700,IFA1/IFA2/BN/NEMO,2024-04-21T10:00:00,2024-04-21T11:00:00,2024-04-21T08:25:00,83,-14.12,-12.53,-13.19,700,5031,576,,,124,,
2024-04-21T08:29:22,,2024_04_21-08_55,2024_04_21-08_55-2,Sell,700,IFA1/IFA2/BN/NEMO,2024-04-21T11:00:00,2024-04-21T12:00:00,2024-04-22T08:25:00,94,-21.84,-17.59,-18.88,700,5211,390,,,310,,
2024-04-21T08:29:22,,2024_04_21-08_55,2024_04_21-08_55-3,Sell,1000,IFA1/IFA2/BN/NEMO/EL,2024-04-21T12:00:00,2024-04-21T13:00:00,2024-04-23T08:25:00,86,-26.35,-21.78,-24.04,1000,6589,550,,50,400,,
2024-04-21T08:29:22,,2024_04_21-08_55,2024_04_21-08_55-4,Sell,1000,IFA1/IFA2/BN/NEMO/EL,2024-04-21T13:00:00,2024-04-21T14:00:00,2024-04-24T08:25:00,86,-21.63,-16.75,-18.79,1000,6589,592,,,400,8,
2024-04-21T08:29:22,,2024_04_21-08_55,2024_04_21-08_55-5,Sell,700,IFA1/IFA2/BN/NEMO/EL,2024-04-21T14:00:00,2024-04-21T15:00:00,2024-04-25T08:25:00,82,-15.21,-12.81,-14.65,700,7313,350,,50,300,,
2024-04-22T00:47:53,,2024_04_22-01_18,2024_04_22-01_18-1,Buy,400,IFA1/BN/NEMO/IFA2/EL/VKL,2024-04-22T05:00:00,2024-04-22T06:00:00,2024-04-22T00:45:00,79,118.75,118.75,118.75,400,4328,,,400,,,
2024-04-22T00:47:53,,2024_04_22-01_18,2024_04_22-01_18-2,Buy,1400,IFA1/BN/NEMO/IFA2/EL/VKL,2024-04-22T06:00:00,2024-04-22T07:00:00,2024-04-22T00:45:00,80,122.27,117,120.32,1400,8983,,325,677,48,100,250
2024-04-22T12:58:03,,2024_04_22-13_21,2024_04_22-13_21-1,Buy,1000,BN/VKL,2024-04-22T16:00:00,2024-04-22T17:00:00,2024-04-22T12:55:00,80,116.49,105.31,111.83,1000,2667,,986,,,,14
2024-04-22T12:58:03,,2024_04_22-13_21,2024_04_22-13_21-2,Buy,1000,BN/NEMO/VKL,2024-04-22T17:00:00,2024-04-22T18:00:00,2024-04-22T12:55:00,95,131.22,119.56,126.07,1000,6532,,311,689,,,
2024-04-22T12:58:03,,2024_04_22-13_21,2024_04_22-13_21-3,Buy,1000,BN/NEMO/VKL,2024-04-22T18:00:00,2024-04-22T19:00:00,2024-04-22T12:55:00,90,158.74,138,149.29,1000,6657,,286,714,,,
2024-04-22T12:58:03,,2024_04_22-13_21,2024_04_22-13_21-4,Buy,1000,BN/NEMO/VKL,2024-04-22T19:00:00,2024-04-22T20:00:00,2024-04-22T12:55:00,85,138.7,124.2,129.2,1000,6749,,127,873,,,
2024-04-23T01:38:24,,2024_04_23-01_51,2024_04_23-01_51-1,Buy,1310,IFA1/BN/NEMO/IFA2/VKL,2024-04-23T04:00:00,2024-04-23T05:00:00,2024-04-23T01:35:00,60,84.28,79.87,82.49,1310,7759,759,,220,331,,
2024-04-23T01:38:24,,2024_04_23-01_51,2024_04_23-01_51-2,Buy,1000,IFA1/BN/NEMO/IFA2/VKL,2024-04-23T05:00:00,2024-04-23T06:00:00,2024-04-23T01:35:00,83,121.28,113.74,118.27,1000,8629,498,,75,427,,
2024-04-23T01:38:24,,2024_04_23-01_51,2024_04_23-01_51-3,Buy,1140,IFA1/BN/NEMO/IFA2/VKL,2024-04-23T06:00:00,2024-04-23T07:00:00,2024-04-23T01:35:00,81,123.51,115.86,119.95,1140,11220,625,,,515,,
2024-04-24T00:51:48,,2024_04_24-01_19,2024_04_24-01_19-1,Buy,1300,IFA1/BN/NEMO/IFA2/EL,2024-04-24T06:00:00,2024-04-24T07:00:00,2024-04-24T00:50:00,75,105.82,98,104.01,1300,7106,125,497,479,199,,
